Pathway identifier,Pathway name,#Entities found,#Entities total,Entities ratio,Entities pValue,Entities FDR,#Reactions found,#Reactions total,Reactions ratio,Species identifier,Species name,Submitted entities found,Mapped entities,Found reaction identifiers
R-HSA-9006934,"Signaling by Receptor Tyrosine Kinases",31,634,0.039012983816380534,3.86120421747016E-7,4.467413279612975E-4,181,759,0.04717508856983032,9606,Homo sapiens,"LAMA5;EGR2;LAMB2;ROCK2;STAT1;TNK2;PRKCE;SRF;ITPR1;PTPRK;ESR1;PTPRF;EGFR;MAPK13;NCSTN;PPP2R1A;GRB10;COL6A3;PTK2B;KRAS;TRIB3;FGFR2","","R-HSA-177922;R-HSA-5654614;R-HSA-177923;R-HSA-5654615;R-HSA-171011;R-HSA-8848005;R-HSA-5654612;R-HSA-6785636;R-HSA-1295632;R-HSA-177926;R-HSA-177927;R-HSA-177924;R-HSA-5654608;R-HSA-177925;R-HSA-177930;R-HSA-9613210;R-HSA-5654622;R-HSA-183051;R-HSA-5654620;R-HSA-9032067;R-HSA-177934;R-HSA-5654618;R-HSA-177935;R-HSA-183055;R-HSA-177933;R-HSA-9613213;R-HSA-177938;R-HSA-183058;R-HSA-171026;R-HSA-177939;R-HSA-177936;R-HSA-9612672;R-HSA-177937;R-HSA-177942;R-HSA-199959;R-HSA-177943;R-HSA-1295622;R-HSA-9603719;R-HSA-177941;R-HSA-6785648;R-HSA-183067;R-HSA-5654607;R-HSA-177944;R-HSA-177945;R-HSA-5654605;R-HSA-5654603;R-HSA-5654600;R-HSA-1963581;R-HSA-5654647;R-HSA-183072;R-HSA-8851877;R-HSA-1963582;R-HSA-9036970;R-HSA-1963578;R-HSA-5654399;R-HSA-1470012;R-HSA-5654397;R-HSA-1470010;R-HSA-183084;R-HSA-5654392;R-HSA-1470009;R-HSA-190258;R-HSA-9613219;R-HSA-183089;R-HSA-9031610;R-HSA-1963563;R-HSA-9613476;R-HSA-190260;R-HSA-8851899;R-HSA-1306963;R-HSA-1251922;R-HSA-9031624;R-HSA-5218830;R-HSA-5218826;R-HSA-1306965;R-HSA-9031616;R-HSA-8951490;R-HSA-1306972;R-HSA-9612509;R-HSA-9612483;R-HSA-5218845;R-HSA-1963589;R-HSA-5218836;R-HSA-1250383;R-HSA-1306957;R-HSA-1963586;R-HSA-9612493;R-HSA-8867047;R-HSA-5686071;R-HSA-382054;R-HSA-8867044;R-HSA-9612534;R-HSA-1433456;R-HSA-8867041;R-HSA-1433471;R-HSA-380782;R-HSA-5218851;R-HSA-9612514;R-HSA-5654562;R-HSA-9612516;R-HSA-5686318;R-HSA-1977959;R-HSA-1251944;R-HSA-3928647;R-HSA-9842665;R-HSA-1250195;R-HSA-109699;R-HSA-109700;R-HSA-1433501;R-HSA-1250463;R-HSA-1251997;R-HSA-5228992;R-HSA-934559;R-HSA-9851407;R-HSA-8864029;R-HSA-5654729;R-HSA-1250486;R-HSA-8941613;R-HSA-8934446;R-HSA-1250488;R-HSA-9674531;R-HSA-8941628;R-HSA-8941618;R-HSA-110011;R-HSA-8863804;R-HSA-182969;R-HSA-9612073;R-HSA-5218804;R-HSA-9612076;R-HSA-8941623;R-HSA-9026891;R-HSA-5654677;R-HSA-182986;R-HSA-190408;R-HSA-182990;R-HSA-5654426;R-HSA-190413;R-HSA-182994;R-HSA-5654406;R-HSA-186834;R-HSA-1250498;R-HSA-5654407;R-HSA-169683;R-HSA-5654663;R-HSA-5654404;R-HSA-74707;R-HSA-169680;R-HSA-182993;R-HSA-5654402;R-HSA-5654147;R-HSA-8954207;R-HSA-183002;R-HSA-8874079;R-HSA-5654159;R-HSA-5654157;R-HSA-5654413;R-HSA-8954199;R-HSA-212706;R-HSA-1254386;R-HSA-212710;R-HSA-8954208;R-HSA-170986;R-HSA-212713;R-HSA-1295609;R-HSA-1254392;R-HSA-1549564;R-HSA-74733;R-HSA-9612671;R-HSA-8864105;R-HSA-109807;R-HSA-1295613;R-HSA-198640;R-HSA-8851827;R-HSA-74740;R-HSA-109817;R-HSA-8864125;R-HSA-5654701;R-HSA-8847995;R-HSA-1295599;R-HSA-183036;R-HSA-5654697"
R-HSA-1226099,"Signaling by FGFR in disease",10,82,0.005045843332717986,2.6069078132850976E-6,0.0015067927160787864,47,99,0.006153272422151781,9606,Homo sapiens,"BCR;STAT1;KRAS;FGFR2","","R-HSA-8853319;R-HSA-2029983;R-HSA-1839065;R-HSA-8853313;R-HSA-1839067;R-HSA-5655326;R-HSA-5654748;R-HSA-5655323;R-HSA-2033490;R-HSA-5655320;R-HSA-8853320;R-HSA-2033488;R-HSA-2033486;R-HSA-5655301;R-HSA-1839112;R-HSA-1839114;R-HSA-5655233;R-HSA-2033479;R-HSA-1839110;R-HSA-1888198;R-HSA-5655245;R-HSA-2033474;R-HSA-2067713;R-HSA-1839107;R-HSA-5655241;R-HSA-2033472;R-HSA-1839100;R-HSA-1839102;R-HSA-1839039;R-HSA-5655347;R-HSA-1839098;R-HSA-1839094;R-HSA-1839031;R-HSA-1839095;R-HSA-1839091;R-HSA-2077424;R-HSA-5655268;R-HSA-1839080;R-HSA-2029992;R-HSA-5655343;R-HSA-8851710;R-HSA-1839078;R-HSA-2029988;R-HSA-2029989;R-HSA-5655277;R-HSA-5655339;R-HSA-2029984"
R-HSA-5655253,"Signaling by FGFR2 in disease",8,58,0.003569011137776137,1.1002315513208849E-5,0.004235891472585407,27,28,0.0017403194729318167,9606,Homo sapiens,"KRAS;FGFR2","","R-HSA-8853319;R-HSA-2029983;R-HSA-8853313;R-HSA-5654748;R-HSA-5655323;R-HSA-2033490;R-HSA-5655320;R-HSA-8853320;R-HSA-2033488;R-HSA-2033486;R-HSA-5655301;R-HSA-5655233;R-HSA-2033479;R-HSA-5655245;R-HSA-2033474;R-HSA-2067713;R-HSA-5655241;R-HSA-2033472;R-HSA-2077424;R-HSA-5655268;R-HSA-2029992;R-HSA-5655343;R-HSA-8851710;R-HSA-2029988;R-HSA-2029989;R-HSA-5655339;R-HSA-2029984"
R-HSA-5654699,"SHC-mediated cascade:FGFR2",6,33,0.0020306442680450435,3.111781468201347E-5,0.006140803880917423,4,4,2.486170675616881E-4,9606,Homo sapiens,"KRAS;FGFR2","","R-HSA-5654406;R-HSA-5654407;R-HSA-5654404;R-HSA-5654402"
R-HSA-5663202,"Diseases of signal transduction by growth factor receptors and second messengers",24,536,0.032982585687034646,3.456224420750331E-5,0.006140803880917423,189,516,0.03207160171545777,9606,Homo sapiens,"KSR1;STAT1;RRBP1;ESR1;DUSP9;EGFR;BCR;NCSTN;DUSP10;PPP2R1A;PIM1;KRAS;FGFR2","","R-HSA-9656211;R-HSA-9656209;R-HSA-1218833;R-HSA-9656215;R-HSA-9664918;R-HSA-9656214;R-HSA-9656213;R-HSA-9656212;R-HSA-4839746;R-HSA-1226014;R-HSA-1226012;R-HSA-1220610;R-HSA-9665411;R-HSA-5339713;R-HSA-1248002;R-HSA-1220611;R-HSA-9665410;R-HSA-9665409;R-HSA-9665408;R-HSA-1839112;R-HSA-1220614;R-HSA-9665415;R-HSA-1839114;R-HSA-1220612;R-HSA-9665413;R-HSA-1220613;R-HSA-1839110;R-HSA-9665417;R-HSA-9665416;R-HSA-1169421;R-HSA-2067713;R-HSA-1839107;R-HSA-9664950;R-HSA-2400009;R-HSA-9665699;R-HSA-9665698;R-HSA-9665697;R-HSA-1226016;R-HSA-9665701;R-HSA-9664933;R-HSA-9665700;R-HSA-9665707;R-HSA-9665706;R-HSA-9665705;R-HSA-9665704;R-HSA-9665709;R-HSA-9664940;R-HSA-9664976;R-HSA-9664983;R-HSA-6803234;R-HSA-6803233;R-HSA-5655326;R-HSA-9664991;R-HSA-9672159;R-HSA-5655323;R-HSA-2033490;R-HSA-5655320;R-HSA-2033488;R-HSA-6803240;R-HSA-2033486;R-HSA-5655301;R-HSA-2033479;R-HSA-2033474;R-HSA-2033472;R-HSA-9665009;R-HSA-9672176;R-HSA-5655347;R-HSA-8936676;R-HSA-9672163;R-HSA-1247842;R-HSA-1247841;R-HSA-1247844;R-HSA-5655343;R-HSA-8851710;R-HSA-9672170;R-HSA-6803230;R-HSA-9665000;R-HSA-6803227;R-HSA-5655339;R-HSA-4839734;R-HSA-6802919;R-HSA-2029983;R-HSA-6802918;R-HSA-9670417;R-HSA-6802916;R-HSA-9670416;R-HSA-6802915;R-HSA-9703441;R-HSA-6802914;R-HSA-6802912;R-HSA-6802926;R-HSA-9670426;R-HSA-5654748;R-HSA-6802925;R-HSA-6802924;R-HSA-6802922;R-HSA-6802921;R-HSA-6802935;R-HSA-9851142;R-HSA-6802934;R-HSA-6802933;R-HSA-8936731;R-HSA-6802932;R-HSA-5655233;R-HSA-6802943;R-HSA-9703436;R-HSA-9665034;R-HSA-6802942;R-HSA-6802941;R-HSA-4839635;R-HSA-9665032;R-HSA-5655245;R-HSA-4839634;R-HSA-1248655;R-HSA-2220988;R-HSA-6802937;R-HSA-5655241;R-HSA-4839638;R-HSA-9670412;R-HSA-1839039;R-HSA-9664567;R-HSA-4791278;R-HSA-1839031;R-HSA-5638137;R-HSA-5655268;R-HSA-4827388;R-HSA-1248677;R-HSA-2029992;R-HSA-9670436;R-HSA-6802911;R-HSA-6802910;R-HSA-2029988;R-HSA-2029989;R-HSA-5655277;R-HSA-6802908;R-HSA-2029984;R-HSA-8853319;R-HSA-9700181;R-HSA-9652816;R-HSA-9651280;R-HSA-1839065;R-HSA-8853313;R-HSA-1839067;R-HSA-9700179;R-HSA-1225947;R-HSA-1225950;R-HSA-1225951;R-HSA-1225949;R-HSA-8853320;R-HSA-5637766;R-HSA-5637764;R-HSA-5637765;R-HSA-1888198;R-HSA-5637770;R-HSA-9664588;R-HSA-1839100;R-HSA-9634418;R-HSA-1839102;R-HSA-1839098;R-HSA-5637808;R-HSA-1225978;R-HSA-1839094;R-HSA-1839095;R-HSA-1247999;R-HSA-9665407;R-HSA-9665406;R-HSA-1839091;R-HSA-9665404;R-HSA-2077424;R-HSA-5637798;R-HSA-5637796;R-HSA-1225952;R-HSA-6802837;R-HSA-1839080;R-HSA-5637794;R-HSA-5637795;R-HSA-6802834;R-HSA-5637792;R-HSA-1225956;R-HSA-1225957;R-HSA-5637806;R-HSA-1839078;R-HSA-1225960;R-HSA-1225961;R-HSA-5637800;R-HSA-9665389;R-HSA-9695853;R-HSA-5637801;R-HSA-9665388"
R-HSA-5654700,"FRS-mediated FGFR2 signaling",6,34,0.0020921789428342873,3.668116551458489E-5,0.006140803880917423,9,9,5.593884020137983E-4,9606,Homo sapiens,"KRAS;FGFR2","","R-HSA-5654615;R-HSA-5654608;R-HSA-5654607;R-HSA-5654399;R-HSA-8941618;R-HSA-5654605;R-HSA-5654397;R-HSA-5654618;R-HSA-5654603"
R-HSA-9009391,"Extra-nuclear estrogen signaling",10,112,0.006891883576395298,3.721699321768135E-5,0.006140803880917423,24,39,0.002424016408726459,9606,Homo sapiens,"GNB2;SRF;GNB3;KRAS;ESR1;EGFR;GNAI2","","R-HSA-9021609;R-HSA-9624272;R-HSA-9625814;R-HSA-9632918;R-HSA-9632182;R-HSA-9021068;R-HSA-9633044;R-HSA-9021601;R-HSA-9021600;R-HSA-9634584;R-HSA-9625465;R-HSA-9632412;R-HSA-9021050;R-HSA-9021596;R-HSA-9021660;R-HSA-9625479;R-HSA-9625482;R-HSA-9632906;R-HSA-9021072;R-HSA-9021170;R-HSA-9632910;R-HSA-9625487;R-HSA-9021079;R-HSA-9027670"
R-HSA-74751,"Insulin receptor signalling cascade",8,72,0.004430496584825549,5.0255405059096425E-5,0.007236778328509885,7,25,0.0015538566722605508,9606,Homo sapiens,"GRB10;TRIB3;KRAS;FGFR2","","R-HSA-109699;R-HSA-74707;R-HSA-74740;R-HSA-109700;R-HSA-109817;R-HSA-110011;R-HSA-109807"
R-HSA-199418,"Negative regulation of the PI3K/AKT network",11,145,0.008922527844440342,6.56823598141898E-5,0.008407342056216294,6,10,6.215426689042203E-4,9606,Homo sapiens,"IRAK1;PPP2R1A;TRIB3;ESR1;FGFR2;EGFR","","R-HSA-199443;R-HSA-2316434;R-HSA-8857925;R-HSA-6811472;R-HSA-6811504;R-HSA-6811454"
R-HSA-8851708,"Signaling by FGFR2 IIIa TM",5,24,0.0014768321949418497,7.665056466621412E-5,0.008814814936614623,2,2,1.2430853378084405E-4,9606,Homo sapiens,"FGFR2","","R-HSA-8851710;R-HSA-8853320"
R-HSA-3000178,"ECM proteoglycans",8,79,0.004861239308350256,9.502883993139921E-5,0.009515697458795103,7,23,0.0014295481384797065,9606,Homo sapiens,"LAMA5;MUSK;LAMB2;COL6A3;ITGA7;PTPRF","","R-HSA-2467633;R-HSA-2327909;R-HSA-2396124;R-HSA-2681667;R-HSA-2465883;R-HSA-2467659;R-HSA-2466106"
R-HSA-74752,"Signaling by Insulin receptor",9,102,0.006276536828502861,9.912184852911565E-5,0.009515697458795103,8,34,0.002113245074274349,9606,Homo sapiens,"GRB10;TRIB3;KRAS;FGFR2;PTPRF","","R-HSA-109699;R-HSA-74707;R-HSA-74740;R-HSA-109700;R-HSA-109817;R-HSA-110011;R-HSA-74733;R-HSA-109807"
R-HSA-5654696,"Downstream signaling of activated FGFR2",6,42,0.002584456341148237,1.1595394669206005E-4,0.010319901255593344,22,23,0.0014295481384797065,9606,Homo sapiens,"KRAS;FGFR2","","R-HSA-5654614;R-HSA-5654615;R-HSA-5654612;R-HSA-5654608;R-HSA-5654622;R-HSA-5654399;R-HSA-5654620;R-HSA-5654397;R-HSA-5654618;R-HSA-5654406;R-HSA-5654407;R-HSA-5654404;R-HSA-5654402;R-HSA-5654147;R-HSA-5654607;R-HSA-5654159;R-HSA-8941618;R-HSA-5654701;R-HSA-5654605;R-HSA-5654157;R-HSA-5654603;R-HSA-5654697"
R-HSA-1839126,"FGFR2 mutant receptor activation",6,43,0.002645991015937481,1.3160169832560076E-4,0.010791339262699262,17,18,0.0011187768040275966,9606,Homo sapiens,"FGFR2","","R-HSA-8853319;R-HSA-2029983;R-HSA-8853313;R-HSA-2033490;R-HSA-8853320;R-HSA-2077424;R-HSA-2033488;R-HSA-2033486;R-HSA-2029992;R-HSA-2033479;R-HSA-8851710;R-HSA-2029988;R-HSA-2029989;R-HSA-2033474;R-HSA-2029984;R-HSA-2067713;R-HSA-2033472"
R-HSA-112399,"IRS-mediated signalling",7,65,0.003999753861300843,1.7902518942525258E-4,0.012889813638618186,3,9,5.593884020137983E-4,9606,Homo sapiens,"TRIB3;KRAS;FGFR2","","R-HSA-109699;R-HSA-109700;R-HSA-109817"
R-HSA-6811558,"PI5P, PP2A and IER3 Regulate PI3K/AKT Signaling",10,137,0.008430250446126393,1.9058825484519204E-4,0.012960001329473059,5,7,4.350798682329542E-4,9606,Homo sapiens,"IRAK1;PPP2R1A;ESR1;FGFR2;EGFR","","R-HSA-2316434;R-HSA-8857925;R-HSA-6811472;R-HSA-6811504;R-HSA-6811454"
R-HSA-3000157,"Laminin interactions",5,31,0.0019075749184665558,2.494116673943392E-4,0.01504901309123663,12,15,9.323140033563305E-4,9606,Homo sapiens,"LAMA5;LAMB2;ITGA1;ITGA7","","R-HSA-216051;R-HSA-2426676;R-HSA-2328145;R-HSA-216048;R-HSA-4084507;R-HSA-2426530;R-HSA-4084505;R-HSA-3907292;R-HSA-2426450;R-HSA-2396083;R-HSA-2327803;R-HSA-216058"
R-HSA-2428928,"IRS-related events triggered by IGF1R",7,69,0.0042458925604578176,2.562901434615128E-4,0.01504901309123663,3,12,7.458512026850643E-4,9606,Homo sapiens,"TRIB3;KRAS;FGFR2","","R-HSA-109699;R-HSA-109700;R-HSA-109817"
R-HSA-5675221,"Negative regulation of MAPK pathway",6,49,0.0030151990646729433,2.640177735304672E-4,0.01504901309123663,8,17,0.0010566225371371745,9606,Homo sapiens,"DUSP10;KSR1;PPP2R1A;KRAS;DUSP9","","R-HSA-5674022;R-HSA-5675431;R-HSA-5674018;R-HSA-5674019;R-HSA-5675376;R-HSA-5675373;R-HSA-5675433;R-HSA-5675417"
R-HSA-2428924,"IGF1R signaling cascade",7,72,0.004430496584825549,3.302422110494918E-4,0.01816332160772205,4,17,0.0010566225371371745,9606,Homo sapiens,"TRIB3;KRAS;FGFR2","","R-HSA-109699;R-HSA-109700;R-HSA-109817;R-HSA-5686318"
R-HSA-2404192,"Signaling by Type 1 Insulin-like Growth Factor 1 Receptor (IGF1R)",7,73,0.004492031259614793,3.5837731267573947E-4,0.018635620259138452,4,19,0.0011809310709180185,9606,Homo sapiens,"TRIB3;KRAS;FGFR2","","R-HSA-109699;R-HSA-109700;R-HSA-109817;R-HSA-5686318"
R-HSA-9754706,"Atorvastatin ADME",4,20,0.0012306934957848747,4.750894634031333E-4,0.023754473170156665,5,12,7.458512026850643E-4,9606,Homo sapiens,"PON3;ABCC2;ABCB4;SLCO1B3","","R-HSA-9756150;R-HSA-9756177;R-HSA-9757010;R-HSA-9757139;R-HSA-9756136"
R-HSA-9675108,"Nervous system development",23,603,0.03710540889791397,4.977967715733556E-4,0.023894245035521067,53,322,0.020013673938715892,9606,Homo sapiens,"EGR2;HSP90AB1;PLXND1;LAMB2;ROCK2;ITGA1;ITSN1;MYO9B;KALRN;EGFR;CACNA1I;NCSTN;GJB1;ABLIM3;KCNQ2;GRB10;COL6A3;KRAS;SCN1A","","R-HSA-525833;R-HSA-3928632;R-HSA-9615638;R-HSA-443778;R-HSA-9621399;R-HSA-419087;R-HSA-9621400;R-HSA-445069;R-HSA-9621406;R-HSA-9621404;R-HSA-3928617;R-HSA-3928616;R-HSA-9615626;R-HSA-3928612;R-HSA-3928601;R-HSA-3928600;R-HSA-445088;R-HSA-9614773;R-HSA-9614778;R-HSA-434990;R-HSA-3928595;R-HSA-9680443;R-HSA-416683;R-HSA-9621410;R-HSA-9621411;R-HSA-416690;R-HSA-418865;R-HSA-9618725;R-HSA-419644;R-HSA-3928577;R-HSA-419645;R-HSA-3928576;R-HSA-9619666;R-HSA-9619667;R-HSA-9619668;R-HSA-9614787;R-HSA-9613760;R-HSA-9614790;R-HSA-9613768;R-HSA-9619657;R-HSA-9616116;R-HSA-9615477;R-HSA-375151;R-HSA-3928656;R-HSA-9618559;R-HSA-373739;R-HSA-419049;R-HSA-392054;R-HSA-8985594;R-HSA-419197;R-HSA-8853753;R-HSA-8985591;R-HSA-3928644"
R-HSA-8866910,"TFAP2 (AP-2) family regulates transcription of growth factors and their receptors",4,21,0.0012922281705741185,5.696015665233034E-4,0.02593502873654785,5,18,0.0011187768040275966,9606,Homo sapiens,"ESR1;EGFR","","R-HSA-8937369;R-HSA-8874789;R-HSA-8874797;R-HSA-8864381;R-HSA-8864395"
R-HSA-2219530,"Constitutive Signaling by Aberrant PI3K in Cancer",8,104,0.006399606178081349,5.894324712851784E-4,0.02593502873654785,1,2,1.2430853378084405E-4,9606,Homo sapiens,"ESR1;FGFR2;EGFR","","R-HSA-2400009"
R-HSA-9619665,"EGR2 and SOX10-mediated initiation of Schwann cell myelination",5,40,0.0024613869915697494,7.849688929540966E-4,0.032968693504072055,22,27,0.0016781652060413948,9606,Homo sapiens,"EGR2;GJB1;LAMB2","","R-HSA-9619666;R-HSA-9619667;R-HSA-9615638;R-HSA-9621399;R-HSA-9616116;R-HSA-9619668;R-HSA-9614773;R-HSA-9615477;R-HSA-9614778;R-HSA-9621400;R-HSA-9621406;R-HSA-9618559;R-HSA-9621404;R-HSA-9621410;R-HSA-9614787;R-HSA-9621411;R-HSA-9613760;R-HSA-9614790;R-HSA-9618725;R-HSA-9615626;R-HSA-9613768;R-HSA-9619657"
R-HSA-5654727,"Negative regulation of FGFR2 signaling",5,41,0.002522921666358993,8.756120437944936E-4,0.03590009379557424,10,14,8.701597364659083E-4,9606,Homo sapiens,"PPP2R1A;FGFR2","","R-HSA-934559;R-HSA-5654677;R-HSA-1295632;R-HSA-5654562;R-HSA-1295622;R-HSA-1295609;R-HSA-1549564;R-HSA-1295599;R-HSA-1295613;R-HSA-5654729"
R-HSA-5654738,"Signaling by FGFR2",7,88,0.005415051381453449,0.0010623803746734328,0.041155346552629535,36,46,0.002859096276959413,9606,Homo sapiens,"PPP2R1A;KRAS;FGFR2","","R-HSA-5654614;R-HSA-5654615;R-HSA-5654612;R-HSA-5654677;R-HSA-1295632;R-HSA-5654608;R-HSA-5654622;R-HSA-190408;R-HSA-5654620;R-HSA-5654618;R-HSA-190413;R-HSA-5654406;R-HSA-5654407;R-HSA-934559;R-HSA-5654404;R-HSA-5654402;R-HSA-5654147;R-HSA-1295622;R-HSA-5654607;R-HSA-5654159;R-HSA-5654605;R-HSA-5654157;R-HSA-5654603;R-HSA-5654729;R-HSA-5654399;R-HSA-1295609;R-HSA-5654397;R-HSA-1549564;R-HSA-1295613;R-HSA-190258;R-HSA-5654562;R-HSA-190260;R-HSA-8941618;R-HSA-5654701;R-HSA-1295599;R-HSA-5654697"
R-HSA-5654221,"Phospholipase C-mediated cascade; FGFR2",4,25,0.0015383668697310936,0.001083035435595514,0.041155346552629535,3,3,1.8646280067126608E-4,9606,Homo sapiens,"FGFR2","","R-HSA-5654147;R-HSA-5654159;R-HSA-5654157"
R-HSA-1989781,"PPARA activates gene expression",10,173,0.010645498738539167,0.0011368709795246401,0.042064226242411684,41,41,0.002548324942507303,9606,Homo sapiens,"CDK19;NCOA6;ABCB4;TRIB3;PPARG;HMGCS2;PPARGC1B","","R-HSA-1655826;R-HSA-1989778;R-HSA-560517;R-HSA-1989779;R-HSA-1989776;R-HSA-1989777;R-HSA-1989774;R-HSA-560473;R-HSA-1989775;R-HSA-1989772;R-HSA-1989773;R-HSA-1989770;R-HSA-1368065;R-HSA-1989771;R-HSA-1989768;R-HSA-1989767;R-HSA-1989764;R-HSA-1989765;R-HSA-1989762;R-HSA-1989760;R-HSA-1989761;R-HSA-1989758;R-HSA-1989759;R-HSA-879724;R-HSA-1989756;R-HSA-1989757;R-HSA-1989754;R-HSA-1989755;R-HSA-1989752;R-HSA-1989753;R-HSA-1801587;R-HSA-1989750;R-HSA-1989751;R-HSA-1989748;R-HSA-1989749;R-HSA-1989746;R-HSA-1989747;R-HSA-1989745;R-HSA-1655848;R-HSA-1655850;R-HSA-1592238"
R-HSA-400206,"Regulation of lipid metabolism by PPARalpha",10,175,0.010768568088117655,0.0012372655788073228,0.04374212372530106,42,46,0.002859096276959413,9606,Homo sapiens,"CDK19;NCOA6;ABCB4;TRIB3;PPARG;HMGCS2;PPARGC1B","","R-HSA-400143;R-HSA-1655826;R-HSA-1989778;R-HSA-560517;R-HSA-1989779;R-HSA-1989776;R-HSA-1989777;R-HSA-1989774;R-HSA-560473;R-HSA-1989775;R-HSA-1989772;R-HSA-1989773;R-HSA-1989770;R-HSA-1368065;R-HSA-1989771;R-HSA-1989768;R-HSA-1989767;R-HSA-1989764;R-HSA-1989765;R-HSA-1989762;R-HSA-1989760;R-HSA-1989761;R-HSA-1989758;R-HSA-1989759;R-HSA-879724;R-HSA-1989756;R-HSA-1989757;R-HSA-1989754;R-HSA-1989755;R-HSA-1989752;R-HSA-1989753;R-HSA-1801587;R-HSA-1989750;R-HSA-1989751;R-HSA-1989748;R-HSA-1989749;R-HSA-1989746;R-HSA-1989747;R-HSA-1989745;R-HSA-1655848;R-HSA-1655850;R-HSA-1592238"
R-HSA-190241,"FGFR2 ligand binding and activation",4,26,0.0015999015445203372,0.0012497749635800304,0.04374212372530106,4,5,3.1077133445211015E-4,9606,Homo sapiens,"FGFR2","","R-HSA-190258;R-HSA-190260;R-HSA-190408;R-HSA-190413"
R-HSA-9670439,"Signaling by phosphorylated juxtamembrane, extracellular and kinase domain KIT mutants",4,28,0.0017229708940988246,0.0016356583505685585,0.05337999358716772,5,11,6.836969357946423E-4,9606,Homo sapiens,"STAT1;KRAS","","R-HSA-9670417;R-HSA-9670416;R-HSA-9670436;R-HSA-9670426;R-HSA-9670412"
R-HSA-9669938,"Signaling by KIT in disease",4,28,0.0017229708940988246,0.0016356583505685585,0.05337999358716772,5,26,0.0016160109391509727,9606,Homo sapiens,"STAT1;KRAS","","R-HSA-9670417;R-HSA-9670416;R-HSA-9670436;R-HSA-9670426;R-HSA-9670412"
R-HSA-2179392,"EGFR Transactivation by Gastrin",3,13,7.999507722601686E-4,0.0016681247995989912,0.05337999358716772,3,6,3.7292560134253216E-4,9606,Homo sapiens,"KRAS;EGFR","","R-HSA-2179415;R-HSA-2179387;R-HSA-2179407"
R-HSA-9648895,"Response of EIF2AK1 (HRI) to heme deficiency",4,29,0.0017845055688880684,0.0018566016406493802,0.057554650860130785,4,20,0.0012430853378084406,9606,Homo sapiens,"GRB10;TRIB3","","R-HSA-9635927;R-HSA-9653894;R-HSA-9654792;R-HSA-9635912"
R-HSA-9703648,"Signaling by FLT3 ITD and TKD mutants",4,30,0.0018460402436773122,0.0020974013345376186,0.06292204003612856,2,24,0.0014917024053701287,9606,Homo sapiens,"PIM1;KRAS","","R-HSA-9703436;R-HSA-9695853"
R-HSA-1433557,"Signaling by SCF-KIT",5,51,0.0031382684142514305,0.002263534762152797,0.06564250810243111,6,39,0.002424016408726459,9606,Homo sapiens,"STAT1;GRB10;KRAS","","R-HSA-1433456;R-HSA-1433501;R-HSA-1433471;R-HSA-1470012;R-HSA-1470010;R-HSA-1470009"
R-HSA-5654695,"PI-3K cascade:FGFR2",4,31,0.0019075749184665558,0.0023589384295655824,0.06605027602783631,6,7,4.350798682329542E-4,9606,Homo sapiens,"FGFR2","","R-HSA-5654614;R-HSA-5654612;R-HSA-5654622;R-HSA-5654620;R-HSA-5654701;R-HSA-5654697"
R-HSA-5683057,"MAPK family signaling cascades",15,367,0.02258322564765245,0.0024626130097596954,0.06869417921238763,54,122,0.007582820560631487,9606,Homo sapiens,"DUSP10;KSR1;PPP2R1A;KRAS;KALRN;DUSP9;CDC14A;FGFR2;EGFR;JAK1","","R-HSA-5692754;R-HSA-5692764;R-HSA-9657603;R-HSA-5658435;R-HSA-9657606;R-HSA-9654533;R-HSA-5692749;R-HSA-9657608;R-HSA-9658253;R-HSA-109857;R-HSA-5672950;R-HSA-5658231;R-HSA-5672948;R-HSA-109858;R-HSA-5675376;R-HSA-5672958;R-HSA-5672957;R-HSA-5672954;R-HSA-5692768;R-HSA-5675373;R-HSA-5692781;R-HSA-9653585;R-HSA-5672980;R-HSA-5672978;R-HSA-9653595;R-HSA-9653592;R-HSA-5675417;R-HSA-5672966;R-HSA-5672965;R-HSA-9649735;R-HSA-9649733;R-HSA-9649732;R-HSA-5672961;R-HSA-5672972;R-HSA-5672973;R-HSA-9649736;R-HSA-5672969;R-HSA-9653108;R-HSA-9654523;R-HSA-9647994;R-HSA-9654521;R-HSA-9647999;R-HSA-9653503;R-HSA-9657599;R-HSA-9654525;R-HSA-5674022;R-HSA-5675431;R-HSA-5674018;R-HSA-5674019;R-HSA-9647978;R-HSA-9647977;R-HSA-9647982;R-HSA-5675433;R-HSA-9647980"
R-HSA-2219528,"PI3K/AKT Signaling in Cancer",8,132,0.008122577072180174,0.0026153807037407883,0.06869417921238763,1,21,0.0013052396046988625,9606,Homo sapiens,"ESR1;FGFR2;EGFR","","R-HSA-2400009"
R-HSA-9703465,"Signaling by FLT3 fusion proteins",4,32,0.0019691095932557997,0.0026420838158610627,0.06869417921238763,2,18,0.0011187768040275966,9606,Homo sapiens,"PIM1;KRAS","","R-HSA-9703441;R-HSA-9703436"
R-HSA-179812,"GRB2 events in EGFR signaling",3,16,9.845547966278998E-4,0.0029919162774074692,0.0777898232125942,2,3,1.8646280067126608E-4,9606,Homo sapiens,"KRAS;EGFR","","R-HSA-177938;R-HSA-177943"
R-HSA-425407,"SLC-mediated transmembrane transport",16,416,0.025598424712325395,0.0032350064059400996,0.08087516014850249,15,193,0.01199577350985145,9606,Homo sapiens,"SLC13A3;SLC45A3;SLC5A1;SLC7A2;SLC4A5;SLC8A3;SLC9A6;SLCO1B3;SLCO1A2;SLC17A7;SLC16A2;SLC38A3;SLC12A7;SLC25A11","","R-HSA-433101;R-HSA-198440;R-HSA-352174;R-HSA-429613;R-HSA-375790;R-HSA-426155;R-HSA-425483;R-HSA-194130;R-HSA-428052;R-HSA-8875902;R-HSA-425983;R-HSA-879575;R-HSA-425661;R-HSA-375768;R-HSA-194079"
R-HSA-382551,"Transport of small molecules",30,999,0.0614731401144545,0.003241174277378689,0.08102935693446722,37,463,0.0287774255702654,9606,Homo sapiens,"SLC45A3;TTYH3;ABCB4;AQP7;ABCB8;SLC5A1;ABCB9;SLC7A2;SLC4A5;SLCO1B3;SLC17A7;SLC38A3;SLC16A2;A2M;SLC12A7;SLC13A3;ABCC2;NEK4;ANO6;SLC8A3;SLC9A6;GNB2;SLCO1A2;LCN2;GNB3;SLC25A11;CES3","","R-HSA-432195;R-HSA-2682349;R-HSA-433101;R-HSA-432074;R-HSA-2684901;R-HSA-5671707;R-HSA-425483;R-HSA-8949703;R-HSA-194130;R-HSA-1454916;R-HSA-428052;R-HSA-5229273;R-HSA-1467457;R-HSA-507871;R-HSA-507870;R-HSA-5223317;R-HSA-507869;R-HSA-879575;R-HSA-507868;R-HSA-2744242;R-HSA-375768;R-HSA-194079;R-HSA-5678706;R-HSA-382560;R-HSA-8937442;R-HSA-198440;R-HSA-352174;R-HSA-429613;R-HSA-375790;R-HSA-426155;R-HSA-264758;R-HSA-422320;R-HSA-8875902;R-HSA-425983;R-HSA-432188;R-HSA-425661;R-HSA-5246444"
R-HSA-190236,"Signaling by FGFR",7,109,0.006707279552027568,0.0034902884381496913,0.08372964686634776,45,142,0.008825905898439929,9606,Homo sapiens,"PPP2R1A;KRAS;FGFR2","","R-HSA-5654614;R-HSA-5654615;R-HSA-5654612;R-HSA-5654677;R-HSA-1295632;R-HSA-5654608;R-HSA-5654622;R-HSA-190408;R-HSA-5654620;R-HSA-5654618;R-HSA-5654426;R-HSA-190413;R-HSA-5654406;R-HSA-5654407;R-HSA-5654663;R-HSA-934559;R-HSA-5654404;R-HSA-5654402;R-HSA-5654147;R-HSA-1295622;R-HSA-5654607;R-HSA-5654159;R-HSA-5654605;R-HSA-5654157;R-HSA-5654413;R-HSA-5654603;R-HSA-5654600;R-HSA-5654729;R-HSA-5654647;R-HSA-8941613;R-HSA-5654399;R-HSA-1295609;R-HSA-5654397;R-HSA-1549564;R-HSA-5654392;R-HSA-1295613;R-HSA-190258;R-HSA-5654562;R-HSA-8941628;R-HSA-190260;R-HSA-8941618;R-HSA-5654701;R-HSA-1295599;R-HSA-5654697;R-HSA-8941623"
R-HSA-1059683,"Interleukin-6 signaling",3,17,0.0010460894714171436,0.0035427707646994433,0.08372964686634776,16,20,0.0012430853378084406,9606,Homo sapiens,"STAT1;JAK1","","R-HSA-1112690;R-HSA-1112755;R-HSA-1112565;R-HSA-1112727;R-HSA-1112602;R-HSA-1112538;R-HSA-1112604;R-HSA-1067646;R-HSA-1112510;R-HSA-1112703;R-HSA-1112514;R-HSA-1067651;R-HSA-1112708;R-HSA-1067688;R-HSA-1067659;R-HSA-1112587"
R-HSA-2023837,"Signaling by FGFR2 amplification mutants",2,5,3.0767337394621867E-4,0.003640419428971642,0.08372964686634776,4,4,2.486170675616881E-4,9606,Homo sapiens,"FGFR2","","R-HSA-2029992;R-HSA-2029988;R-HSA-2029989;R-HSA-2067713"
R-HSA-5673001,"RAF/MAP kinase cascade",13,309,0.019014214509876316,0.0036896344516439417,0.08416256944712219,47,75,0.004661570016781652,9606,Homo sapiens,"DUSP10;KSR1;PPP2R1A;KRAS;DUSP9;FGFR2;EGFR;JAK1","","R-HSA-9653585;R-HSA-5672980;R-HSA-5672978;R-HSA-9653595;R-HSA-9653592;R-HSA-5675417;R-HSA-9657603;R-HSA-5672966;R-HSA-5672965;R-HSA-9649735;R-HSA-5658435;R-HSA-9657606;R-HSA-9654533;R-HSA-9649733;R-HSA-9649732;R-HSA-5672961;R-HSA-5672972;R-HSA-9657608;R-HSA-5672973;R-HSA-9649736;R-HSA-9658253;R-HSA-5672969;R-HSA-5672950;R-HSA-5658231;R-HSA-5672948;R-HSA-5675376;R-HSA-9653108;R-HSA-9654523;R-HSA-5672958;R-HSA-9647994;R-HSA-9654521;R-HSA-5672957;R-HSA-9647999;R-HSA-9653503;R-HSA-9657599;R-HSA-5672954;R-HSA-9654525;R-HSA-5674022;R-HSA-5675431;R-HSA-5674018;R-HSA-5674019;R-HSA-9647978;R-HSA-9647977;R-HSA-5675373;R-HSA-9647982;R-HSA-5675433;R-HSA-9647980"
R-HSA-109704,"PI3K Cascade",5,58,0.003569011137776137,0.0039013627023166686,0.08416256944712219,2,6,3.7292560134253216E-4,9606,Homo sapiens,"TRIB3;FGFR2","","R-HSA-109699;R-HSA-109700"
R-HSA-1250196,"SHC1 events in ERBB2 signaling",4,36,0.0022152482924127745,0.004007741402243914,0.08416256944712219,5,6,3.7292560134253216E-4,9606,Homo sapiens,"PRKCE;KRAS;EGFR","","R-HSA-1250195;R-HSA-1250486;R-HSA-8934446;R-HSA-1963578;R-HSA-1250463"
R-HSA-391160,"Signal regulatory protein family interactions",3,18,0.0011076241462063873,0.0041516958272243,0.0871856123717103,9,10,6.215426689042203E-4,9606,Homo sapiens,"PTK2B;SIRPA","","R-HSA-391157;R-HSA-391156;R-HSA-391158;R-HSA-391153;R-HSA-391152;R-HSA-391168;R-HSA-391155;R-HSA-391151;R-HSA-391150"
R-HSA-5684996,"MAPK1/MAPK3 signaling",13,316,0.019444957233401023,0.0044347950834370264,0.09158810652592253,49,82,0.005096649885014606,9606,Homo sapiens,"DUSP10;KSR1;PPP2R1A;KRAS;DUSP9;FGFR2;EGFR;JAK1","","R-HSA-9657603;R-HSA-5658435;R-HSA-9657606;R-HSA-9654533;R-HSA-9657608;R-HSA-9658253;R-HSA-109857;R-HSA-5672950;R-HSA-5658231;R-HSA-5672948;R-HSA-109858;R-HSA-5675376;R-HSA-5672958;R-HSA-5672957;R-HSA-5672954;R-HSA-5675373;R-HSA-9653585;R-HSA-5672980;R-HSA-5672978;R-HSA-9653595;R-HSA-9653592;R-HSA-5675417;R-HSA-5672966;R-HSA-5672965;R-HSA-9649735;R-HSA-9649733;R-HSA-9649732;R-HSA-5672961;R-HSA-5672972;R-HSA-5672973;R-HSA-9649736;R-HSA-5672969;R-HSA-9653108;R-HSA-9654523;R-HSA-9647994;R-HSA-9654521;R-HSA-9647999;R-HSA-9653503;R-HSA-9657599;R-HSA-9654525;R-HSA-5674022;R-HSA-5675431;R-HSA-5674018;R-HSA-5674019;R-HSA-9647978;R-HSA-9647977;R-HSA-9647982;R-HSA-5675433;R-HSA-9647980"
R-HSA-180336,"SHC1 events in EGFR signaling",3,19,0.001169158820995631,0.0048204266592590805,0.09158810652592253,4,4,2.486170675616881E-4,9606,Homo sapiens,"KRAS;EGFR","","R-HSA-177936;R-HSA-177925;R-HSA-177945;R-HSA-177933"
R-HSA-171007,"p38MAPK events",3,19,0.001169158820995631,0.0048204266592590805,0.09158810652592253,3,5,3.1077133445211015E-4,9606,Homo sapiens,"KRAS;MAPK13","","R-HSA-171026;R-HSA-171011;R-HSA-170986"
R-HSA-9673770,"Signaling by PDGFRA extracellular domain mutants",3,19,0.001169158820995631,0.0048204266592590805,0.09158810652592253,2,7,4.350798682329542E-4,9606,Homo sapiens,"STAT1;KRAS","","R-HSA-9672163;R-HSA-9672159"
R-HSA-9673767,"Signaling by PDGFRA transmembrane, juxtamembrane and kinase domain mutants",3,19,0.001169158820995631,0.0048204266592590805,0.09158810652592253,2,7,4.350798682329542E-4,9606,Homo sapiens,"STAT1;KRAS","","R-HSA-9672176;R-HSA-9672170"
R-HSA-9843745,"Adipogenesis",8,147,0.00904559719401883,0.004952824819439039,0.09410367156934174,22,33,0.002051090807383927,9606,Homo sapiens,"EGR2;CDK19;NCOA6;PPARG;PPARGC1B","","R-HSA-1183058;R-HSA-9844822;R-HSA-9732629;R-HSA-560491;R-HSA-560493;R-HSA-381283;R-HSA-1183003;R-HSA-9844415;R-HSA-1183032;R-HSA-381262;R-HSA-560517;R-HSA-9844440;R-HSA-9844536;R-HSA-9844600;R-HSA-381290;R-HSA-560472;R-HSA-560473;R-HSA-9844549;R-HSA-560510;R-HSA-381309;R-HSA-560498;R-HSA-381337"
R-HSA-9012852,"Signaling by NOTCH3",5,63,0.0038766845117223555,0.0054985384301875495,0.09897369174337589,10,37,0.002299707874945615,9606,Homo sapiens,"NCSTN;PLXND1;STAT1;EGFR","","R-HSA-9017817;R-HSA-9021451;R-HSA-9021450;R-HSA-9018573;R-HSA-9021325;R-HSA-9018572;R-HSA-9013567;R-HSA-9013361;R-HSA-9014129;R-HSA-9021334"
R-HSA-9006925,"Intracellular signaling by second messengers",14,363,0.022337086948495476,0.0055808452339850545,0.10045521421173098,12,117,0.007272049226179377,9606,Homo sapiens,"IRAK1;PPP2R1A;PRKCE;ITPR1;PPARG;TRIB3;ESR1;FGFR2;EGFR","","R-HSA-8944104;R-HSA-199443;R-HSA-2316434;R-HSA-169683;R-HSA-8857925;R-HSA-169680;R-HSA-198640;R-HSA-6811472;R-HSA-6811504;R-HSA-198314;R-HSA-6811454;R-HSA-8944099"
R-HSA-422475,"Axon guidance",19,566,0.034828625930711954,0.00597856013585274,0.10761408244534931,31,295,0.018335508732674498,9606,Homo sapiens,"HSP90AB1;PLXND1;LAMB2;ROCK2;ITGA1;ITSN1;MYO9B;KALRN;EGFR;CACNA1I;NCSTN;ABLIM3;KCNQ2;GRB10;COL6A3;KRAS;SCN1A","","R-HSA-525833;R-HSA-3928632;R-HSA-443778;R-HSA-419087;R-HSA-445069;R-HSA-3928617;R-HSA-3928616;R-HSA-3928612;R-HSA-3928601;R-HSA-3928600;R-HSA-445088;R-HSA-434990;R-HSA-3928595;R-HSA-9680443;R-HSA-375151;R-HSA-3928656;R-HSA-416683;R-HSA-373739;R-HSA-419049;R-HSA-392054;R-HSA-8985594;R-HSA-416690;R-HSA-418865;R-HSA-419644;R-HSA-3928577;R-HSA-419645;R-HSA-419197;R-HSA-3928576;R-HSA-8853753;R-HSA-8985591;R-HSA-3928644"
R-HSA-5673000,"RAF activation",4,41,0.002522921666358993,0.0062999184447148915,0.10783995427976034,9,12,7.458512026850643E-4,9606,Homo sapiens,"KSR1;PPP2R1A;KRAS","","R-HSA-5672950;R-HSA-5672966;R-HSA-5672948;R-HSA-9653108;R-HSA-5672961;R-HSA-5672958;R-HSA-5672957;R-HSA-5672954;R-HSA-5672969"
R-HSA-1963640,"GRB2 events in ERBB2 signaling",3,21,0.0012922281705741185,0.006343526722338844,0.10783995427976034,3,4,2.486170675616881E-4,9606,Homo sapiens,"KRAS;EGFR","","R-HSA-1250498;R-HSA-1250488;R-HSA-1306972"
R-HSA-8939211,"ESR-mediated signaling",11,257,0.01581441142083564,0.0064522898899173065,0.10968892812859421,88,114,0.007085586425508111,9606,Homo sapiens,"HSP90AB1;GNB2;SRF;GNB3;KRAS;ESR1;EGFR;GNAI2","","R-HSA-9018505;R-HSA-9008267;R-HSA-9011981;R-HSA-9632918;R-HSA-9023884;R-HSA-8931981;R-HSA-9021068;R-HSA-9633044;R-HSA-9008271;R-HSA-9011983;R-HSA-9008270;R-HSA-9018497;R-HSA-9009536;R-HSA-9011971;R-HSA-9018499;R-HSA-9634584;R-HSA-9008258;R-HSA-9009541;R-HSA-9632412;R-HSA-9011975;R-HSA-9018503;R-HSA-9011997;R-HSA-9008285;R-HSA-9021596;R-HSA-9625479;R-HSA-9625482;R-HSA-9011985;R-HSA-9632906;R-HSA-9021072;R-HSA-9011984;R-HSA-9632910;R-HSA-9625487;R-HSA-9021079;R-HSA-9021609;R-HSA-9632182;R-HSA-9716913;R-HSA-9032751;R-HSA-9021601;R-HSA-9021600;R-HSA-9012000;R-HSA-9008315;R-HSA-8932020;R-HSA-8932021;R-HSA-9624272;R-HSA-9625814;R-HSA-9038029;R-HSA-9716947;R-HSA-8939201;R-HSA-8932033;R-HSA-8939203;R-HSA-8939204;R-HSA-8932037;R-HSA-9009371;R-HSA-9012315;R-HSA-9021660;R-HSA-9012319;R-HSA-9018334;R-HSA-8954207;R-HSA-9038161;R-HSA-9038163;R-HSA-9018325;R-HSA-9027670;R-HSA-8954199;R-HSA-1254386;R-HSA-9011949;R-HSA-8932076;R-HSA-9011950;R-HSA-8954208;R-HSA-9023840;R-HSA-9625465;R-HSA-9009378;R-HSA-1254392;R-HSA-9011941;R-HSA-9023845;R-HSA-9038052;R-HSA-8932070;R-HSA-9023846;R-HSA-9021050;R-HSA-9009533;R-HSA-9011966;R-HSA-9011952;R-HSA-9023859;R-HSA-9021170;R-HSA-8932084;R-HSA-9023861;R-HSA-9023860;R-HSA-9009526;R-HSA-9709547"
R-HSA-76002,"Platelet activation, signaling and aggregation",12,294,0.01809119438803766,0.006520538228397599,0.11084914988275918,26,119,0.007396357759960222,9606,Homo sapiens,"CHID1;ITIH4;ITIH3;SERPINA1;DGKD;THPO;PRKCE;GNB2;ITPR1;GNB3;A2M;GNAI2","","R-HSA-396996;R-HSA-425861;R-HSA-397891;R-HSA-392195;R-HSA-426240;R-HSA-428750;R-HSA-428749;R-HSA-396941;R-HSA-139854;R-HSA-397835;R-HSA-392202;R-HSA-443926;R-HSA-418581;R-HSA-418579;R-HSA-428752;R-HSA-418576;R-HSA-139941;R-HSA-481007;R-HSA-351341;R-HSA-428909;R-HSA-428918;R-HSA-428917;R-HSA-481009;R-HSA-114552;R-HSA-392187;R-HSA-114558"
R-HSA-6802957,"Oncogenic MAPK signaling",6,93,0.0057227247553996675,0.006530738743458331,0.11102255863879162,39,46,0.002859096276959413,9606,Homo sapiens,"DUSP10;KSR1;KRAS;DUSP9","","R-HSA-9656211;R-HSA-6802919;R-HSA-6802918;R-HSA-9656209;R-HSA-9652816;R-HSA-9651280;R-HSA-6802916;R-HSA-9656215;R-HSA-6802915;R-HSA-9656214;R-HSA-6802914;R-HSA-6803234;R-HSA-9656213;R-HSA-6803233;R-HSA-9656212;R-HSA-6802912;R-HSA-6802926;R-HSA-6802925;R-HSA-6802924;R-HSA-6802922;R-HSA-6802921;R-HSA-6803240;R-HSA-6802935;R-HSA-6802934;R-HSA-6802933;R-HSA-8936731;R-HSA-6802932;R-HSA-6802943;R-HSA-6802942;R-HSA-6802941;R-HSA-6802937;R-HSA-8936676;R-HSA-6802837;R-HSA-6802834;R-HSA-6802911;R-HSA-6803230;R-HSA-6802910;R-HSA-6802908;R-HSA-6803227"
R-HSA-5637812,"Signaling by EGFRvIII in Cancer",3,22,0.0013537628453633623,0.0072006634231399635,0.11521061477023942,17,18,0.0011187768040275966,9606,Homo sapiens,"KRAS;EGFR","","R-HSA-5637808;R-HSA-1247999;R-HSA-5638137;R-HSA-5637798;R-HSA-5637766;R-HSA-1248002;R-HSA-5637764;R-HSA-5637796;R-HSA-5637765;R-HSA-5637794;R-HSA-5637795;R-HSA-5637792;R-HSA-5637806;R-HSA-5637770;R-HSA-1248655;R-HSA-5637800;R-HSA-5637801"
R-HSA-5637810,"Constitutive Signaling by EGFRvIII",3,22,0.0013537628453633623,0.0072006634231399635,0.11521061477023942,17,18,0.0011187768040275966,9606,Homo sapiens,"KRAS;EGFR","","R-HSA-5637808;R-HSA-1247999;R-HSA-5638137;R-HSA-5637798;R-HSA-5637766;R-HSA-1248002;R-HSA-5637764;R-HSA-5637796;R-HSA-5637765;R-HSA-5637794;R-HSA-5637795;R-HSA-5637792;R-HSA-5637806;R-HSA-5637770;R-HSA-1248655;R-HSA-5637800;R-HSA-5637801"
R-HSA-9682385,"FLT3 signaling in disease",4,43,0.002645991015937481,0.007418272336633724,0.11869235738613959,3,52,0.0032320218783019453,9606,Homo sapiens,"PIM1;KRAS","","R-HSA-9703441;R-HSA-9703436;R-HSA-9695853"
R-HSA-2033519,"Activated point mutants of FGFR2",3,23,0.001415297520152606,0.008123151617176139,0.12184727425764208,9,10,6.215426689042203E-4,9606,Homo sapiens,"FGFR2","","R-HSA-2029983;R-HSA-2033486;R-HSA-2033479;R-HSA-2033474;R-HSA-2033490;R-HSA-2029984;R-HSA-2077424;R-HSA-2033488;R-HSA-2033472"
R-HSA-9665348,"Signaling by ERBB2 ECD mutants",3,23,0.001415297520152606,0.008123151617176139,0.12184727425764208,13,15,9.323140033563305E-4,9606,Homo sapiens,"KRAS;EGFR","","R-HSA-9665407;R-HSA-9665406;R-HSA-9665404;R-HSA-9665411;R-HSA-9665410;R-HSA-9665409;R-HSA-9665408;R-HSA-9665415;R-HSA-9665413;R-HSA-9665417;R-HSA-9665416;R-HSA-9665389;R-HSA-9665388"
R-HSA-375165,"NCAM signaling for neurite out-growth",5,70,0.004307427235247061,0.008441273700091068,0.12603188511372032,3,23,0.0014295481384797065,9606,Homo sapiens,"CACNA1I;COL6A3;KRAS","","R-HSA-525833;R-HSA-392054;R-HSA-375151"
R-HSA-186797,"Signaling by PDGF",5,70,0.004307427235247061,0.008441273700091068,0.12603188511372032,3,31,0.0019267822736030828,9606,Homo sapiens,"STAT1;COL6A3;KRAS","","R-HSA-186834;R-HSA-382054;R-HSA-380782"
R-HSA-4420097,"VEGFA-VEGFR2 Pathway",7,130,0.007999507722601686,0.008815206084680005,0.12603188511372032,11,79,0.00491018708434334,9606,Homo sapiens,"ROCK2;ITPR1;PTK2B;TRIB3;KRAS;MAPK13","","R-HSA-169683;R-HSA-5218830;R-HSA-169680;R-HSA-5218845;R-HSA-198640;R-HSA-5218826;R-HSA-5218804;R-HSA-5218836;R-HSA-5218851;R-HSA-3928647;R-HSA-5228992"
R-HSA-68689,"CDC6 association with the ORC:origin complex",2,8,4.922773983139499E-4,0.00900227750812288,0.12603188511372032,2,2,1.2430853378084405E-4,9606,Homo sapiens,"MCM8;ORC3L","","R-HSA-68688;R-HSA-9749215"
R-HSA-9652817,"Signaling by MAPK mutants",2,8,4.922773983139499E-4,0.00900227750812288,0.12603188511372032,1,1,6.215426689042202E-5,9606,Homo sapiens,"DUSP10;DUSP9","","R-HSA-9652816"
R-HSA-9033500,"TYSND1 cleaves peroxisomal proteins",2,8,4.922773983139499E-4,0.00900227750812288,0.12603188511372032,2,7,4.350798682329542E-4,9606,Homo sapiens,"HSD17B4;PAOX","","R-HSA-9033515;R-HSA-9033530"
R-HSA-113510,"E2F mediated regulation of DNA replication",3,24,0.0014768321949418497,0.009112055941525865,0.1275687831813621,2,4,2.486170675616881E-4,9606,Homo sapiens,"PPP2R1A;MCM8;ORC3L","","R-HSA-113638;R-HSA-113503"
R-HSA-881907,"Gastrin-CREB signalling pathway via PKC and MAPK",3,24,0.0014768321949418497,0.009112055941525865,0.1275687831813621,3,9,5.593884020137983E-4,9606,Homo sapiens,"KRAS;EGFR","","R-HSA-2179415;R-HSA-2179387;R-HSA-2179407"
R-HSA-166520,"Signaling by NTRKs",8,166,0.01021475601501446,0.009891700175702955,0.13039679778672664,24,164,0.010193299770029212,9606,Homo sapiens,"EGR2;PPP2R1A;SRF;KRAS;PTPRF;MAPK13","","R-HSA-9031624;R-HSA-171011;R-HSA-5686071;R-HSA-9026891;R-HSA-9036970;R-HSA-9612534;R-HSA-9613210;R-HSA-170986;R-HSA-9031616;R-HSA-9032067;R-HSA-9613213;R-HSA-9612509;R-HSA-171026;R-HSA-9612514;R-HSA-9612483;R-HSA-9613219;R-HSA-9031610;R-HSA-199959;R-HSA-9603719;R-HSA-9613476;R-HSA-9612516;R-HSA-9612073;R-HSA-9612076;R-HSA-9612493"
R-HSA-9844594,"Transcriptional regulation of brown and beige adipocyte differentiation by EBF2",4,47,0.0028921297150944557,0.01003052290667128,0.13039679778672664,6,14,8.701597364659083E-4,9606,Homo sapiens,"PPARG;PPARGC1B","","R-HSA-9844822;R-HSA-9844549;R-HSA-9844415;R-HSA-9844440;R-HSA-9844536;R-HSA-9844600"
R-HSA-9843743,"Transcriptional regulation of brown and beige adipocyte differentiation",4,47,0.0028921297150944557,0.01003052290667128,0.13039679778672664,6,14,8.701597364659083E-4,9606,Homo sapiens,"PPARG;PPARGC1B","","R-HSA-9844822;R-HSA-9844549;R-HSA-9844415;R-HSA-9844440;R-HSA-9844536;R-HSA-9844600"
R-HSA-1257604,"PIP3 activates AKT signaling",12,315,0.01938342255861178,0.010844017594239252,0.1351575254373394,9,89,0.005531729753247561,9606,Homo sapiens,"IRAK1;PPP2R1A;TRIB3;PPARG;ESR1;FGFR2;EGFR","","R-HSA-8944104;R-HSA-199443;R-HSA-2316434;R-HSA-8857925;R-HSA-198640;R-HSA-6811472;R-HSA-6811504;R-HSA-6811454;R-HSA-8944099"
R-HSA-109582,"Hemostasis",24,821,0.05051996800196911,0.011098098718687166,0.1351575254373394,60,366,0.022748461681894462,9606,Homo sapiens,"CHID1;ITIH4;ITIH3;SERPINA1;DGKD;PRKCE;ITGA1;SERPINA10;ITPR1;ANO6;GNAI2;SLC8A3;F7;THPO;PPP2R1A;GNB2;P2RX1;SDC1;GNB3;SIRPA;KRAS;A2M","","R-HSA-9932951;R-HSA-114563;R-HSA-425861;R-HSA-392195;R-HSA-9932945;R-HSA-426240;R-HSA-432143;R-HSA-396941;R-HSA-418442;R-HSA-397835;R-HSA-392202;R-HSA-443926;R-HSA-392852;R-HSA-418581;R-HSA-418579;R-HSA-418576;R-HSA-9769737;R-HSA-9823284;R-HSA-210977;R-HSA-392870;R-HSA-9822513;R-HSA-419490;R-HSA-9822512;R-HSA-9822514;R-HSA-139941;R-HSA-9822522;R-HSA-392874;R-HSA-9823290;R-HSA-425661;R-HSA-396996;R-HSA-140870;R-HSA-397891;R-HSA-428750;R-HSA-9929054;R-HSA-9822556;R-HSA-140872;R-HSA-428749;R-HSA-8870732;R-HSA-9929051;R-HSA-139854;R-HSA-202703;R-HSA-139855;R-HSA-140748;R-HSA-428752;R-HSA-9854657;R-HSA-140769;R-HSA-9853809;R-HSA-481007;R-HSA-351341;R-HSA-428909;R-HSA-140783;R-HSA-428918;R-HSA-9929060;R-HSA-428917;R-HSA-140791;R-HSA-481009;R-HSA-114552;R-HSA-392187;R-HSA-9931624;R-HSA-114558"
R-HSA-9013026,"RHOB GTPase cycle",5,75,0.0046151006091932805,0.011113790840938442,0.1351575254373394,2,6,3.7292560134253216E-4,9606,Homo sapiens,"BCR;ANLN;ROCK2;MYO9B;ARHGAP26","","R-HSA-9013022;R-HSA-9013024"
R-HSA-449147,"Signaling by Interleukins",20,646,0.03975139991385145,0.011211354454502165,0.1351575254373394,229,505,0.03138790477966313,9606,Homo sapiens,"LAMA5;IRAK1;STAT1;IL1R1;PPP2R1A;PIM1;LCN2;PTK2B;SDC1;PTPN23;MAP2K7;JAK1","","R-HSA-452100;R-HSA-452097;R-HSA-450063;R-HSA-1112602;R-HSA-452108;R-HSA-8987266;R-HSA-1112604;R-HSA-8950405;R-HSA-8987270;R-HSA-8982163;R-HSA-8982162;R-HSA-1112587;R-HSA-452122;R-HSA-8982165;R-HSA-913424;R-HSA-8963734;R-HSA-8950441;R-HSA-6783556;R-HSA-508451;R-HSA-6783552;R-HSA-6786124;R-HSA-8937656;R-HSA-8950448;R-HSA-8950453;R-HSA-6783524;R-HSA-6786095;R-HSA-6783530;R-HSA-450133;R-HSA-6809140;R-HSA-6786096;R-HSA-6786110;R-HSA-449115;R-HSA-8950485;R-HSA-6784006;R-HSA-1112690;R-HSA-6786050;R-HSA-508513;R-HSA-6788623;R-HSA-6788622;R-HSA-6786058;R-HSA-1067646;R-HSA-1112703;R-HSA-8950522;R-HSA-6788628;R-HSA-9006844;R-HSA-9008894;R-HSA-450173;R-HSA-8950518;R-HSA-6786072;R-HSA-912527;R-HSA-450690;R-HSA-8987150;R-HSA-1112727;R-HSA-8987141;R-HSA-1295519;R-HSA-450187;R-HSA-1295516;R-HSA-8987161;R-HSA-448660;R-HSA-448661;R-HSA-1067651;R-HSA-1112708;R-HSA-1067659;R-HSA-8987156;R-HSA-8983063;R-HSA-8987179;R-HSA-1112755;R-HSA-6783681;R-HSA-1295540;R-HSA-6784204;R-HSA-446634;R-HSA-9011748;R-HSA-9009700;R-HSA-1067688;R-HSA-446648;R-HSA-9009227;R-HSA-448708;R-HSA-8987202;R-HSA-8950340;R-HSA-1264832;R-HSA-8987230;R-HSA-446684;R-HSA-8950354;R-HSA-6784189;R-HSA-8987218;R-HSA-8987220;R-HSA-448728;R-HSA-446694;R-HSA-168162;R-HSA-446692;R-HSA-6785165;R-HSA-446701;R-HSA-8987236;R-HSA-448744;R-HSA-8854645;R-HSA-168184;R-HSA-8987255;R-HSA-6785895;R-HSA-8983425;R-HSA-8983424;R-HSA-8984963;R-HSA-450827;R-HSA-449803;R-HSA-8987012;R-HSA-8985988;R-HSA-8984964;R-HSA-8987015;R-HSA-8987014;R-HSA-8987033;R-HSA-199959;R-HSA-449811;R-HSA-9005980;R-HSA-8987039;R-HSA-9758604;R-HSA-9009554;R-HSA-9009558;R-HSA-6784324;R-HSA-6784323;R-HSA-8983983;R-HSA-450337;R-HSA-8987040;R-HSA-8987043;R-HSA-8987042;R-HSA-450346;R-HSA-8950716;R-HSA-8983996;R-HSA-8987070;R-HSA-9025969;R-HSA-451900;R-HSA-445757;R-HSA-8848316;R-HSA-8848314;R-HSA-445752;R-HSA-8987063;R-HSA-445753;R-HSA-8987080;R-HSA-8987084;R-HSA-8984012;R-HSA-8950733;R-HSA-8984014;R-HSA-8984001;R-HSA-8950210;R-HSA-8940998;R-HSA-8987097;R-HSA-508247;R-HSA-8987096;R-HSA-8983003;R-HSA-8983518;R-HSA-6784319;R-HSA-451418;R-HSA-8984021;R-HSA-8984023;R-HSA-451942;R-HSA-919404;R-HSA-8987105;R-HSA-8987104;R-HSA-8950757;R-HSA-8952807;R-HSA-8987129;R-HSA-6784791;R-HSA-8987132;R-HSA-8950782;R-HSA-8987120;R-HSA-508282;R-HSA-6788582;R-HSA-8950537;R-HSA-508292;R-HSA-8983309;R-HSA-446862;R-HSA-6789615;R-HSA-8983299;R-HSA-8983298;R-HSA-9006850;R-HSA-8983300;R-HSA-446870;R-HSA-9006873;R-HSA-446868;R-HSA-8983835;R-HSA-8983834;R-HSA-9007901;R-HSA-446877;R-HSA-9006870;R-HSA-449958;R-HSA-8985900;R-HSA-8948015;R-HSA-446894;R-HSA-8983841;R-HSA-8983845;R-HSA-448427;R-HSA-8983335;R-HSA-1112510;R-HSA-8985914;R-HSA-5696482;R-HSA-8948018;R-HSA-6788571;R-HSA-449978;R-HSA-449976;R-HSA-8985929;R-HSA-8983371;R-HSA-8986446;R-HSA-8983374;R-HSA-1112538;R-HSA-8983384;R-HSA-1112514;R-HSA-913374;R-HSA-8986972;R-HSA-8948063;R-HSA-8983378;R-HSA-8985943;R-HSA-8986985;R-HSA-1112565;R-HSA-448480;R-HSA-8985966;R-HSA-8948066;R-HSA-8983394;R-HSA-450027;R-HSA-451561;R-HSA-9681763;R-HSA-453111;R-HSA-6790036;R-HSA-8985981;R-HSA-453104;R-HSA-8987007;R-HSA-8986480;R-HSA-8986995;R-HSA-8986994;R-HSA-8985973;R-HSA-452091;R-HSA-6790041"
R-HSA-8857538,"PTK6 promotes HIF1A stabilization",2,9,5.538120731031936E-4,0.011263127119778282,0.1351575254373394,6,6,3.7292560134253216E-4,9606,Homo sapiens,"GPNMB;EGFR","","R-HSA-8857555;R-HSA-8857583;R-HSA-8857565;R-HSA-8857549;R-HSA-9634702;R-HSA-8857577"
R-HSA-113507,"E2F-enabled inhibition of pre-replication complex formation",2,9,5.538120731031936E-4,0.011263127119778282,0.1351575254373394,1,1,6.215426689042202E-5,9606,Homo sapiens,"MCM8;ORC3L","","R-HSA-113638"
R-HSA-6802953,"RAS signaling downstream of NF1 loss-of-function variants",2,9,5.538120731031936E-4,0.011263127119778282,0.1351575254373394,1,1,6.215426689042202E-5,9606,Homo sapiens,"KRAS","","R-HSA-6802837"
R-HSA-1236382,"Constitutive Signaling by Ligand-Responsive EGFR Cancer Variants",3,26,0.0015999015445203372,0.011292783865470613,0.13551340638564735,22,23,0.0014295481384797065,9606,Homo sapiens,"KRAS;EGFR","","R-HSA-1218833;R-HSA-1225947;R-HSA-1225950;R-HSA-1226014;R-HSA-1225951;R-HSA-1226012;R-HSA-1225949;R-HSA-1220610;R-HSA-1220611;R-HSA-1247842;R-HSA-1225952;R-HSA-1226016;R-HSA-1247841;R-HSA-1220614;R-HSA-1220612;R-HSA-1225956;R-HSA-1220613;R-HSA-1225957;R-HSA-1247844;R-HSA-1225960;R-HSA-1225961;R-HSA-1169421"
R-HSA-5637815,"Signaling by Ligand-Responsive EGFR Variants in Cancer",3,26,0.0015999015445203372,0.011292783865470613,0.13551340638564735,22,23,0.0014295481384797065,9606,Homo sapiens,"KRAS;EGFR","","R-HSA-1218833;R-HSA-1225947;R-HSA-1225950;R-HSA-1226014;R-HSA-1225951;R-HSA-1226012;R-HSA-1225949;R-HSA-1220610;R-HSA-1220611;R-HSA-1247842;R-HSA-1225952;R-HSA-1226016;R-HSA-1247841;R-HSA-1220614;R-HSA-1220612;R-HSA-1225956;R-HSA-1220613;R-HSA-1225957;R-HSA-1247844;R-HSA-1225960;R-HSA-1225961;R-HSA-1169421"
R-HSA-392170,"ADP signalling through P2Y purinoceptor 12",3,26,0.0015999015445203372,0.011292783865470613,0.13551340638564735,3,4,2.486170675616881E-4,9606,Homo sapiens,"GNB2;GNB3;GNAI2","","R-HSA-392195;R-HSA-392187;R-HSA-392202"
R-HSA-167044,"Signalling to RAS",3,26,0.0015999015445203372,0.011292783865470613,0.13551340638564735,4,10,6.215426689042203E-4,9606,Homo sapiens,"KRAS;MAPK13","","R-HSA-171026;R-HSA-5686071;R-HSA-171011;R-HSA-170986"
R-HSA-5655302,"Signaling by FGFR1 in disease",4,49,0.0030151990646729433,0.011534277586557118,0.13734779776495176,18,35,0.002175399341164771,9606,Homo sapiens,"BCR;STAT1;KRAS","","R-HSA-1839100;R-HSA-1839102;R-HSA-1839039;R-HSA-1839065;R-HSA-1839098;R-HSA-1839067;R-HSA-5655326;R-HSA-1839094;R-HSA-1839031;R-HSA-1839095;R-HSA-1839091;R-HSA-1839112;R-HSA-1839080;R-HSA-1839114;R-HSA-1839110;R-HSA-1839078;R-HSA-1888198;R-HSA-1839107"
R-HSA-879518,"Organic anion transport by SLCO transporters",3,27,0.001661436219309581,0.012486163433177433,0.13734779776495176,3,9,5.593884020137983E-4,9606,Homo sapiens,"SLCO1B3;SLCO1A2;SLC16A2","","R-HSA-194130;R-HSA-879575;R-HSA-194079"
R-HSA-9671555,"Signaling by PDGFR in disease",3,27,0.001661436219309581,0.012486163433177433,0.13734779776495176,4,24,0.0014917024053701287,9606,Homo sapiens,"STAT1;KRAS","","R-HSA-9672163;R-HSA-9672176;R-HSA-9672170;R-HSA-9672159"
R-HSA-9034015,"Signaling by NTRK3 (TRKC)",3,27,0.001661436219309581,0.012486163433177433,0.13734779776495176,2,19,0.0011809310709180185,9606,Homo sapiens,"KRAS;PTPRF","","R-HSA-9036970;R-HSA-9603719"
R-HSA-194138,"Signaling by VEGF",7,141,0.008676389145283367,0.013264675471706622,0.13746204872572054,11,86,0.005345266952576294,9606,Homo sapiens,"ROCK2;ITPR1;PTK2B;TRIB3;KRAS;MAPK13","","R-HSA-169683;R-HSA-5218830;R-HSA-169680;R-HSA-5218845;R-HSA-198640;R-HSA-5218826;R-HSA-5218804;R-HSA-5218836;R-HSA-5218851;R-HSA-3928647;R-HSA-5228992"
R-HSA-6785807,"Interleukin-4 and Interleukin-13 signaling",9,211,0.012983816380530429,0.013386833666754416,0.13746204872572054,16,47,0.002921250543849835,9606,Homo sapiens,"LAMA5;STAT1;PIM1;LCN2;JAK1","","R-HSA-6785895;R-HSA-6788582;R-HSA-6786050;R-HSA-6786095;R-HSA-6789615;R-HSA-6788623;R-HSA-6788622;R-HSA-6786124;R-HSA-6786058;R-HSA-6788628;R-HSA-6790036;R-HSA-6786096;R-HSA-6786110;R-HSA-6788571;R-HSA-6790041;R-HSA-6786072"
R-HSA-8957275,"Post-translational protein phosphorylation",6,109,0.006707279552027568,0.0134637930494369,0.13746204872572054,1,1,6.215426689042202E-5,9606,Homo sapiens,"TGOLN2;SERPINA1;LAMB2;SERPINA10;FAM20C","","R-HSA-8952289"
R-HSA-9013106,"RHOC GTPase cycle",5,79,0.004861239308350256,0.013628694261691221,0.13746204872572054,2,6,3.7292560134253216E-4,9606,Homo sapiens,"BCR;ANLN;ROCK2;MYO9B;ARHGAP26","","R-HSA-9013111;R-HSA-9013110"
R-HSA-112412,"SOS-mediated signalling",2,10,6.153467478924373E-4,0.013746204872572054,0.13746204872572054,1,2,1.2430853378084405E-4,9606,Homo sapiens,"KRAS","","R-HSA-109817"
R-HSA-9022707,"MECP2 regulates transcription factors",2,10,6.153467478924373E-4,0.013746204872572054,0.13746204872572054,2,8,4.972341351233762E-4,9606,Homo sapiens,"PPARG","","R-HSA-9017441;R-HSA-9017447"
R-HSA-912694,"Regulation of IFNA/IFNB signaling",3,28,0.0017229708940988246,0.01374908029488453,0.1374908029488453,4,5,3.1077133445211015E-4,9606,Homo sapiens,"STAT1;JAK1","","R-HSA-997311;R-HSA-997309;R-HSA-912680;R-HSA-997314"
R-HSA-112409,"RAF-independent MAPK1/3 activation",3,28,0.0017229708940988246,0.01374908029488453,0.1374908029488453,4,12,7.458512026850643E-4,9606,Homo sapiens,"DUSP10;DUSP9;JAK1","","R-HSA-109857;R-HSA-109858;R-HSA-5675376;R-HSA-5675373"
R-HSA-189200,"Cellular hexose transport",3,28,0.0017229708940988246,0.01374908029488453,0.1374908029488453,2,18,0.0011187768040275966,9606,Homo sapiens,"SLC45A3;SLC5A1","","R-HSA-8875902;R-HSA-429613"
R-HSA-193704,"p75 NTR receptor-mediated signalling",6,110,0.006768814226816812,0.014020659287822479,0.1402065928782248,14,50,0.0031077133445211015,9606,Homo sapiens,"YWHAE;NCSTN;IRAK1;ITSN1;KALRN","","R-HSA-193665;R-HSA-193703;R-HSA-193641;R-HSA-193705;R-HSA-205039;R-HSA-193647;R-HSA-193682;R-HSA-193686;R-HSA-193684;R-HSA-204981;R-HSA-205112;R-HSA-193694;R-HSA-209566;R-HSA-193695"
R-HSA-8864260,"Transcriptional regulation by the AP-2 (TFAP2) family of transcription factors",4,52,0.0031998030890406743,0.0140494253012593,0.140494253012593,5,44,0.0027347877431785693,9606,Homo sapiens,"ESR1;EGFR","","R-HSA-8937369;R-HSA-8874789;R-HSA-8874797;R-HSA-8864381;R-HSA-8864395"
R-HSA-187037,"Signaling by NTRK1 (TRKA)",7,143,0.008799458494861854,0.014220346657591754,0.14220346657591754,20,102,0.0063397352228230465,9606,Homo sapiens,"EGR2;PPP2R1A;SRF;KRAS;MAPK13","","R-HSA-9031624;R-HSA-5686071;R-HSA-171011;R-HSA-9612534;R-HSA-9613210;R-HSA-170986;R-HSA-9031616;R-HSA-9613213;R-HSA-9612509;R-HSA-171026;R-HSA-9612514;R-HSA-9612483;R-HSA-9613219;R-HSA-9031610;R-HSA-199959;R-HSA-9613476;R-HSA-9612516;R-HSA-9612073;R-HSA-9612076;R-HSA-9612493"
R-HSA-1236394,"Signaling by ERBB4",5,82,0.005045843332717986,0.015748572417652595,0.14314441736530004,10,52,0.0032320218783019453,9606,Homo sapiens,"NCSTN;KRAS;ESR1;EGFR","","R-HSA-1254386;R-HSA-9612672;R-HSA-8954207;R-HSA-8954208;R-HSA-1977959;R-HSA-1254392;R-HSA-1250383;R-HSA-9612671;R-HSA-1251997;R-HSA-8954199"
R-HSA-6802949,"Signaling by RAS mutants",4,54,0.003322872438619162,0.015904935262811115,0.14314441736530004,9,9,5.593884020137983E-4,9606,Homo sapiens,"KSR1;KRAS","","R-HSA-9651280;R-HSA-6802834;R-HSA-6803233;R-HSA-6802926;R-HSA-6802925;R-HSA-6802924;R-HSA-6802908;R-HSA-6802922;R-HSA-6803240"
R-HSA-9649948,"Signaling downstream of RAS mutants",4,54,0.003322872438619162,0.015904935262811115,0.14314441736530004,7,7,4.350798682329542E-4,9606,Homo sapiens,"KSR1;KRAS","","R-HSA-6803233;R-HSA-6802926;R-HSA-6802925;R-HSA-6802924;R-HSA-6802908;R-HSA-6802922;R-HSA-6803240"
R-HSA-6802955,"Paradoxical activation of RAF signaling by kinase inactive BRAF",4,54,0.003322872438619162,0.015904935262811115,0.14314441736530004,7,7,4.350798682329542E-4,9606,Homo sapiens,"KSR1;KRAS","","R-HSA-6802918;R-HSA-8936731;R-HSA-6803234;R-HSA-6802943;R-HSA-6802942;R-HSA-6802941;R-HSA-6802937"
R-HSA-6802946,"Signaling by moderate kinase activity BRAF mutants",4,54,0.003322872438619162,0.015904935262811115,0.14314441736530004,7,7,4.350798682329542E-4,9606,Homo sapiens,"KSR1;KRAS","","R-HSA-6802919;R-HSA-6802916;R-HSA-6802915;R-HSA-6802914;R-HSA-6803230;R-HSA-8936676;R-HSA-6802921"
R-HSA-8985947,"Interleukin-9 signaling",2,11,6.768814226816812E-4,0.016443124583637614,0.14798812125273852,10,13,8.080054695754863E-4,9606,Homo sapiens,"STAT1;JAK1","","R-HSA-8985929;R-HSA-8985914;R-HSA-8985981;R-HSA-8985900;R-HSA-8985966;R-HSA-8985973;R-HSA-8985988;R-HSA-9011748;R-HSA-8963734;R-HSA-8985943"
R-HSA-1169092,"Activation of RAS in B cells",2,11,6.768814226816812E-4,0.016443124583637614,0.14798812125273852,1,2,1.2430853378084405E-4,9606,Homo sapiens,"KRAS","","R-HSA-1168636"
R-HSA-9665686,"Signaling by ERBB2 TMD/JMD mutants",3,30,0.0018460402436773122,0.016485506210506706,0.14836955589456036,10,13,8.080054695754863E-4,9606,Homo sapiens,"KRAS;EGFR","","R-HSA-9665699;R-HSA-9665698;R-HSA-9665697;R-HSA-9665701;R-HSA-9665700;R-HSA-9665707;R-HSA-9665706;R-HSA-9665705;R-HSA-9665704;R-HSA-9665709"
R-HSA-6783589,"Interleukin-6 family signaling",3,30,0.0018460402436773122,0.016485506210506706,0.14836955589456036,26,34,0.002113245074274349,9606,Homo sapiens,"STAT1;JAK1","","R-HSA-6783524;R-HSA-1112727;R-HSA-1112602;R-HSA-1112538;R-HSA-1112604;R-HSA-6783530;R-HSA-1112514;R-HSA-448660;R-HSA-1067651;R-HSA-1112708;R-HSA-6784189;R-HSA-1067659;R-HSA-1112587;R-HSA-1112690;R-HSA-6783556;R-HSA-1112755;R-HSA-1112565;R-HSA-6783681;R-HSA-6783552;R-HSA-6784204;R-HSA-1067646;R-HSA-1112510;R-HSA-1112703;R-HSA-5696482;R-HSA-1067688;R-HSA-449976"
R-HSA-9955298,"SLC-mediated transport of organic anions",5,84,0.005168912682296474,0.017277676789266172,0.15549909110339555,5,30,0.001864628006712661,9606,Homo sapiens,"SLC13A3;SLCO1B3;SLCO1A2;SLC16A2;SLC25A11","","R-HSA-194130;R-HSA-879575;R-HSA-433101;R-HSA-198440;R-HSA-194079"
R-HSA-416482,"G alpha (12/13) signalling events",5,86,0.005291982031874962,0.01890210463405162,0.15604071295324573,7,15,9.323140033563305E-4,9606,Homo sapiens,"ROCK2;GNB2;ITSN1;GNB3;KALRN","","R-HSA-751019;R-HSA-751039;R-HSA-751027;R-HSA-419166;R-HSA-9680443;R-HSA-751029;R-HSA-419049"
R-HSA-418346,"Platelet homeostasis",6,118,0.007261091625130761,0.01906435265788431,0.15604071295324573,9,31,0.0019267822736030828,9606,Homo sapiens,"SLC8A3;PPP2R1A;GNB2;P2RX1;ITPR1;GNB3","","R-HSA-392852;R-HSA-392870;R-HSA-419490;R-HSA-432143;R-HSA-425661;R-HSA-139854;R-HSA-418442;R-HSA-139855;R-HSA-392874"
R-HSA-9020958,"Interleukin-21 signaling",2,12,7.384160974709249E-4,0.019345723260451475,0.15604071295324573,5,5,3.1077133445211015E-4,9606,Homo sapiens,"STAT1;JAK1","","R-HSA-9006873;R-HSA-9006844;R-HSA-9005980;R-HSA-9006850;R-HSA-9006870"
R-HSA-9634635,"Estrogen-stimulated signaling through PRKCZ",2,12,7.384160974709249E-4,0.019345723260451475,0.15604071295324573,3,6,3.7292560134253216E-4,9606,Homo sapiens,"KRAS","","R-HSA-9632918;R-HSA-9632906;R-HSA-9632910"
R-HSA-9006931,"Signaling by Nuclear Receptors",13,383,0.023567780444280352,0.019432474064560723,0.15604071295324573,93,195,0.012120082043632295,9606,Homo sapiens,"KDM3A;HSP90AB1;GNB2;SRF;RARA;GNB3;KRAS;ESR1;EGFR;GNAI2","","R-HSA-9018505;R-HSA-9008267;R-HSA-9011981;R-HSA-9632918;R-HSA-9023884;R-HSA-8931981;R-HSA-9021068;R-HSA-9633044;R-HSA-9008271;R-HSA-9011983;R-HSA-9008270;R-HSA-9018497;R-HSA-9009536;R-HSA-9011971;R-HSA-9018499;R-HSA-9634584;R-HSA-9008258;R-HSA-9024386;R-HSA-9009541;R-HSA-9632412;R-HSA-9011975;R-HSA-9018503;R-HSA-9009817;R-HSA-9011997;R-HSA-9008285;R-HSA-9021596;R-HSA-9625479;R-HSA-5334854;R-HSA-9625482;R-HSA-9011985;R-HSA-9632906;R-HSA-9021072;R-HSA-9011984;R-HSA-9632910;R-HSA-9625487;R-HSA-9021079;R-HSA-9021609;R-HSA-9632182;R-HSA-9716913;R-HSA-9032751;R-HSA-9021601;R-HSA-9021600;R-HSA-9012000;R-HSA-9008315;R-HSA-8932020;R-HSA-8932021;R-HSA-9624272;R-HSA-9625814;R-HSA-9038029;R-HSA-9716947;R-HSA-8939201;R-HSA-8932033;R-HSA-8939203;R-HSA-8939204;R-HSA-8932037;R-HSA-9009371;R-HSA-9012315;R-HSA-9021660;R-HSA-9012319;R-HSA-9018334;R-HSA-8954207;R-HSA-9038161;R-HSA-9038163;R-HSA-9018325;R-HSA-9027670;R-HSA-8954199;R-HSA-9024361;R-HSA-1254386;R-HSA-5634103;R-HSA-9011949;R-HSA-8932076;R-HSA-9011950;R-HSA-8954208;R-HSA-9023840;R-HSA-9625465;R-HSA-9009378;R-HSA-1254392;R-HSA-9011941;R-HSA-9023845;R-HSA-9038052;R-HSA-8932070;R-HSA-9023846;R-HSA-9021050;R-HSA-9009533;R-HSA-9011966;R-HSA-9011952;R-HSA-9023859;R-HSA-9021170;R-HSA-8932084;R-HSA-9023861;R-HSA-9023860;R-HSA-9009526;R-HSA-9709547"
R-HSA-1643713,"Signaling by EGFR in Cancer",3,32,0.0019691095932557997,0.019505089119155716,0.15604071295324573,41,42,0.002610479209397725,9606,Homo sapiens,"KRAS;EGFR","","R-HSA-1218833;R-HSA-1225947;R-HSA-1225950;R-HSA-1226014;R-HSA-1225951;R-HSA-1226012;R-HSA-1225949;R-HSA-5637766;R-HSA-1220610;R-HSA-1248002;R-HSA-1220611;R-HSA-5637764;R-HSA-5637765;R-HSA-1220614;R-HSA-1220612;R-HSA-1220613;R-HSA-5637770;R-HSA-1248655;R-HSA-1169421;R-HSA-5637808;R-HSA-1225978;R-HSA-1247999;R-HSA-5638137;R-HSA-5637798;R-HSA-1247842;R-HSA-5637796;R-HSA-1225952;R-HSA-1226016;R-HSA-1247841;R-HSA-5637794;R-HSA-5637795;R-HSA-5637792;R-HSA-1248677;R-HSA-1225956;R-HSA-1225957;R-HSA-1247844;R-HSA-5637806;R-HSA-1225960;R-HSA-1225961;R-HSA-5637800;R-HSA-5637801"
R-HSA-400042,"Adrenaline,noradrenaline inhibits insulin secretion",3,32,0.0019691095932557997,0.019505089119155716,0.15604071295324573,5,6,3.7292560134253216E-4,9606,Homo sapiens,"GNB2;GNB3;GNAI2","","R-HSA-400037;R-HSA-400097;R-HSA-400046;R-HSA-400063;R-HSA-400092"
R-HSA-8874081,"MET activates PTK2 signaling",3,32,0.0019691095932557997,0.019505089119155716,0.15604071295324573,1,5,3.1077133445211015E-4,9606,Homo sapiens,"LAMA5;LAMB2","","R-HSA-8874079"
R-HSA-9638630,"Attachment of bacteria to epithelial cells",3,32,0.0019691095932557997,0.019505089119155716,0.15604071295324573,1,7,4.350798682329542E-4,9606,Homo sapiens,"LAMA5;LAMB2","","R-HSA-9638589"
R-HSA-163685,"Integration of energy metabolism",7,153,0.009414805242754292,0.019746633257790913,0.1579730660623273,20,72,0.004475107216110386,9606,Homo sapiens,"PPP2R1A;GNB2;ITPR1;GNB3;ACACA;GNAI2","","R-HSA-400037;R-HSA-163750;R-HSA-400097;R-HSA-400046;R-HSA-381612;R-HSA-381644;R-HSA-265166;R-HSA-163688;R-HSA-163689;R-HSA-9728664;R-HSA-381706;R-HSA-9856550;R-HSA-169683;R-HSA-169680;R-HSA-825631;R-HSA-422320;R-HSA-400063;R-HSA-400092;R-HSA-164056;R-HSA-163743"
R-HSA-8980692,"RHOA GTPase cycle",7,154,0.009476339917543536,0.020371299505883123,0.16297039604706498,3,6,3.7292560134253216E-4,9606,Homo sapiens,"BCR;ANLN;ARHGAP8;ROCK2;MYO9B;ARHGAP26;KALRN","","R-HSA-9013009;R-HSA-8980691;R-HSA-8981637"
R-HSA-6806834,"Signaling by MET",5,88,0.005415051381453449,0.02062397359015855,0.1649917887212684,4,51,0.0031698676114115232,9606,Homo sapiens,"LAMA5;LAMB2;KRAS","","R-HSA-8851877;R-HSA-8851827;R-HSA-8874079;R-HSA-8851899"
R-HSA-5218921,"VEGFR2 mediated cell proliferation",3,33,0.0020306442680450435,0.02112162341022583,0.16897298728180665,3,12,7.458512026850643E-4,9606,Homo sapiens,"ITPR1;KRAS","","R-HSA-169683;R-HSA-169680;R-HSA-5218845"
R-HSA-9020956,"Interleukin-27 signaling",2,13,7.999507722601686E-4,0.022446055910388618,0.17956844728310895,11,20,0.0012430853378084406,9606,Homo sapiens,"STAT1;JAK1","","R-HSA-8950537;R-HSA-8950441;R-HSA-8950716;R-HSA-8950733;R-HSA-8950782;R-HSA-8950210;R-HSA-8950340;R-HSA-448427;R-HSA-8950485;R-HSA-1067646;R-HSA-8950518"
R-HSA-397014,"Muscle contraction",9,232,0.014276044551104547,0.02303424971694501,0.18015473323750997,12,53,0.0032941761451923675,9606,Homo sapiens,"SLC8A3;CACNA1I;CALD1;NPR2;ITGA1;ITPR1;SORBS1;CES3;SCN1A","","R-HSA-169683;R-HSA-445700;R-HSA-445699;R-HSA-5226904;R-HSA-9700701;R-HSA-5576895;R-HSA-9727567;R-HSA-425661;R-HSA-139854;R-HSA-445704;R-HSA-5692408;R-HSA-445705"
R-HSA-1474244,"Extracellular matrix organization",12,351,0.021598670851024553,0.02303587943609442,0.18015473323750997,66,330,0.02051090807383927,9606,Homo sapiens,"LAMA5;NCSTN;MUSK;LAMB2;ITGA1;COL6A3;ITGA7;SDC1;A2M;PTPRF","","R-HSA-8948232;R-HSA-8948234;R-HSA-2002460;R-HSA-114563;R-HSA-2426530;R-HSA-8948224;R-HSA-8948226;R-HSA-8948228;R-HSA-8948230;R-HSA-4084912;R-HSA-8948231;R-HSA-4084910;R-HSA-2426676;R-HSA-2467633;R-HSA-2396083;R-HSA-2534206;R-HSA-4084903;R-HSA-2466106;R-HSA-4084507;R-HSA-2022073;R-HSA-4084505;R-HSA-1454781;R-HSA-2327695;R-HSA-2731141;R-HSA-1981104;R-HSA-9914537;R-HSA-2484965;R-HSA-2327909;R-HSA-1564112;R-HSA-2467436;R-HSA-2533874;R-HSA-1981128;R-HSA-2426355;R-HSA-1980233;R-HSA-2327803;R-HSA-2731123;R-HSA-2731122;R-HSA-1981120;R-HSA-9913335;R-HSA-2731081;R-HSA-1650808;R-HSA-9913333;R-HSA-2328129;R-HSA-2681675;R-HSA-1614460;R-HSA-1614461;R-HSA-3907292;R-HSA-2731075;R-HSA-216040;R-HSA-2681667;R-HSA-2731074;R-HSA-2089971;R-HSA-2467659;R-HSA-216051;R-HSA-2328145;R-HSA-8948219;R-HSA-216048;R-HSA-2684507;R-HSA-2213207;R-HSA-8948222;R-HSA-2426450;R-HSA-2396124;R-HSA-216058;R-HSA-1981157;R-HSA-2465883;R-HSA-8944247"
R-HSA-445355,"Smooth Muscle Contraction",4,61,0.003753615162143868,0.023576970053206026,0.18015473323750997,5,16,9.944682702467524E-4,9606,Homo sapiens,"CACNA1I;CALD1;ITGA1;SORBS1","","R-HSA-445700;R-HSA-445699;R-HSA-9700701;R-HSA-445704;R-HSA-445705"
R-HSA-9769739,"Regulation of clotting cascade",4,61,0.003753615162143868,0.023576970053206026,0.18015473323750997,10,47,0.002921250543849835,9606,Homo sapiens,"F7;SERPINA10;SDC1;ANO6","","R-HSA-9932951;R-HSA-9823284;R-HSA-140870;R-HSA-140791;R-HSA-9932945;R-HSA-9854657;R-HSA-9822556;R-HSA-140872;R-HSA-9931624;R-HSA-9823290"
R-HSA-9705671,"SARS-CoV-2 activates/modulates innate and adaptive immune responses",7,159,0.009784013291489755,0.02370214579470098,0.18015473323750997,6,48,0.0029834048107402573,9606,Homo sapiens,"HSP90AB1;NUP210;IRAK1;STAT1;JAK1","","R-HSA-909726;R-HSA-9709852;R-HSA-168184;R-HSA-9729454;R-HSA-9768142;R-HSA-9708889"
R-HSA-9674555,"Signaling by CSF3 (G-CSF)",3,35,0.0021537136176235307,0.02456858199633738,0.18015473323750997,21,21,0.0013052396046988625,9606,Homo sapiens,"STAT1;KRAS;JAK1","","R-HSA-9674546;R-HSA-9705461;R-HSA-9677585;R-HSA-9674550;R-HSA-9705458;R-HSA-9705726;R-HSA-9674808;R-HSA-9674558;R-HSA-9705465;R-HSA-9705466;R-HSA-9705467;R-HSA-9674563;R-HSA-9674562;R-HSA-9674816;R-HSA-9674567;R-HSA-9676071;R-HSA-9705729;R-HSA-9677579;R-HSA-9707977;R-HSA-9674542;R-HSA-9705738"
R-HSA-9664565,"Signaling by ERBB2 KD Mutants",3,35,0.0021537136176235307,0.02456858199633738,0.18015473323750997,13,17,0.0010566225371371745,9606,Homo sapiens,"KRAS;EGFR","","R-HSA-9665009;R-HSA-9664976;R-HSA-9664567;R-HSA-9664983;R-HSA-9664950;R-HSA-9664918;R-HSA-9664991;R-HSA-9664933;R-HSA-9665034;R-HSA-9665032;R-HSA-9665000;R-HSA-9664588;R-HSA-9664940"
R-HSA-418360,"Platelet calcium homeostasis",3,35,0.0021537136176235307,0.02456858199633738,0.18015473323750997,3,8,4.972341351233762E-4,9606,Homo sapiens,"SLC8A3;P2RX1;ITPR1","","R-HSA-425661;R-HSA-139854;R-HSA-139855"
R-HSA-9020558,"Interleukin-2 signaling",2,14,8.614854470494123E-4,0.025736390462501424,0.18015473323750997,14,19,0.0011809310709180185,9606,Homo sapiens,"PTK2B;JAK1","","R-HSA-451942;R-HSA-919404;R-HSA-452100;R-HSA-508292;R-HSA-508451;R-HSA-508513;R-HSA-452097;R-HSA-450063;R-HSA-452108;R-HSA-450027;R-HSA-451900;R-HSA-452122;R-HSA-508282;R-HSA-452091"
R-HSA-190377,"FGFR2b ligand binding and activation",2,14,8.614854470494123E-4,0.025736390462501424,0.18015473323750997,2,3,1.8646280067126608E-4,9606,Homo sapiens,"FGFR2","","R-HSA-190260;R-HSA-190408"
R-HSA-9034864,"Activated NTRK3 signals through RAS",2,14,8.614854470494123E-4,0.025736390462501424,0.18015473323750997,1,4,2.486170675616881E-4,9606,Homo sapiens,"KRAS","","R-HSA-9036970"
R-HSA-163765,"ChREBP activates metabolic gene expression",2,14,8.614854470494123E-4,0.025736390462501424,0.18015473323750997,2,13,8.080054695754863E-4,9606,Homo sapiens,"ACACA","","R-HSA-9856550;R-HSA-163743"
R-HSA-381426,"Regulation of Insulin-like Growth Factor (IGF) transport and uptake by Insulin-like Growth Factor Binding Proteins (IGFBPs)",6,127,0.007814903698233955,0.026077891060198533,0.18254523742138973,1,14,8.701597364659083E-4,9606,Homo sapiens,"TGOLN2;SERPINA1;LAMB2;SERPINA10;FAM20C","","R-HSA-8952289"
R-HSA-418597,"G alpha (z) signalling events",4,63,0.0038766845117223555,0.026116322643005785,0.1828142585010405,8,13,8.080054695754863E-4,9606,Homo sapiens,"PRKCE;GNB2;GNB3;GNAI2","","R-HSA-392129;R-HSA-749453;R-HSA-8982703;R-HSA-750988;R-HSA-751024;R-HSA-751040;R-HSA-8982709;R-HSA-749446"
R-HSA-1227990,"Signaling by ERBB2 in Cancer",3,36,0.0022152482924127745,0.02639894087439032,0.18479258612073224,37,62,0.0038535645472061657,9606,Homo sapiens,"KRAS;EGFR","","R-HSA-9664976;R-HSA-9664983;R-HSA-9664918;R-HSA-9664991;R-HSA-9665411;R-HSA-9665410;R-HSA-9665409;R-HSA-9665408;R-HSA-9665415;R-HSA-9665413;R-HSA-9665034;R-HSA-9665417;R-HSA-9665416;R-HSA-9665032;R-HSA-9664588;R-HSA-9634418;R-HSA-9665009;R-HSA-9664567;R-HSA-9664950;R-HSA-9665407;R-HSA-9665406;R-HSA-9665404;R-HSA-9665699;R-HSA-9665698;R-HSA-9665697;R-HSA-9665701;R-HSA-9664933;R-HSA-9665700;R-HSA-9665707;R-HSA-9665706;R-HSA-9665705;R-HSA-9665704;R-HSA-9665000;R-HSA-9665709;R-HSA-9665389;R-HSA-9665388;R-HSA-9664940"
R-HSA-9706574,"RHOBTB GTPase Cycle",3,36,0.0022152482924127745,0.02639894087439032,0.18479258612073224,2,4,2.486170675616881E-4,9606,Homo sapiens,"SPEN;HSP90AB1;ROCK2","","R-HSA-9018778;R-HSA-9018785"
R-HSA-9013508,"NOTCH3 Intracellular Domain Regulates Transcription",3,36,0.0022152482924127745,0.02639894087439032,0.18479258612073224,6,22,0.0013673938715892846,9606,Homo sapiens,"PLXND1;STAT1","","R-HSA-9021451;R-HSA-9021450;R-HSA-9021325;R-HSA-9013567;R-HSA-9014129;R-HSA-9021334"
R-HSA-177929,"Signaling by EGFR",4,64,0.003938219186511599,0.027445187268078763,0.19211631087655134,43,50,0.0031077133445211015,9606,Homo sapiens,"KRAS;PTPRK;EGFR","","R-HSA-177922;R-HSA-177923;R-HSA-177926;R-HSA-177927;R-HSA-177924;R-HSA-177925;R-HSA-177930;R-HSA-182986;R-HSA-183051;R-HSA-8951490;R-HSA-177934;R-HSA-182990;R-HSA-177935;R-HSA-183055;R-HSA-177933;R-HSA-177938;R-HSA-183058;R-HSA-182994;R-HSA-177939;R-HSA-177936;R-HSA-177937;R-HSA-182993;R-HSA-177942;R-HSA-177943;R-HSA-177941;R-HSA-183002;R-HSA-9851407;R-HSA-183067;R-HSA-177944;R-HSA-8864029;R-HSA-177945;R-HSA-8867047;R-HSA-212706;R-HSA-183072;R-HSA-8867044;R-HSA-212710;R-HSA-8867041;R-HSA-212713;R-HSA-183084;R-HSA-9674531;R-HSA-183089;R-HSA-182969;R-HSA-183036"
R-HSA-9913351,"Formation of the dystrophin-glycoprotein complex (DGC)",3,37,0.0022767829672020183,0.02830039110863347,0.19714303136905897,3,11,6.836969357946423E-4,9606,Homo sapiens,"LAMA5;LAMB2","","R-HSA-9913335;R-HSA-9913333;R-HSA-9914537"
R-HSA-186763,"Downstream signal transduction",3,37,0.0022767829672020183,0.02830039110863347,0.19714303136905897,2,16,9.944682702467524E-4,9606,Homo sapiens,"STAT1;KRAS","","R-HSA-186834;R-HSA-380782"
R-HSA-159740,"Gamma-carboxylation of protein precursors",2,15,9.230201218386561E-4,0.029209202799072465,0.19714303136905897,9,9,5.593884020137983E-4,9606,Homo sapiens,"F7;GGCX","","R-HSA-163810;R-HSA-159826;R-HSA-159795;R-HSA-159761;R-HSA-6807214;R-HSA-159819;R-HSA-159803;R-HSA-159752;R-HSA-163820"
R-HSA-9026519,"Activated NTRK2 signals through RAS",2,15,9.230201218386561E-4,0.029209202799072465,0.19714303136905897,1,4,2.486170675616881E-4,9606,Homo sapiens,"KRAS","","R-HSA-9026891"
R-HSA-1296065,"Inwardly rectifying K+ channels",3,38,0.002338317641991262,0.030272727842819758,0.19714303136905897,5,7,4.350798682329542E-4,9606,Homo sapiens,"KCNJ8;GNB2;GNB3","","R-HSA-1013020;R-HSA-1013013;R-HSA-1013012;R-HSA-1296024;R-HSA-1369017"
R-HSA-9694516,"SARS-CoV-2 Infection",12,367,0.02258322564765245,0.030896418651711,0.19714303136905897,15,211,0.013114550313879049,9606,Homo sapiens,"YWHAE;HSP90AB1;NUP210;IRAK1;STAT1;MGAT5;SDC1;ANO6;ZDHHC11;JAK1","","R-HSA-9694579;R-HSA-9696980;R-HSA-9709852;R-HSA-9729500;R-HSA-9699007;R-HSA-9708889;R-HSA-909726;R-HSA-9694661;R-HSA-9694341;R-HSA-168184;R-HSA-9729454;R-HSA-9768142;R-HSA-9697423;R-HSA-9770187;R-HSA-9698988"
R-HSA-9033241,"Peroxisomal protein import",4,67,0.004122823210879331,0.0316707710677292,0.19714303136905897,15,26,0.0016160109391509727,9606,Homo sapiens,"HSD17B4;PEX14;PAOX","","R-HSA-9033515;R-HSA-9033514;R-HSA-9033485;R-HSA-9033516;R-HSA-9033505;R-HSA-8953946;R-HSA-9033499;R-HSA-9033530;R-HSA-9033533;R-HSA-8953917;R-HSA-9033233;R-HSA-9033235;R-HSA-9033236;R-HSA-9033527;R-HSA-9033238"
R-HSA-877312,"Regulation of IFNG signaling",2,16,9.845547966278998E-4,0.03285717189484316,0.19714303136905897,4,4,2.486170675616881E-4,9606,Homo sapiens,"STAT1;JAK1","","R-HSA-877308;R-HSA-997326;R-HSA-877269;R-HSA-877281"
R-HSA-209543,"p75NTR recruits signalling complexes",2,16,9.845547966278998E-4,0.03285717189484316,0.19714303136905897,8,9,5.593884020137983E-4,9606,Homo sapiens,"IRAK1","","R-HSA-193665;R-HSA-193686;R-HSA-193684;R-HSA-193641;R-HSA-193694;R-HSA-209566;R-HSA-193695;R-HSA-193647"
R-HSA-8984722,"Interleukin-35 Signalling",2,16,9.845547966278998E-4,0.03285717189484316,0.19714303136905897,18,26,0.0016160109391509727,9606,Homo sapiens,"STAT1;JAK1","","R-HSA-8984012;R-HSA-8983983;R-HSA-8984014;R-HSA-8984001;R-HSA-8983841;R-HSA-8984963;R-HSA-8983845;R-HSA-8950405;R-HSA-8984964;R-HSA-8983835;R-HSA-8950522;R-HSA-8983834;R-HSA-6809140;R-HSA-8983996;R-HSA-8983518;R-HSA-8984021;R-HSA-8950453;R-HSA-8984023"
R-HSA-159854,"Gamma-carboxylation, transport, and amino-terminal cleavage of proteins",2,16,9.845547966278998E-4,0.03285717189484316,0.19714303136905897,11,27,0.0016781652060413948,9606,Homo sapiens,"F7;GGCX","","R-HSA-163810;R-HSA-159826;R-HSA-159795;R-HSA-159761;R-HSA-159783;R-HSA-6807214;R-HSA-159819;R-HSA-159803;R-HSA-159752;R-HSA-159868;R-HSA-163820"
R-HSA-8851805,"MET activates RAS signaling",2,16,9.845547966278998E-4,0.03285717189484316,0.19714303136905897,3,10,6.215426689042203E-4,9606,Homo sapiens,"KRAS","","R-HSA-8851877;R-HSA-8851827;R-HSA-8851899"
R-HSA-2428933,"SHC-related events triggered by IGF1R",2,16,9.845547966278998E-4,0.03285717189484316,0.19714303136905897,1,5,3.1077133445211015E-4,9606,Homo sapiens,"KRAS","","R-HSA-5686318"
R-HSA-9028731,"Activated NTRK2 signals through FRS2 and FRS3",2,16,9.845547966278998E-4,0.03285717189484316,0.19714303136905897,1,7,4.350798682329542E-4,9606,Homo sapiens,"KRAS","","R-HSA-9032067"
R-HSA-9634285,"Constitutive Signaling by Overexpressed ERBB2",2,16,9.845547966278998E-4,0.03285717189484316,0.19714303136905897,1,8,4.972341351233762E-4,9606,Homo sapiens,"KRAS","","R-HSA-9634418"
R-HSA-1227986,"Signaling by ERBB2",4,68,0.004184357885668575,0.033159455656680326,0.19895673394008195,25,46,0.002859096276959413,9606,Homo sapiens,"PRKCE;KRAS;EGFR","","R-HSA-1250195;R-HSA-1306963;R-HSA-1251922;R-HSA-8848005;R-HSA-6785636;R-HSA-1306965;R-HSA-1250463;R-HSA-1306972;R-HSA-1250498;R-HSA-6785648;R-HSA-1963589;R-HSA-1306957;R-HSA-1963586;R-HSA-1963581;R-HSA-1963582;R-HSA-1250486;R-HSA-8934446;R-HSA-1963578;R-HSA-1250488;R-HSA-8864105;R-HSA-1963563;R-HSA-8864125;R-HSA-1251944;R-HSA-8863804;R-HSA-8847995"
R-HSA-9609507,"Protein localization",7,171,0.01052242938896068,0.03318307299024037,0.19909843794144222,29,53,0.0032941761451923675,9606,Homo sapiens,"FH;TIMM13;HSD17B4;UBE2J2;PEX14;PAOX","","R-HSA-1299475;R-HSA-9033485;R-HSA-1299478;R-HSA-1307802;R-HSA-1299480;R-HSA-8986181;R-HSA-9603804;R-HSA-1299484;R-HSA-8953946;R-HSA-9033499;R-HSA-9609921;R-HSA-9609860;R-HSA-9033233;R-HSA-9610442;R-HSA-9033235;R-HSA-9603784;R-HSA-9033236;R-HSA-9033238;R-HSA-9033515;R-HSA-9033514;R-HSA-9033516;R-HSA-9033505;R-HSA-9603775;R-HSA-9609917;R-HSA-9033530;R-HSA-9033533;R-HSA-8953917;R-HSA-9609899;R-HSA-9033527"
R-HSA-114508,"Effects of PIP2 hydrolysis",3,40,0.0024613869915697494,0.034428929324452184,0.2065735759467131,4,9,5.593884020137983E-4,9606,Homo sapiens,"DGKD;PRKCE;ITPR1","","R-HSA-425861;R-HSA-426240;R-HSA-139941;R-HSA-139854"
R-HSA-9920588,"Dengue virus activates/modulates innate and adaptive immune responses",3,40,0.0024613869915697494,0.034428929324452184,0.2065735759467131,3,23,0.0014295481384797065,9606,Homo sapiens,"HSP90AB1;C1S;UBR4","","R-HSA-9920628;R-HSA-9920829;R-HSA-9920957"
R-HSA-4090294,"SUMOylation of intracellular receptors",3,40,0.0024613869915697494,0.034428929324452184,0.2065735759467131,3,25,0.0015538566722605508,9606,Homo sapiens,"RARA;PPARG;ESR1","","R-HSA-4717461;R-HSA-4341072;R-HSA-4090408"
R-HSA-5619058,"Defective SLCO1B3 causes hyperbilirubinemia, Rotor type (HBLRR)",1,2,1.2306934957848748E-4,0.03458768555776692,0.20752611334660154,1,1,6.215426689042202E-5,9606,Homo sapiens,"SLCO1B3","","R-HSA-5661198"
R-HSA-9769740,"Coagulation pathway",4,69,0.0042458925604578176,0.034688411430783384,0.2081304685847003,22,85,0.005283112685685872,9606,Homo sapiens,"F7;SERPINA10;SDC1;ANO6","","R-HSA-9932951;R-HSA-9823284;R-HSA-140769;R-HSA-9822513;R-HSA-140870;R-HSA-9822512;R-HSA-9932945;R-HSA-9853809;R-HSA-9822514;R-HSA-9929054;R-HSA-9822556;R-HSA-140872;R-HSA-9929051;R-HSA-140783;R-HSA-140748;R-HSA-9822522;R-HSA-9823290;R-HSA-9929060;R-HSA-140791;R-HSA-9854657;R-HSA-9769737;R-HSA-9931624"
R-HSA-392518,"Signal amplification",3,41,0.002522921666358993,0.03661208142288197,0.21967248853729182,12,19,0.0011809310709180185,9606,Homo sapiens,"GNB2;GNB3;GNAI2","","R-HSA-428918;R-HSA-428917;R-HSA-418581;R-HSA-418579;R-HSA-392195;R-HSA-428752;R-HSA-418576;R-HSA-428750;R-HSA-428909;R-HSA-428749;R-HSA-392187;R-HSA-392202"
R-HSA-1368108,"BMAL1:CLOCK,NPAS2 activates circadian expression",3,41,0.002522921666358993,0.03661208142288197,0.21967248853729182,3,18,0.0011187768040275966,9606,Homo sapiens,"F7;NCOA6","","R-HSA-879724;R-HSA-5663127;R-HSA-549428"
R-HSA-190375,"FGFR2c ligand binding and activation",2,17,0.0010460894714171436,0.036673175061552876,0.22003905036931726,2,2,1.2430853378084405E-4,9606,Homo sapiens,"FGFR2","","R-HSA-190258;R-HSA-190413"
R-HSA-75035,"Chk1/Chk2(Cds1) mediated inactivation of Cyclin B:Cdk1 complex",2,17,0.0010460894714171436,0.036673175061552876,0.22003905036931726,2,5,3.1077133445211015E-4,9606,Homo sapiens,"YWHAE;CHEK2","","R-HSA-75809;R-HSA-75016"
R-HSA-373755,"Semaphorin interactions",4,71,0.004368961910036305,0.03786745180140616,0.2239087836360676,9,41,0.002548324942507303,9606,Homo sapiens,"HSP90AB1;PLXND1;ROCK2;ITGA1","","R-HSA-416690;R-HSA-434990;R-HSA-9680443;R-HSA-419087;R-HSA-419644;R-HSA-419645;R-HSA-419197;R-HSA-416683;R-HSA-419049"
R-HSA-8848021,"Signaling by PTK6",4,71,0.004368961910036305,0.03786745180140616,0.2239087836360676,10,53,0.0032941761451923675,9606,Homo sapiens,"GPNMB;KRAS;EGFR","","R-HSA-8981353;R-HSA-8848005;R-HSA-8981355;R-HSA-8857555;R-HSA-8857583;R-HSA-8857565;R-HSA-8857549;R-HSA-8847995;R-HSA-9634702;R-HSA-8857577"
R-HSA-9006927,"Signaling by Non-Receptor Tyrosine Kinases",4,71,0.004368961910036305,0.03786745180140616,0.2239087836360676,10,53,0.0032941761451923675,9606,Homo sapiens,"GPNMB;KRAS;EGFR","","R-HSA-8981353;R-HSA-8848005;R-HSA-8981355;R-HSA-8857555;R-HSA-8857583;R-HSA-8857565;R-HSA-8857549;R-HSA-8847995;R-HSA-9634702;R-HSA-8857577"
R-HSA-187687,"Signalling to ERKs",3,42,0.002584456341148237,0.03886470057264835,0.2239087836360676,4,32,0.0019889365404935047,9606,Homo sapiens,"KRAS;MAPK13","","R-HSA-171026;R-HSA-5686071;R-HSA-171011;R-HSA-170986"
R-HSA-5578768,"Physiological factors",2,18,0.0011076241462063873,0.04065028329566378,0.2239087836360676,2,6,3.7292560134253216E-4,9606,Homo sapiens,"NPR2;CES3","","R-HSA-9727567;R-HSA-5692408"
R-HSA-5655291,"Signaling by FGFR4 in disease",2,18,0.0011076241462063873,0.04065028329566378,0.2239087836360676,1,15,9.323140033563305E-4,9606,Homo sapiens,"KRAS","","R-HSA-5655347"
R-HSA-381340,"Transcriptional regulation of white adipocyte differentiation",5,107,0.00658421020244908,0.04216343854815374,0.2239087836360676,16,19,0.0011809310709180185,9606,Homo sapiens,"EGR2;CDK19;NCOA6;PPARG","","R-HSA-1183058;R-HSA-9732629;R-HSA-560491;R-HSA-560493;R-HSA-381283;R-HSA-1183003;R-HSA-1183032;R-HSA-381262;R-HSA-560517;R-HSA-381290;R-HSA-560472;R-HSA-560473;R-HSA-560510;R-HSA-381309;R-HSA-560498;R-HSA-381337"
R-HSA-1296071,"Potassium Channels",5,107,0.00658421020244908,0.04216343854815374,0.2239087836360676,6,20,0.0012430853378084406,9606,Homo sapiens,"KCNJ8;GNB2;KCNQ2;KCNQ4;GNB3","","R-HSA-1013020;R-HSA-1013013;R-HSA-1013012;R-HSA-1296024;R-HSA-1296127;R-HSA-1369017"
R-HSA-6802948,"Signaling by high-kinase activity BRAF mutants",3,44,0.0027075256907267246,0.04357633043383291,0.2239087836360676,4,6,3.7292560134253216E-4,9606,Homo sapiens,"KSR1;KRAS","","R-HSA-6802912;R-HSA-6802911;R-HSA-6802910;R-HSA-6803227"
R-HSA-419037,"NCAM1 interactions",3,44,0.0027075256907267246,0.04357633043383291,0.2239087836360676,2,10,6.215426689042203E-4,9606,Homo sapiens,"CACNA1I;COL6A3","","R-HSA-525833;R-HSA-375151"
R-HSA-8964315,"G beta:gamma signalling through BTK",2,19,0.001169158820995631,0.04478175672721352,0.2239087836360676,3,3,1.8646280067126608E-4,9606,Homo sapiens,"GNB2;GNB3","","R-HSA-8964317;R-HSA-8964271;R-HSA-8964241"
R-HSA-193639,"p75NTR signals via NF-kB",2,19,0.001169158820995631,0.04478175672721352,0.2239087836360676,10,13,8.080054695754863E-4,9606,Homo sapiens,"IRAK1","","R-HSA-193665;R-HSA-193686;R-HSA-193703;R-HSA-193684;R-HSA-193641;R-HSA-193705;R-HSA-193694;R-HSA-209566;R-HSA-193695;R-HSA-193647"
R-HSA-416700,"Other semaphorin interactions",2,19,0.001169158820995631,0.04478175672721352,0.2239087836360676,3,9,5.593884020137983E-4,9606,Homo sapiens,"PLXND1;ITGA1","","R-HSA-416690;R-HSA-434990;R-HSA-416683"
R-HSA-9027284,"Erythropoietin activates RAS",2,19,0.001169158820995631,0.04478175672721352,0.2239087836360676,1,8,4.972341351233762E-4,9606,Homo sapiens,"KRAS","","R-HSA-9029158"
R-HSA-9981148,"Developmental Lineage of Pancreatic Endocrine Mid Progenitor Cells",3,45,0.0027690603655159685,0.04603421735287949,0.23017108676439746,1,2,1.2430853378084405E-4,9606,Homo sapiens,"LAMA5;LAMB2","","R-HSA-9910610"
R-HSA-9931953,"Biofilm formation",3,45,0.0027690603655159685,0.04603421735287949,0.23017108676439746,1,11,6.836969357946423E-4,9606,Homo sapiens,"LAMA5;LAMB2","","R-HSA-9638589"
R-HSA-8875878,"MET promotes cell motility",3,45,0.0027690603655159685,0.04603421735287949,0.23017108676439746,1,12,7.458512026850643E-4,9606,Homo sapiens,"LAMA5;LAMB2","","R-HSA-8874079"
R-HSA-382556,"ABC-family protein mediated transport",5,111,0.006830348901606055,0.047950219001267724,0.23975109500633862,5,27,0.0016781652060413948,9606,Homo sapiens,"ABCC2;ABCB4;ABCB8;ABCB9","","R-HSA-1454916;R-HSA-5678706;R-HSA-382560;R-HSA-1467457;R-HSA-5223317"
R-HSA-9648002,"RAS processing",3,46,0.002830595040305212,0.0485593288417554,0.242796644208777,16,21,0.0013052396046988625,9606,Homo sapiens,"KRAS","","R-HSA-9653585;R-HSA-9654523;R-HSA-9653595;R-HSA-9647994;R-HSA-9654521;R-HSA-9653592;R-HSA-9647999;R-HSA-9653503;R-HSA-9654525;R-HSA-9654533;R-HSA-9649733;R-HSA-9649732;R-HSA-9647978;R-HSA-9647977;R-HSA-9647982;R-HSA-9647980"
R-HSA-1474228,"Degradation of the extracellular matrix",6,148,0.009107131868808073,0.04857052024245401,0.24285260121227004,4,105,0.006526198023494313,9606,Homo sapiens,"LAMA5;NCSTN;LAMB2;COL6A3;A2M","","R-HSA-2533874;R-HSA-1564112;R-HSA-2534206;R-HSA-1454781"
R-HSA-388844,"Receptor-type tyrosine-protein phosphatases",2,20,0.0012306934957848747,0.049061040167528436,0.24530520083764218,3,6,3.7292560134253216E-4,9606,Homo sapiens,"PTPRF","","R-HSA-6798258;R-HSA-6798257;R-HSA-388824"
R-HSA-8849471,"PTK6 Regulates RHO GTPases, RAS GTPase and MAP kinases",2,20,0.0012306934957848747,0.049061040167528436,0.24530520083764218,2,13,8.080054695754863E-4,9606,Homo sapiens,"KRAS","","R-HSA-8981353;R-HSA-8981355"
R-HSA-451927,"Interleukin-2 family signaling",3,47,0.0028921297150944557,0.051150995338683836,0.25089151230052575,49,59,0.0036671017465348997,9606,Homo sapiens,"STAT1;PTK2B;JAK1","","R-HSA-912527;R-HSA-452100;R-HSA-508292;R-HSA-8983309;R-HSA-452097;R-HSA-8983425;R-HSA-450063;R-HSA-8983424;R-HSA-8983299;R-HSA-452108;R-HSA-8983298;R-HSA-9006850;R-HSA-8983300;R-HSA-8985988;R-HSA-9006873;R-HSA-9005980;R-HSA-452122;R-HSA-913424;R-HSA-8963734;R-HSA-9006870;R-HSA-508451;R-HSA-8985900;R-HSA-9011748;R-HSA-9009700;R-HSA-8983335;R-HSA-8985914;R-HSA-451900;R-HSA-8985929;R-HSA-8983371;R-HSA-8983374;R-HSA-508247;R-HSA-8983384;R-HSA-913374;R-HSA-8983378;R-HSA-449115;R-HSA-8985943;R-HSA-451942;R-HSA-919404;R-HSA-508513;R-HSA-8985966;R-HSA-8983394;R-HSA-450027;R-HSA-453111;R-HSA-8985981;R-HSA-9006844;R-HSA-453104;R-HSA-8985973;R-HSA-508282;R-HSA-452091"
R-HSA-8853333,"Signaling by FGFR2 fusions",1,3,1.8460402436773122E-4,0.051431833795705595,0.25089151230052575,2,2,1.2430853378084405E-4,9606,Homo sapiens,"FGFR2","","R-HSA-8853319;R-HSA-8853313"
R-HSA-5656364,"Defective SLC5A1 causes congenital glucose/galactose malabsorption (GGM)",1,3,1.8460402436773122E-4,0.051431833795705595,0.25089151230052575,1,1,6.215426689042202E-5,9606,Homo sapiens,"SLC5A1","","R-HSA-5656356"
R-HSA-9916720,"Mitochondrial short-chain enoyl-CoA hydratase deficiency 1",1,3,1.8460402436773122E-4,0.051431833795705595,0.25089151230052575,1,1,6.215426689042202E-5,9606,Homo sapiens,"ECHS1","","R-HSA-9916717"
R-HSA-5619092,"Defective SLC9A6 causes  X-linked, syndromic mental retardation,, Christianson type (MRXSCH)",1,3,1.8460402436773122E-4,0.051431833795705595,0.25089151230052575,1,1,6.215426689042202E-5,9606,Homo sapiens,"SLC9A6","","R-HSA-5661039"
R-HSA-190704,"Oligomerization of connexins into connexons",1,3,1.8460402436773122E-4,0.051431833795705595,0.25089151230052575,2,3,1.8646280067126608E-4,9606,Homo sapiens,"GJB1","","R-HSA-190681;R-HSA-190687"
R-HSA-190827,"Transport of connexins along the secretory pathway",1,3,1.8460402436773122E-4,0.051431833795705595,0.25089151230052575,1,2,1.2430853378084405E-4,9606,Homo sapiens,"GJB1","","R-HSA-190698"
R-HSA-432030,"Transport of glycerol from adipocytes to the liver by Aquaporins",1,3,1.8460402436773122E-4,0.051431833795705595,0.25089151230052575,1,2,1.2430853378084405E-4,9606,Homo sapiens,"AQP7","","R-HSA-432074"
R-HSA-8964616,"G beta:gamma signalling through CDC42",2,21,0.0012922281705741185,0.053481758753970765,0.25089151230052575,5,6,3.7292560134253216E-4,9606,Homo sapiens,"GNB2;GNB3","","R-HSA-8964634;R-HSA-8964604;R-HSA-8964605;R-HSA-8964614;R-HSA-8964599"
R-HSA-1250347,"SHC1 events in ERBB4 signaling",2,21,0.0012922281705741185,0.053481758753970765,0.25089151230052575,1,4,2.486170675616881E-4,9606,Homo sapiens,"KRAS","","R-HSA-1250383"
R-HSA-9702518,"STAT5 activation downstream of FLT3 ITD mutants",2,21,0.0012922281705741185,0.053481758753970765,0.25089151230052575,1,14,8.701597364659083E-4,9606,Homo sapiens,"PIM1","","R-HSA-9703436"
R-HSA-9607240,"FLT3 Signaling",3,48,0.0029536643898836995,0.053808508509181174,0.25089151230052575,5,43,0.002672633476288147,9606,Homo sapiens,"GRB10;KRAS","","R-HSA-9706340;R-HSA-9706308;R-HSA-9607304;R-HSA-9706344;R-HSA-9706345"
R-HSA-198725,"Nuclear Events (kinase and transcription factor activation)",4,80,0.004922773983139499,0.05417443375308695,0.25089151230052575,16,48,0.0029834048107402573,9606,Homo sapiens,"EGR2;PPP2R1A;SRF","","R-HSA-9031624;R-HSA-9612534;R-HSA-9613210;R-HSA-9031616;R-HSA-9613213;R-HSA-9612509;R-HSA-9612514;R-HSA-9612483;R-HSA-9613219;R-HSA-9031610;R-HSA-199959;R-HSA-9613476;R-HSA-9612516;R-HSA-9612073;R-HSA-9612076;R-HSA-9612493"
R-HSA-111885,"Opioid Signalling",5,115,0.00707648760076303,0.05418459446065238,0.25089151230052575,13,59,0.0036671017465348997,9606,Homo sapiens,"PPP2R1A;GNB2;ITPR1;GNB3;GNAI2","","R-HSA-167429;R-HSA-170666;R-HSA-392206;R-HSA-167433;R-HSA-170671;R-HSA-112271;R-HSA-170674;R-HSA-169683;R-HSA-167408;R-HSA-169680;R-HSA-167419;R-HSA-170686;R-HSA-201790"
R-HSA-9924644,"Developmental Lineages of the Mammary Gland",4,81,0.0049843086579287425,0.056187497314032275,0.25089151230052575,6,8,4.972341351233762E-4,9606,Homo sapiens,"ESR1;EGFR","","R-HSA-9925879;R-HSA-9960183;R-HSA-9925892;R-HSA-9927428;R-HSA-9960175;R-HSA-9927438"
R-HSA-4086398,"Ca2+ pathway",4,81,0.0049843086579287425,0.056187497314032275,0.25089151230052575,8,27,0.0016781652060413948,9606,Homo sapiens,"GNB2;ITPR1;GNB3;KRAS","","R-HSA-169680;R-HSA-4332359;R-HSA-398193;R-HSA-4420052;R-HSA-3965444;R-HSA-3965447;R-HSA-3965441;R-HSA-398040"
R-HSA-204998,"Cell death signalling via NRAGE, NRIF and NADE",4,81,0.0049843086579287425,0.056187497314032275,0.25089151230052575,3,17,0.0010566225371371745,9606,Homo sapiens,"YWHAE;NCSTN;ITSN1;KALRN","","R-HSA-204981;R-HSA-205112;R-HSA-205039"
R-HSA-9656223,"Signaling by RAF1 mutants",3,49,0.0030151990646729433,0.05653112350403189,0.25089151230052575,6,7,4.350798682329542E-4,9606,Homo sapiens,"KSR1;KRAS","","R-HSA-9656211;R-HSA-9656209;R-HSA-9656215;R-HSA-9656214;R-HSA-9656213;R-HSA-9656212"
R-HSA-5674135,"MAP2K and MAPK activation",3,49,0.0030151990646729433,0.05653112350403189,0.25089151230052575,8,12,7.458512026850643E-4,9606,Homo sapiens,"KSR1;KRAS","","R-HSA-9657603;R-HSA-5672980;R-HSA-5672978;R-HSA-9657606;R-HSA-5672972;R-HSA-9657608;R-HSA-5672973;R-HSA-9657599"
R-HSA-139853,"Elevation of cytosolic Ca2+ levels",2,22,0.0013537628453633623,0.05803771368947319,0.25089151230052575,2,5,3.1077133445211015E-4,9606,Homo sapiens,"P2RX1;ITPR1","","R-HSA-139854;R-HSA-139855"
R-HSA-991365,"Activation of GABAB receptors",3,50,0.003076733739462187,0.059318061138741274,0.25089151230052575,8,8,4.972341351233762E-4,9606,Homo sapiens,"GNB2;GNB3;GNAI2","","R-HSA-170674;R-HSA-1013020;R-HSA-170666;R-HSA-1013013;R-HSA-392206;R-HSA-1013012;R-HSA-170686;R-HSA-170671"
R-HSA-977444,"GABA B receptor activation",3,50,0.003076733739462187,0.059318061138741274,0.25089151230052575,8,9,5.593884020137983E-4,9606,Homo sapiens,"GNB2;GNB3;GNAI2","","R-HSA-170674;R-HSA-1013020;R-HSA-170666;R-HSA-1013013;R-HSA-392206;R-HSA-1013012;R-HSA-170686;R-HSA-170671"
R-HSA-381676,"Glucagon-like Peptide-1 (GLP1) regulates insulin secretion",3,50,0.003076733739462187,0.059318061138741274,0.25089151230052575,5,12,7.458512026850643E-4,9606,Homo sapiens,"GNB2;ITPR1;GNB3","","R-HSA-422320;R-HSA-381612;R-HSA-381644;R-HSA-9728664;R-HSA-381706"
R-HSA-3000171,"Non-integrin membrane-ECM interactions",4,83,0.00510737800750723,0.06033298580136903,0.25089151230052575,13,33,0.002051090807383927,9606,Homo sapiens,"LAMA5;LAMB2;SDC1","","R-HSA-9913335;R-HSA-2731081;R-HSA-9913333;R-HSA-2328129;R-HSA-2681675;R-HSA-2731075;R-HSA-2731074;R-HSA-2731141;R-HSA-2684507;R-HSA-2426355;R-HSA-2731123;R-HSA-2731122;R-HSA-9914537"
R-HSA-9748784,"Drug ADME",8,238,0.01464525259984001,0.06175016425919477,0.25089151230052575,15,121,0.007520666293741065,9606,Homo sapiens,"PON3;ABCC2;SULT1E1;ABCB4;SLCO1B3;SLCO1A2;UGT2B4;CES3","","R-HSA-2161538;R-HSA-9756150;R-HSA-9756177;R-HSA-9757010;R-HSA-9757139;R-HSA-9753277;R-HSA-9759454;R-HSA-9753278;R-HSA-9794270;R-HSA-9759461;R-HSA-174931;R-HSA-9659680;R-HSA-9750656;R-HSA-9749792;R-HSA-9756136"
R-HSA-5654743,"Signaling by FGFR4",3,51,0.0031382684142514305,0.062168509996753385,0.25089151230052575,10,41,0.002548324942507303,9606,Homo sapiens,"PPP2R1A;KRAS","","R-HSA-5654663;R-HSA-934559;R-HSA-1295632;R-HSA-8941613;R-HSA-1295622;R-HSA-1295609;R-HSA-1549564;R-HSA-5654426;R-HSA-1295599;R-HSA-1295613"
R-HSA-1839117,"Signaling by cytosolic FGFR1 fusion mutants",2,23,0.001415297520152606,0.06272287807513144,0.25089151230052575,14,14,8.701597364659083E-4,9606,Homo sapiens,"BCR;STAT1","","R-HSA-1839102;R-HSA-1839039;R-HSA-1839065;R-HSA-1839067;R-HSA-1839031;R-HSA-1839095;R-HSA-1839091;R-HSA-1839112;R-HSA-1839080;R-HSA-1839114;R-HSA-1839110;R-HSA-1839078;R-HSA-1888198;R-HSA-1839107"
R-HSA-418217,"G beta:gamma signalling through PLC beta",2,23,0.001415297520152606,0.06272287807513144,0.25089151230052575,2,2,1.2430853378084405E-4,9606,Homo sapiens,"GNB2;GNB3","","R-HSA-398193;R-HSA-398040"
R-HSA-500657,"Presynaptic function of Kainate receptors",2,23,0.001415297520152606,0.06272287807513144,0.25089151230052575,1,2,1.2430853378084405E-4,9606,Homo sapiens,"GNB2;GNB3","","R-HSA-500717"
R-HSA-8849932,"Synaptic adhesion-like molecules",2,23,0.001415297520152606,0.06272287807513144,0.25089151230052575,1,8,4.972341351233762E-4,9606,Homo sapiens,"PTPRF","","R-HSA-8855648"
R-HSA-210993,"Tie2 Signaling",2,23,0.001415297520152606,0.06272287807513144,0.25089151230052575,1,14,8.701597364659083E-4,9606,Homo sapiens,"KRAS","","R-HSA-210977"
R-HSA-3928662,"EPHB-mediated forward signaling",3,52,0.0031998030890406743,0.0650816284584883,0.2603265138339532,9,26,0.0016160109391509727,9606,Homo sapiens,"ROCK2;ITSN1;KALRN","","R-HSA-3928601;R-HSA-3928617;R-HSA-3928632;R-HSA-3928600;R-HSA-3928595;R-HSA-3928577;R-HSA-3928576;R-HSA-3928644;R-HSA-3928612"
R-HSA-416476,"G alpha (q) signalling events",9,284,0.01747584764014522,0.06624573980322779,0.26498295921291115,12,35,0.002175399341164771,9606,Homo sapiens,"DGKD;PRKCE;GNB2;ITPR1;GNB3;KRAS;KALRN;EGFR","","R-HSA-749448;R-HSA-425861;R-HSA-426240;R-HSA-2179415;R-HSA-749452;R-HSA-139941;R-HSA-2179387;R-HSA-750993;R-HSA-139854;R-HSA-400586;R-HSA-379048;R-HSA-2179407"
R-HSA-216083,"Integrin cell surface interactions",4,86,0.005291982031874962,0.06684699472917244,0.26738797891668975,8,55,0.0034184846789732117,9606,Homo sapiens,"ITGA1;COL6A3;ITGA7","","R-HSA-4084910;R-HSA-2484965;R-HSA-114563;R-HSA-4084903;R-HSA-2467436;R-HSA-216040;R-HSA-2327695;R-HSA-4084912"
R-HSA-392851,"Prostacyclin signalling through prostacyclin receptor",2,24,0.0014768321949418497,0.06753139283373133,0.2701255713349253,3,5,3.1077133445211015E-4,9606,Homo sapiens,"GNB2;GNB3","","R-HSA-392852;R-HSA-392870;R-HSA-392874"
R-HSA-9013422,"RHOBTB1 GTPase cycle",2,24,0.0014768321949418497,0.06753139283373133,0.2701255713349253,1,2,1.2430853378084405E-4,9606,Homo sapiens,"SPEN;ROCK2","","R-HSA-9018778"
R-HSA-449836,"Other interleukin signaling",2,24,0.0014768321949418497,0.06753139283373133,0.2701255713349253,3,17,0.0010566225371371745,9606,Homo sapiens,"SDC1;JAK1","","R-HSA-448661;R-HSA-9009554;R-HSA-9009558"
R-HSA-8874177,"ATF6B (ATF6-beta) activates chaperones",1,4,2.4613869915697496E-4,0.06798310141305319,0.27193240565221277,5,5,3.1077133445211015E-4,9606,Homo sapiens,"ATF6B","","R-HSA-8874162;R-HSA-8874145;R-HSA-8874122;R-HSA-8874138;R-HSA-8874137"
R-HSA-9649913,"RAS GTPase cycle mutants",1,4,2.4613869915697496E-4,0.06798310141305319,0.27193240565221277,2,2,1.2430853378084405E-4,9606,Homo sapiens,"KRAS","","R-HSA-9651280;R-HSA-6802834"
R-HSA-9753512,"Signaling by RAS GTPase mutants",1,4,2.4613869915697496E-4,0.06798310141305319,0.27193240565221277,1,1,6.215426689042202E-5,9606,Homo sapiens,"KRAS","","R-HSA-6802834"
R-HSA-5678771,"Defective ABCB4 causes PFIC3, ICP3 and GBD1",1,4,2.4613869915697496E-4,0.06798310141305319,0.27193240565221277,1,1,6.215426689042202E-5,9606,Homo sapiens,"ABCB4","","R-HSA-5678749"
R-HSA-5083627,"Defective LARGE causes MDDGA6 and MDDGB6",1,4,2.4613869915697496E-4,0.06798310141305319,0.27193240565221277,1,1,6.215426689042202E-5,9606,Homo sapiens,"LARGE","","R-HSA-6785668"
R-HSA-9753510,"Signaling by RAS GAP mutants",1,4,2.4613869915697496E-4,0.06798310141305319,0.27193240565221277,1,1,6.215426689042202E-5,9606,Homo sapiens,"KRAS","","R-HSA-9651280"
R-HSA-9853846,"Defective ANO6 does not expose PS, PE on the platelet membrane",1,4,2.4613869915697496E-4,0.06798310141305319,0.27193240565221277,1,1,6.215426689042202E-5,9606,Homo sapiens,"ANO6","","R-HSA-9853849"
R-HSA-5357609,"Glycogen storage disease type II (GAA)",1,4,2.4613869915697496E-4,0.06798310141305319,0.27193240565221277,1,1,6.215426689042202E-5,9606,Homo sapiens,"GAA","","R-HSA-9036729"
R-HSA-9660821,"ADORA2B mediated anti-inflammatory cytokines production",3,53,0.003261337763829918,0.06805654665847782,0.2722261866339113,4,12,7.458512026850643E-4,9606,Homo sapiens,"GNB2;GNB3;GNAI2","","R-HSA-9660819;R-HSA-392129;R-HSA-9660824;R-HSA-9660828"
R-HSA-5654741,"Signaling by FGFR3",3,53,0.003261337763829918,0.06805654665847782,0.2722261866339113,10,43,0.002672633476288147,9606,Homo sapiens,"PPP2R1A;KRAS","","R-HSA-5654647;R-HSA-934559;R-HSA-1295632;R-HSA-8941628;R-HSA-1295622;R-HSA-1295609;R-HSA-5654413;R-HSA-1549564;R-HSA-1295599;R-HSA-1295613"
R-HSA-1362409,"Mitochondrial iron-sulfur cluster biogenesis",2,25,0.0015383668697310936,0.07245756272239312,0.2898302508895725,3,6,3.7292560134253216E-4,9606,Homo sapiens,"FH;GLRX5","","R-HSA-1362416;R-HSA-8878815;R-HSA-1362408"
R-HSA-9705683,"SARS-CoV-2-host interactions",8,247,0.015199064672943203,0.07298631287965862,0.2919452515186345,7,68,0.004226490148548698,9606,Homo sapiens,"YWHAE;HSP90AB1;NUP210;IRAK1;STAT1;JAK1","","R-HSA-909726;R-HSA-9709852;R-HSA-9729500;R-HSA-168184;R-HSA-9729454;R-HSA-9768142;R-HSA-9708889"
R-HSA-1280215,"Cytokine Signaling in Immune system",28,1193,0.07341086702356778,0.07448716535040323,0.2959946691876092,320,823,0.05115296165081733,9606,Homo sapiens,"LAMA5;TNFSF14;NUP210;STAT1;IL1R1;PTPN23;IRAK1;PPP2R1A;PIM1;GRB10;LCN2;PTK2B;SDC1;KRAS;MAP2K7;JAK1","","R-HSA-452100;R-HSA-9732753;R-HSA-452097;R-HSA-450063;R-HSA-1112602;R-HSA-452108;R-HSA-8987266;R-HSA-1112604;R-HSA-8950405;R-HSA-8987270;R-HSA-9732738;R-HSA-8982163;R-HSA-9607304;R-HSA-8982162;R-HSA-1112587;R-HSA-452122;R-HSA-8982165;R-HSA-913424;R-HSA-8963734;R-HSA-8950441;R-HSA-6783556;R-HSA-508451;R-HSA-6783552;R-HSA-6786124;R-HSA-1031716;R-HSA-1031713;R-HSA-8937656;R-HSA-5668454;R-HSA-8950448;R-HSA-8950453;R-HSA-6783524;R-HSA-6786095;R-HSA-6783530;R-HSA-450133;R-HSA-6809140;R-HSA-6786096;R-HSA-6786110;R-HSA-449115;R-HSA-8950485;R-HSA-6784006;R-HSA-1112690;R-HSA-6786050;R-HSA-508513;R-HSA-5676593;R-HSA-6788623;R-HSA-5668414;R-HSA-6788622;R-HSA-9705726;R-HSA-6786058;R-HSA-9833723;R-HSA-1067646;R-HSA-1112703;R-HSA-9678561;R-HSA-8950522;R-HSA-6788628;R-HSA-913529;R-HSA-9006844;R-HSA-9008894;R-HSA-5676591;R-HSA-450173;R-HSA-8950518;R-HSA-6786072;R-HSA-912527;R-HSA-450690;R-HSA-8987150;R-HSA-1112727;R-HSA-8987141;R-HSA-1295519;R-HSA-450187;R-HSA-1295516;R-HSA-8987161;R-HSA-448660;R-HSA-9680385;R-HSA-448661;R-HSA-1067651;R-HSA-1112708;R-HSA-9680389;R-HSA-9680388;R-HSA-1067659;R-HSA-8987156;R-HSA-8983063;R-HSA-8987179;R-HSA-1112755;R-HSA-6783681;R-HSA-1295540;R-HSA-6784204;R-HSA-9674808;R-HSA-446634;R-HSA-9011748;R-HSA-9009700;R-HSA-1067688;R-HSA-446648;R-HSA-9009227;R-HSA-448708;R-HSA-9678935;R-HSA-8987202;R-HSA-8950340;R-HSA-1264832;R-HSA-9674816;R-HSA-8987230;R-HSA-5668481;R-HSA-877269;R-HSA-446684;R-HSA-8950354;R-HSA-6784189;R-HSA-8987218;R-HSA-8987220;R-HSA-448728;R-HSA-446694;R-HSA-168162;R-HSA-5668534;R-HSA-446692;R-HSA-6785165;R-HSA-446701;R-HSA-877281;R-HSA-9732729;R-HSA-8987236;R-HSA-448744;R-HSA-9836664;R-HSA-877308;R-HSA-8854645;R-HSA-168184;R-HSA-909552;R-HSA-8987255;R-HSA-6785895;R-HSA-9730967;R-HSA-9734547;R-HSA-8983425;R-HSA-8983424;R-HSA-8984963;R-HSA-450827;R-HSA-449803;R-HSA-8987012;R-HSA-8985988;R-HSA-8984964;R-HSA-8987015;R-HSA-8987014;R-HSA-8987033;R-HSA-199959;R-HSA-449811;R-HSA-9005980;R-HSA-8987039;R-HSA-9758604;R-HSA-9009554;R-HSA-9009558;R-HSA-9696179;R-HSA-6784324;R-HSA-6784323;R-HSA-912680;R-HSA-9835443;R-HSA-8983983;R-HSA-450337;R-HSA-8987040;R-HSA-8987043;R-HSA-9954237;R-HSA-8987042;R-HSA-450346;R-HSA-8950716;R-HSA-8983996;R-HSA-8987070;R-HSA-9025969;R-HSA-451900;R-HSA-445757;R-HSA-8848316;R-HSA-8848314;R-HSA-445752;R-HSA-8987063;R-HSA-445753;R-HSA-8987080;R-HSA-8987084;R-HSA-8984012;R-HSA-8950733;R-HSA-8984014;R-HSA-8984001;R-HSA-8950210;R-HSA-8940998;R-HSA-9680348;R-HSA-8987097;R-HSA-508247;R-HSA-8987096;R-HSA-8983003;R-HSA-8983518;R-HSA-6784319;R-HSA-451418;R-HSA-8984021;R-HSA-9707977;R-HSA-8984023;R-HSA-451942;R-HSA-9705461;R-HSA-919404;R-HSA-9705458;R-HSA-8987105;R-HSA-8987104;R-HSA-8950757;R-HSA-9705465;R-HSA-1168767;R-HSA-9705466;R-HSA-8952807;R-HSA-9705467;R-HSA-8987129;R-HSA-6784791;R-HSA-8987132;R-HSA-8950782;R-HSA-8987120;R-HSA-508282;R-HSA-6788582;R-HSA-8950537;R-HSA-9677585;R-HSA-508292;R-HSA-8983309;R-HSA-446862;R-HSA-6789615;R-HSA-8983299;R-HSA-8983298;R-HSA-9006850;R-HSA-8983300;R-HSA-446870;R-HSA-9006873;R-HSA-909725;R-HSA-909724;R-HSA-1168768;R-HSA-446868;R-HSA-8983835;R-HSA-8983834;R-HSA-909726;R-HSA-9007901;R-HSA-909721;R-HSA-909720;R-HSA-9705729;R-HSA-909722;R-HSA-9677579;R-HSA-1015702;R-HSA-909719;R-HSA-446877;R-HSA-909718;R-HSA-1015699;R-HSA-9705738;R-HSA-9006870;R-HSA-449958;R-HSA-9674546;R-HSA-8985900;R-HSA-9674550;R-HSA-8948015;R-HSA-446894;R-HSA-8983841;R-HSA-909732;R-HSA-909729;R-HSA-8983845;R-HSA-448427;R-HSA-9674558;R-HSA-8983335;R-HSA-1112510;R-HSA-909730;R-HSA-997311;R-HSA-873917;R-HSA-873919;R-HSA-997309;R-HSA-8985914;R-HSA-873918;R-HSA-5696482;R-HSA-9676071;R-HSA-8948018;R-HSA-6788571;R-HSA-449978;R-HSA-9674542;R-HSA-449976;R-HSA-8985929;R-HSA-997326;R-HSA-8983371;R-HSA-8986446;R-HSA-8983374;R-HSA-873924;R-HSA-873927;R-HSA-1112538;R-HSA-873926;R-HSA-873921;R-HSA-997314;R-HSA-873922;R-HSA-9706308;R-HSA-9674563;R-HSA-8983384;R-HSA-9674562;R-HSA-1112514;R-HSA-913374;R-HSA-9674567;R-HSA-8986972;R-HSA-8948063;R-HSA-8983378;R-HSA-8985943;R-HSA-1678841;R-HSA-8986985;R-HSA-5668789;R-HSA-9962876;R-HSA-1112565;R-HSA-448480;R-HSA-9710963;R-HSA-8985966;R-HSA-8948066;R-HSA-1176059;R-HSA-8983394;R-HSA-450027;R-HSA-451561;R-HSA-1169406;R-HSA-9706340;R-HSA-9681763;R-HSA-453111;R-HSA-6790036;R-HSA-8985981;R-HSA-453104;R-HSA-8987007;R-HSA-8986480;R-HSA-8986995;R-HSA-5675948;R-HSA-8986994;R-HSA-9710959;R-HSA-9706344;R-HSA-8985973;R-HSA-9706345;R-HSA-452091;R-HSA-6790041"
R-HSA-9634597,"GPER1 signaling",3,56,0.003445941788197649,0.07734301650242359,0.2959946691876092,5,10,6.215426689042203E-4,9606,Homo sapiens,"GNB2;GNB3;GNAI2","","R-HSA-392129;R-HSA-9036301;R-HSA-9036307;R-HSA-9624014;R-HSA-9036308"
R-HSA-9031628,"NGF-stimulated transcription",3,56,0.003445941788197649,0.07734301650242359,0.2959946691876092,15,37,0.002299707874945615,9606,Homo sapiens,"EGR2;SRF","","R-HSA-9031624;R-HSA-9612534;R-HSA-9613210;R-HSA-9031616;R-HSA-9613213;R-HSA-9612509;R-HSA-9612514;R-HSA-9612483;R-HSA-9613219;R-HSA-9031610;R-HSA-9613476;R-HSA-9612516;R-HSA-9612073;R-HSA-9612076;R-HSA-9612493"
R-HSA-202040,"G-protein activation",2,26,0.0015999015445203372,0.07749585243257662,0.2959946691876092,5,6,3.7292560134253216E-4,9606,Homo sapiens,"GNB2;GNB3","","R-HSA-167408;R-HSA-167429;R-HSA-167419;R-HSA-167433;R-HSA-112271"
R-HSA-450321,"JNK (c-Jun kinases) phosphorylation and  activation mediated by activated human TAK1",2,26,0.0015999015445203372,0.07749585243257662,0.2959946691876092,2,3,1.8646280067126608E-4,9606,Homo sapiens,"IRAK1;MAP2K7","","R-HSA-168162;R-HSA-450337"
R-HSA-9769735,"Initiation of coagulation cascade",2,26,0.0015999015445203372,0.07749585243257662,0.2959946691876092,11,18,0.0011187768040275966,9606,Homo sapiens,"F7;SDC1","","R-HSA-9929060;R-HSA-140769;R-HSA-9822513;R-HSA-9822512;R-HSA-9822514;R-HSA-9929054;R-HSA-9929051;R-HSA-9769737;R-HSA-140783;R-HSA-140748;R-HSA-9822522"
R-HSA-5654704,"SHC-mediated cascade:FGFR3",2,26,0.0015999015445203372,0.07749585243257662,0.2959946691876092,1,4,2.486170675616881E-4,9606,Homo sapiens,"KRAS","","R-HSA-5654647"
R-HSA-373760,"L1CAM interactions",5,130,0.007999507722601686,0.081540221349518,0.2959946691876092,4,54,0.0033563304120827896,9606,Homo sapiens,"LAMB2;ITGA1;KCNQ2;EGFR;SCN1A","","R-HSA-443778;R-HSA-445088;R-HSA-445069;R-HSA-373739"
R-HSA-9705462,"Inactivation of CSF3 (G-CSF) signaling",2,27,0.001661436219309581,0.08264088277540671,0.2959946691876092,9,9,5.593884020137983E-4,9606,Homo sapiens,"STAT1;JAK1","","R-HSA-9705461;R-HSA-9705729;R-HSA-9705458;R-HSA-9705726;R-HSA-9707977;R-HSA-9705465;R-HSA-9705738;R-HSA-9705466;R-HSA-9705467"
R-HSA-442982,"Ras activation upon Ca2+ influx through NMDA receptor",2,27,0.001661436219309581,0.08264088277540671,0.2959946691876092,1,2,1.2430853378084405E-4,9606,Homo sapiens,"KRAS","","R-HSA-442732"
R-HSA-5654719,"SHC-mediated cascade:FGFR4",2,27,0.001661436219309581,0.08264088277540671,0.2959946691876092,1,4,2.486170675616881E-4,9606,Homo sapiens,"KRAS","","R-HSA-5654426"
R-HSA-5654706,"FRS-mediated FGFR3 signaling",2,27,0.001661436219309581,0.08264088277540671,0.2959946691876092,2,9,5.593884020137983E-4,9606,Homo sapiens,"KRAS","","R-HSA-8941628;R-HSA-5654413"
R-HSA-5579030,"Defective CYP19A1 causes AEXS",1,5,3.0767337394621867E-4,0.08424656336518688,0.2959946691876092,1,1,6.215426689042202E-5,9606,Homo sapiens,"CYP19A1","","R-HSA-5601849"
R-HSA-5679001,"Defective ABCC2 causes DJS",1,5,3.0767337394621867E-4,0.08424656336518688,0.2959946691876092,1,1,6.215426689042202E-5,9606,Homo sapiens,"ABCC2","","R-HSA-5679031"
R-HSA-9673240,"Defective gamma-carboxylation of F9",1,5,3.0767337394621867E-4,0.08424656336518688,0.2959946691876092,1,1,6.215426689042202E-5,9606,Homo sapiens,"GGCX","","R-HSA-9673231"
R-HSA-73887,"Death Receptor Signaling",6,172,0.010583964063749923,0.08558726071446976,0.2959946691876092,14,119,0.007396357759960222,9606,Homo sapiens,"YWHAE;NCSTN;IRAK1;ITSN1;KALRN","","R-HSA-193665;R-HSA-193703;R-HSA-193641;R-HSA-193705;R-HSA-205039;R-HSA-193647;R-HSA-193682;R-HSA-193686;R-HSA-193684;R-HSA-204981;R-HSA-205112;R-HSA-193694;R-HSA-209566;R-HSA-193695"
R-HSA-156584,"Cytosolic sulfonation of small molecules",3,59,0.0036305458125653806,0.08715204045981273,0.2959946691876092,7,20,0.0012430853378084406,9606,Homo sapiens,"SULT1B1;SULT1E1","","R-HSA-176631;R-HSA-176517;R-HSA-176474;R-HSA-176664;R-HSA-176585;R-HSA-176521;R-HSA-176669"
R-HSA-9013507,"NOTCH3 Activation and Transmission of Signal to the Nucleus",2,28,0.0017229708940988246,0.08788742695081198,0.2959946691876092,4,15,9.323140033563305E-4,9606,Homo sapiens,"NCSTN;EGFR","","R-HSA-9017817;R-HSA-9018573;R-HSA-9018572;R-HSA-9013361"
R-HSA-5654712,"FRS-mediated FGFR4 signaling",2,28,0.0017229708940988246,0.08788742695081198,0.2959946691876092,2,9,5.593884020137983E-4,9606,Homo sapiens,"KRAS","","R-HSA-5654663;R-HSA-8941613"
R-HSA-8866654,"E3 ubiquitin ligases ubiquitinate target proteins",3,60,0.0036920804873546245,0.09053320754654481,0.2959946691876092,4,16,9.944682702467524E-4,9606,Homo sapiens,"UBE2J2;PEX14","","R-HSA-8943080;R-HSA-8953946;R-HSA-8943083;R-HSA-8953917"
R-HSA-8854691,"Interleukin-20 family signaling",2,29,0.0017845055688880684,0.09323040689850803,0.2959946691876092,49,56,0.0034806389458636334,9606,Homo sapiens,"STAT1;JAK1","","R-HSA-8987150;R-HSA-8987266;R-HSA-8987141;R-HSA-8987012;R-HSA-8987015;R-HSA-8987270;R-HSA-8987014;R-HSA-8987161;R-HSA-8987033;R-HSA-448661;R-HSA-8987039;R-HSA-8982163;R-HSA-8982162;R-HSA-8982165;R-HSA-8987156;R-HSA-8987179;R-HSA-8987040;R-HSA-8987043;R-HSA-8987042;R-HSA-8987070;R-HSA-8987063;R-HSA-8987080;R-HSA-9009227;R-HSA-448708;R-HSA-8987084;R-HSA-8986446;R-HSA-8987202;R-HSA-8987097;R-HSA-8987096;R-HSA-8986972;R-HSA-8987230;R-HSA-8987218;R-HSA-8987220;R-HSA-448728;R-HSA-8986985;R-HSA-448480;R-HSA-8987105;R-HSA-8987104;R-HSA-8987236;R-HSA-448744;R-HSA-8987129;R-HSA-8854645;R-HSA-8987132;R-HSA-8987007;R-HSA-8987120;R-HSA-8986480;R-HSA-8986995;R-HSA-8986994;R-HSA-8987255"
R-HSA-392451,"G beta:gamma signalling through PI3Kgamma",2,29,0.0017845055688880684,0.09323040689850803,0.2959946691876092,2,4,2.486170675616881E-4,9606,Homo sapiens,"GNB2;GNB3","","R-HSA-392295;R-HSA-392300"
R-HSA-9634638,"Estrogen-dependent nuclear events downstream of ESR-membrane signaling",2,29,0.0017845055688880684,0.09323040689850803,0.2959946691876092,2,12,7.458512026850643E-4,9606,Homo sapiens,"SRF;EGFR","","R-HSA-9625479;R-HSA-9625465"
R-HSA-9769726,"Defects of Coagulation cascade",2,29,0.0017845055688880684,0.09323040689850803,0.2959946691876092,2,18,0.0011187768040275966,9606,Homo sapiens,"GGCX;ANO6","","R-HSA-9673231;R-HSA-9853849"
R-HSA-162582,"Signal Transduction",63,3056,0.18804996615592887,0.09529126290279133,0.2959946691876092,506,2589,0.16091739697930263,9606,Homo sapiens,"ACVRL1;YWHAE;ARHGAP8;HSP90AB1;DGKD;PLXND1;ITSN1;PTPRK;CDC14A;PTPRF;DUSP10;PPP2R1A;GRB10;JAK1;KSR1;PRKCE;DUSP9;BCR;RARA;COL6A3;PPARG;TRIB3;LAMA5;KDM3A;ROCK2;SRF;ITPR1;KALRN;EGFR;GNAI2;NCSTN;IRAK1;GPNMB;PTK2B;CCL16;SPEN;EGR2;LAMB2;STAT1;TNK2;MYO9B;ARHGAP26;ESR1;MAPK13;ANLN;GNB2;GNB3;KRAS;FGFR2","","R-HSA-9018505;R-HSA-5654614;R-HSA-5654615;R-HSA-171011;R-HSA-9008267;R-HSA-5654612;R-HSA-9632918;R-HSA-9008271;R-HSA-5654608;R-HSA-9008270;R-HSA-9018497;R-HSA-5654622;R-HSA-9018499;R-HSA-5654620;R-HSA-9008258;R-HSA-392206;R-HSA-8981637;R-HSA-5654618;R-HSA-9018503;R-HSA-171026;R-HSA-392212;R-HSA-9008285;R-HSA-9021596;R-HSA-420883;R-HSA-9632906;R-HSA-9017488;R-HSA-5654607;R-HSA-8964241;R-HSA-8964242;R-HSA-5654605;R-HSA-9632910;R-HSA-5654603;R-HSA-5654600;R-HSA-9021609;R-HSA-5654647;R-HSA-9036970;R-HSA-9716913;R-HSA-2974731;R-HSA-8982703;R-HSA-8964271;R-HSA-9021601;R-HSA-9014433;R-HSA-9021600;R-HSA-9008315;R-HSA-9013437;R-HSA-9613476;R-HSA-8982709;R-HSA-201790;R-HSA-5672980;R-HSA-9018573;R-HSA-9625814;R-HSA-9038029;R-HSA-5672978;R-HSA-9018572;R-HSA-9716947;R-HSA-9612509;R-HSA-5672966;R-HSA-9612483;R-HSA-9009371;R-HSA-5672965;R-HSA-9604294;R-HSA-9021660;R-HSA-8964317;R-HSA-5672961;R-HSA-8980691;R-HSA-5672972;R-HSA-5672973;R-HSA-1250383;R-HSA-9612493;R-HSA-8964311;R-HSA-5672969;R-HSA-8867047;R-HSA-8964329;R-HSA-392295;R-HSA-5634103;R-HSA-382054;R-HSA-8867044;R-HSA-9612534;R-HSA-8867041;R-HSA-9654523;R-HSA-392300;R-HSA-9654521;R-HSA-9009378;R-HSA-193641;R-HSA-9653503;R-HSA-9657599;R-HSA-9038052;R-HSA-193647;R-HSA-9654525;R-HSA-5674022;R-HSA-9612514;R-HSA-5654562;R-HSA-5674018;R-HSA-5674019;R-HSA-2028651;R-HSA-9612516;R-HSA-5686318;R-HSA-109699;R-HSA-9021451;R-HSA-193665;R-HSA-9021450;R-HSA-109700;R-HSA-3601585;R-HSA-9860125;R-HSA-1250463;R-HSA-5666008;R-HSA-193682;R-HSA-9014296;R-HSA-193686;R-HSA-193684;R-HSA-5665998;R-HSA-9696266;R-HSA-193694;R-HSA-193695;R-HSA-9014295;R-HSA-5654729;R-HSA-379044;R-HSA-1250486;R-HSA-193703;R-HSA-8941613;R-HSA-9032751;R-HSA-8934446;R-HSA-5666046;R-HSA-1250488;R-HSA-193705;R-HSA-380073;R-HSA-379048;R-HSA-2316434;R-HSA-8941628;R-HSA-204981;R-HSA-8941618;R-HSA-8863804;R-HSA-8941623;R-HSA-5654677;R-HSA-400586;R-HSA-1250498;R-HSA-5654663;R-HSA-9012315;R-HSA-9012319;R-HSA-8874079;R-HSA-9027670;R-HSA-8982637;R-HSA-1295609;R-HSA-1549564;R-HSA-205039;R-HSA-109807;R-HSA-1295613;R-HSA-419049;R-HSA-9693282;R-HSA-109817;R-HSA-9013361;R-HSA-8982640;R-HSA-5654701;R-HSA-1295599;R-HSA-5654697;R-HSA-1295632;R-HSA-5692754;R-HSA-9023884;R-HSA-426240;R-HSA-5666129;R-HSA-9018766;R-HSA-9009536;R-HSA-419087;R-HSA-75016;R-HSA-5692764;R-HSA-9032067;R-HSA-9009541;R-HSA-419083;R-HSA-9018758;R-HSA-9612672;R-HSA-9018778;R-HSA-199959;R-HSA-1295622;R-HSA-2179387;R-HSA-5692749;R-HSA-109857;R-HSA-8851877;R-HSA-109858;R-HSA-9632182;R-HSA-5675376;R-HSA-5666160;R-HSA-9018785;R-HSA-5666169;R-HSA-5692768;R-HSA-5675373;R-HSA-5692781;R-HSA-205112;R-HSA-8851899;R-HSA-9018806;R-HSA-1306963;R-HSA-1306965;R-HSA-2130279;R-HSA-2130282;R-HSA-2130286;R-HSA-1306972;R-HSA-9017817;R-HSA-373073;R-HSA-5666049;R-HSA-419166;R-HSA-9624014;R-HSA-1306957;R-HSA-8944104;R-HSA-8944099;R-HSA-2179407;R-HSA-8964604;R-HSA-8982012;R-HSA-8964605;R-HSA-2179415;R-HSA-419197;R-HSA-8964599;R-HSA-9633044;R-HSA-750988;R-HSA-5228992;R-HSA-9657603;R-HSA-751001;R-HSA-9657606;R-HSA-9654533;R-HSA-4420052;R-HSA-8864029;R-HSA-750993;R-HSA-9657608;R-HSA-751019;R-HSA-751013;R-HSA-751039;R-HSA-9013567;R-HSA-751027;R-HSA-110011;R-HSA-751024;R-HSA-5218804;R-HSA-744887;R-HSA-744886;R-HSA-751029;R-HSA-8857925;R-HSA-9653585;R-HSA-9026891;R-HSA-9653595;R-HSA-9653592;R-HSA-751040;R-HSA-5675417;R-HSA-186834;R-HSA-8954207;R-HSA-9038161;R-HSA-9038163;R-HSA-8954199;R-HSA-8954208;R-HSA-9023840;R-HSA-9023845;R-HSA-9612671;R-HSA-8864105;R-HSA-9023846;R-HSA-9018745;R-HSA-5675431;R-HSA-167408;R-HSA-9018747;R-HSA-9009533;R-HSA-8851827;R-HSA-167419;R-HSA-8864125;R-HSA-9023859;R-HSA-9023861;R-HSA-9023860;R-HSA-9009526;R-HSA-5675433;R-HSA-8848005;R-HSA-6785636;R-HSA-8931981;R-HSA-9021068;R-HSA-167429;R-HSA-167433;R-HSA-9632412;R-HSA-9009817;R-HSA-9603719;R-HSA-6785648;R-HSA-9021072;R-HSA-9021079;R-HSA-1963581;R-HSA-5658231;R-HSA-1963582;R-HSA-1963578;R-HSA-1470012;R-HSA-1470010;R-HSA-1470009;R-HSA-1963563;R-HSA-3965444;R-HSA-3965447;R-HSA-8932020;R-HSA-8932021;R-HSA-3965441;R-HSA-1251922;R-HSA-5218830;R-HSA-9624272;R-HSA-5218826;R-HSA-8939201;R-HSA-8932033;R-HSA-8951490;R-HSA-8939203;R-HSA-8939204;R-HSA-139854;R-HSA-8932037;R-HSA-5218845;R-HSA-1963589;R-HSA-5218836;R-HSA-1963586;R-HSA-9011949;R-HSA-8932076;R-HSA-9011950;R-HSA-9011941;R-HSA-5218851;R-HSA-8932070;R-HSA-9011966;R-HSA-1977959;R-HSA-9011952;R-HSA-1251944;R-HSA-9021170;R-HSA-8932084;R-HSA-3928647;R-HSA-9036301;R-HSA-8982019;R-HSA-8982020;R-HSA-8964614;R-HSA-112271;R-HSA-1251997;R-HSA-934559;R-HSA-8964634;R-HSA-9851407;R-HSA-9036307;R-HSA-9036308;R-HSA-209566;R-HSA-139941;R-HSA-170666;R-HSA-9680443;R-HSA-381612;R-HSA-198314;R-HSA-157353;R-HSA-170671;R-HSA-9029158;R-HSA-170674;R-HSA-195251;R-HSA-182969;R-HSA-170686;R-HSA-182986;R-HSA-195275;R-HSA-182990;R-HSA-1980112;R-HSA-182994;R-HSA-169683;R-HSA-195283;R-HSA-169680;R-HSA-195280;R-HSA-182993;R-HSA-1980109;R-HSA-9649735;R-HSA-5654147;R-HSA-195287;R-HSA-9649733;R-HSA-9649732;R-HSA-183002;R-HSA-5654159;R-HSA-5654157;R-HSA-9649736;R-HSA-398040;R-HSA-212706;R-HSA-212710;R-HSA-195300;R-HSA-212713;R-HSA-195304;R-HSA-9021050;R-HSA-195318;R-HSA-8847995;R-HSA-183036;R-HSA-177922;R-HSA-177923;R-HSA-9730967;R-HSA-177926;R-HSA-9021325;R-HSA-177927;R-HSA-4332359;R-HSA-177924;R-HSA-177925;R-HSA-177930;R-HSA-9613210;R-HSA-183051;R-HSA-9024386;R-HSA-177934;R-HSA-177935;R-HSA-183055;R-HSA-177933;R-HSA-9613213;R-HSA-177938;R-HSA-183058;R-HSA-199443;R-HSA-9013144;R-HSA-177939;R-HSA-177936;R-HSA-177937;R-HSA-177942;R-HSA-177943;R-HSA-5658435;R-HSA-9625479;R-HSA-177941;R-HSA-6811504;R-HSA-5334854;R-HSA-9625482;R-HSA-183067;R-HSA-177944;R-HSA-177945;R-HSA-9634702;R-HSA-9625487;R-HSA-9013143;R-HSA-9658253;R-HSA-9021334;R-HSA-9013161;R-HSA-183072;R-HSA-5654399;R-HSA-5654397;R-HSA-9013159;R-HSA-183084;R-HSA-5654392;R-HSA-190258;R-HSA-9613219;R-HSA-183089;R-HSA-9031610;R-HSA-190260;R-HSA-6811472;R-HSA-9031624;R-HSA-9031616;R-HSA-8857549;R-HSA-5229343;R-HSA-8857555;R-HSA-9018334;R-HSA-6811454;R-HSA-8857565;R-HSA-9018325;R-HSA-5686071;R-HSA-1433456;R-HSA-8857583;R-HSA-1433471;R-HSA-380782;R-HSA-8857577;R-HSA-398193;R-HSA-9709547;R-HSA-9842665;R-HSA-1250195;R-HSA-749448;R-HSA-425861;R-HSA-9011981;R-HSA-749454;R-HSA-8858369;R-HSA-9011983;R-HSA-749453;R-HSA-9839376;R-HSA-749452;R-HSA-1433501;R-HSA-9011971;R-HSA-9634584;R-HSA-749446;R-HSA-9011975;R-HSA-9011997;R-HSA-9013022;R-HSA-9013009;R-HSA-9011985;R-HSA-9011984;R-HSA-749456;R-HSA-9839371;R-HSA-5672950;R-HSA-5672948;R-HSA-5672958;R-HSA-9013024;R-HSA-9012000;R-HSA-5672957;R-HSA-5672954;R-HSA-9674531;R-HSA-9612073;R-HSA-9612076;R-HSA-392129;R-HSA-190408;R-HSA-157640;R-HSA-5654426;R-HSA-190413;R-HSA-5654406;R-HSA-5654407;R-HSA-5654404;R-HSA-74707;R-HSA-5654402;R-HSA-201685;R-HSA-5654413;R-HSA-9024361;R-HSA-8981353;R-HSA-1254386;R-HSA-8981355;R-HSA-9653108;R-HSA-170986;R-HSA-9647994;R-HSA-9625465;R-HSA-1254392;R-HSA-9647999;R-HSA-74733;R-HSA-198640;R-HSA-74740;R-HSA-9014129;R-HSA-9647978;R-HSA-9647977;R-HSA-9647982;R-HSA-9013111;R-HSA-9013110;R-HSA-9647980"
R-HSA-428930,"Thromboxane signalling through TP receptor",2,30,0.0018460402436773122,0.09866488972920306,0.2959946691876092,6,8,4.972341351233762E-4,9606,Homo sapiens,"GNB2;GNB3","","R-HSA-428918;R-HSA-428917;R-HSA-428752;R-HSA-428750;R-HSA-428909;R-HSA-428749"
R-HSA-418592,"ADP signalling through P2Y purinoceptor 1",2,30,0.0018460402436773122,0.09866488972920306,0.2959946691876092,3,7,4.350798682329542E-4,9606,Homo sapiens,"GNB2;GNB3","","R-HSA-418581;R-HSA-418579;R-HSA-418576"
R-HSA-5621575,"CD209 (DC-SIGN) signaling",2,30,0.0018460402436773122,0.09866488972920306,0.2959946691876092,4,11,6.836969357946423E-4,9606,Homo sapiens,"KRAS","","R-HSA-5621573;R-HSA-5624486;R-HSA-5624492;R-HSA-5624494"
R-HSA-5654688,"SHC-mediated cascade:FGFR1",2,30,0.0018460402436773122,0.09866488972920306,0.2959946691876092,1,4,2.486170675616881E-4,9606,Homo sapiens,"KRAS","","R-HSA-5654600"
R-HSA-1251932,"PLCG1 events in ERBB2 signaling",1,6,3.6920804873546244E-4,0.10022720697441545,0.30068162092324635,2,2,1.2430853378084405E-4,9606,Homo sapiens,"EGFR","","R-HSA-1251922;R-HSA-1251944"
R-HSA-1296025,"ATP sensitive Potassium channels",1,6,3.6920804873546244E-4,0.10022720697441545,0.30068162092324635,2,2,1.2430853378084405E-4,9606,Homo sapiens,"KCNJ8","","R-HSA-1296024;R-HSA-1369017"
R-HSA-5579024,"Defective MAT1A causes MATD",1,6,3.6920804873546244E-4,0.10022720697441545,0.30068162092324635,1,1,6.215426689042202E-5,9606,Homo sapiens,"MAT1A","","R-HSA-5603087"
R-HSA-205025,"NADE modulates death signalling",1,6,3.6920804873546244E-4,0.10022720697441545,0.30068162092324635,1,3,1.8646280067126608E-4,9606,Homo sapiens,"YWHAE","","R-HSA-204981"
R-HSA-9007892,"Interleukin-38 signaling",1,6,3.6920804873546244E-4,0.10022720697441545,0.30068162092324635,1,5,3.1077133445211015E-4,9606,Homo sapiens,"IL1R1","","R-HSA-9007901"
R-HSA-9841922,"MLL4 and MLL3 complexes regulate expression of PPARG target genes in adipogenesis and hepatic steatosis",5,139,0.008553319795704879,0.1008933636490077,0.3026800909470231,37,37,0.002299707874945615,9606,Homo sapiens,"NCOA6;PPARG;PPARGC1B","","R-HSA-9859223;R-HSA-9856211;R-HSA-9851539;R-HSA-9843219;R-HSA-9859291;R-HSA-9859334;R-HSA-9859206;R-HSA-9841924;R-HSA-9851534;R-HSA-9859084;R-HSA-9851530;R-HSA-9859082;R-HSA-9859273;R-HSA-9859188;R-HSA-9854130;R-HSA-9843122;R-HSA-9854128;R-HSA-9843120;R-HSA-9843121;R-HSA-9859121;R-HSA-9854142;R-HSA-9859007;R-HSA-9842815;R-HSA-9843900;R-HSA-9859196;R-HSA-9854141;R-HSA-9859005;R-HSA-9856486;R-HSA-9859182;R-HSA-9843118;R-HSA-9843119;R-HSA-9859119;R-HSA-9843116;R-HSA-9842028;R-HSA-9843117;R-HSA-9843115;R-HSA-9843112"
R-HSA-9851695,"Epigenetic regulation of adipogenesis genes by MLL3 and MLL4 complexes",5,139,0.008553319795704879,0.1008933636490077,0.3026800909470231,37,37,0.002299707874945615,9606,Homo sapiens,"NCOA6;PPARG;PPARGC1B","","R-HSA-9859223;R-HSA-9856211;R-HSA-9851539;R-HSA-9843219;R-HSA-9859291;R-HSA-9859334;R-HSA-9859206;R-HSA-9841924;R-HSA-9851534;R-HSA-9859084;R-HSA-9851530;R-HSA-9859082;R-HSA-9859273;R-HSA-9859188;R-HSA-9854130;R-HSA-9843122;R-HSA-9854128;R-HSA-9843120;R-HSA-9843121;R-HSA-9859121;R-HSA-9854142;R-HSA-9859007;R-HSA-9842815;R-HSA-9843900;R-HSA-9859196;R-HSA-9854141;R-HSA-9859005;R-HSA-9856486;R-HSA-9859182;R-HSA-9843118;R-HSA-9843119;R-HSA-9859119;R-HSA-9843116;R-HSA-9842028;R-HSA-9843117;R-HSA-9843115;R-HSA-9843112"
R-HSA-9818564,"Epigenetic regulation of gene expression by MLL3 and MLL4 complexes",5,139,0.008553319795704879,0.1008933636490077,0.3026800909470231,39,40,0.0024861706756168812,9606,Homo sapiens,"NCOA6;PPARG;PPARGC1B","","R-HSA-9859223;R-HSA-9856211;R-HSA-9851539;R-HSA-9843219;R-HSA-9859291;R-HSA-9859334;R-HSA-9859206;R-HSA-9841924;R-HSA-9851534;R-HSA-9859084;R-HSA-9851530;R-HSA-9859082;R-HSA-9859273;R-HSA-9859188;R-HSA-9854130;R-HSA-9843122;R-HSA-9854128;R-HSA-9843120;R-HSA-9843121;R-HSA-9859121;R-HSA-9854142;R-HSA-9859007;R-HSA-9842815;R-HSA-9843900;R-HSA-9859196;R-HSA-9854141;R-HSA-9859005;R-HSA-9856486;R-HSA-9821412;R-HSA-9821410;R-HSA-9859182;R-HSA-9843118;R-HSA-9843119;R-HSA-9859119;R-HSA-9843116;R-HSA-9842028;R-HSA-9843117;R-HSA-9843115;R-HSA-9843112"
R-HSA-8986944,"Transcriptional Regulation by MECP2",4,100,0.006153467478924374,0.10175172100837748,0.30525516302513245,4,77,0.004785878550562496,9606,Homo sapiens,"IRAK1;PPARG","","R-HSA-9615829;R-HSA-9017441;R-HSA-9615801;R-HSA-9017447"
R-HSA-997272,"Inhibition  of voltage gated Ca2+ channels via Gbeta/gamma subunits",2,31,0.0019075749184665558,0.10418608423445475,0.31255825270336424,3,3,1.8646280067126608E-4,9606,Homo sapiens,"GNB2;GNB3","","R-HSA-1013020;R-HSA-1013013;R-HSA-1013012"
R-HSA-1296059,"G protein gated Potassium channels",2,31,0.0019075749184665558,0.10418608423445475,0.31255825270336424,3,3,1.8646280067126608E-4,9606,Homo sapiens,"GNB2;GNB3","","R-HSA-1013020;R-HSA-1013013;R-HSA-1013012"
R-HSA-1296041,"Activation of G protein gated Potassium channels",2,31,0.0019075749184665558,0.10418608423445475,0.31255825270336424,3,3,1.8646280067126608E-4,9606,Homo sapiens,"GNB2;GNB3","","R-HSA-1013020;R-HSA-1013013;R-HSA-1013012"
R-HSA-5654693,"FRS-mediated FGFR1 signaling",2,31,0.0019075749184665558,0.10418608423445475,0.31255825270336424,2,9,5.593884020137983E-4,9606,Homo sapiens,"KRAS","","R-HSA-5654392;R-HSA-8941623"
R-HSA-70221,"Glycogen breakdown (glycogenolysis)",2,31,0.0019075749184665558,0.10418608423445475,0.31255825270336424,2,16,9.944682702467524E-4,9606,Homo sapiens,"GAA;PHKA2","","R-HSA-71588;R-HSA-9036727"
R-HSA-5654736,"Signaling by FGFR1",3,64,0.003938219186511599,0.10458771367341768,0.31376314102025304,10,48,0.0029834048107402573,9606,Homo sapiens,"PPP2R1A;KRAS","","R-HSA-934559;R-HSA-1295632;R-HSA-1295622;R-HSA-1295609;R-HSA-1549564;R-HSA-1295599;R-HSA-5654392;R-HSA-5654600;R-HSA-1295613;R-HSA-8941623"
R-HSA-2682334,"EPH-Ephrin signaling",4,102,0.006276536828502861,0.10731197601787379,0.3171244307853538,11,56,0.0034806389458636334,9606,Homo sapiens,"NCSTN;ROCK2;ITSN1;KALRN","","R-HSA-3928601;R-HSA-3928617;R-HSA-3928632;R-HSA-3928600;R-HSA-3928616;R-HSA-3928595;R-HSA-3928577;R-HSA-3928656;R-HSA-3928576;R-HSA-3928644;R-HSA-3928612"
R-HSA-114608,"Platelet degranulation ",5,142,0.00873792382007261,0.10781319159314873,0.3171244307853538,3,11,6.836969357946423E-4,9606,Homo sapiens,"CHID1;ITIH4;ITIH3;SERPINA1;A2M","","R-HSA-481009;R-HSA-481007;R-HSA-351341"
R-HSA-9671793,"Diseases of hemostasis",2,32,0.0019691095932557997,0.10978933747329434,0.3171244307853538,2,23,0.0014295481384797065,9606,Homo sapiens,"GGCX;ANO6","","R-HSA-9673231;R-HSA-9853849"
R-HSA-9837999,"Mitochondrial protein degradation",4,104,0.006399606178081349,0.11300672319254224,0.3171244307853538,4,20,0.0012430853378084406,9606,Homo sapiens,"FH;SUCLG2;HMGCS2;ACADSB","","R-HSA-9838035;R-HSA-9838081;R-HSA-9838289;R-HSA-9838093"
R-HSA-445095,"Interaction between L1 and Ankyrins",2,33,0.0020306442680450435,0.11547013143430462,0.3171244307853538,1,4,2.486170675616881E-4,9606,Homo sapiens,"KCNQ2;SCN1A","","R-HSA-373739"
R-HSA-9006115,"Signaling by NTRK2 (TRKB)",2,33,0.0020306442680450435,0.11547013143430462,0.3171244307853538,2,38,0.002361862141836037,9606,Homo sapiens,"KRAS","","R-HSA-9026891;R-HSA-9032067"
R-HSA-5655332,"Signaling by FGFR3 in disease",2,33,0.0020306442680450435,0.11547013143430462,0.3171244307853538,1,21,0.0013052396046988625,9606,Homo sapiens,"KRAS","","R-HSA-5655277"
R-HSA-352230,"Amino acid transport across the plasma membrane",3,67,0.004122823210879331,0.11565499356632891,0.3171244307853538,3,35,0.002175399341164771,9606,Homo sapiens,"SLC38A3;SLC7A2","","R-HSA-352174;R-HSA-375790;R-HSA-375768"
R-HSA-9012999,"RHO GTPase cycle",12,460,0.02830595040305212,0.1158152754187709,0.3171244307853538,25,91,0.005656038287028405,9606,Homo sapiens,"BCR;SPEN;ANLN;ARHGAP8;HSP90AB1;PLXND1;ROCK2;ITSN1;PTK2B;MYO9B;ARHGAP26;KALRN","","R-HSA-9018766;R-HSA-8981637;R-HSA-9018758;R-HSA-9013144;R-HSA-9014296;R-HSA-9018778;R-HSA-9013022;R-HSA-9013009;R-HSA-9017488;R-HSA-9696266;R-HSA-8980691;R-HSA-9014295;R-HSA-9013143;R-HSA-9013161;R-HSA-9018785;R-HSA-9014433;R-HSA-9013024;R-HSA-9013159;R-HSA-9018745;R-HSA-9693282;R-HSA-9018747;R-HSA-9013437;R-HSA-9013111;R-HSA-9013110;R-HSA-9018806"
R-HSA-9014826,"Interleukin-36 pathway",1,7,4.3074272352470615E-4,0.11592993343786206,0.3171244307853538,3,3,1.8646280067126608E-4,9606,Homo sapiens,"IL1R1","","R-HSA-8848316;R-HSA-8848314;R-HSA-8940998"
R-HSA-9968551,"Regulation of GBP-mediated host defense",1,7,4.3074272352470615E-4,0.11592993343786206,0.3171244307853538,1,3,1.8646280067126608E-4,9606,Homo sapiens,"PIM1","","R-HSA-9954237"
R-HSA-165158,"Activation of AKT2",1,7,4.3074272352470615E-4,0.11592993343786206,0.3171244307853538,1,3,1.8646280067126608E-4,9606,Homo sapiens,"TRIB3","","R-HSA-109700"
R-HSA-74713,"IRS activation",1,7,4.3074272352470615E-4,0.11592993343786206,0.3171244307853538,1,3,1.8646280067126608E-4,9606,Homo sapiens,"GRB10","","R-HSA-74707"
R-HSA-977443,"GABA receptor activation",3,68,0.004184357885668575,0.11943854480797245,0.3171244307853538,8,12,7.458512026850643E-4,9606,Homo sapiens,"GNB2;GNB3;GNAI2","","R-HSA-170674;R-HSA-1013020;R-HSA-170666;R-HSA-1013013;R-HSA-392206;R-HSA-1013012;R-HSA-170686;R-HSA-170671"
R-HSA-5576891,"Cardiac conduction",5,147,0.00904559719401883,0.11984636187171027,0.3171244307853538,7,33,0.002051090807383927,9606,Homo sapiens,"SLC8A3;NPR2;ITPR1;CES3;SCN1A","","R-HSA-169683;R-HSA-5226904;R-HSA-5576895;R-HSA-9727567;R-HSA-425661;R-HSA-139854;R-HSA-5692408"
R-HSA-451326,"Activation of kainate receptors upon glutamate binding",2,34,0.0020921789428342873,0.12122407977133232,0.3171244307853538,1,6,3.7292560134253216E-4,9606,Homo sapiens,"GNB2;GNB3","","R-HSA-500717"
R-HSA-445717,"Aquaporin-mediated transport",3,69,0.0042458925604578176,0.1232674846359968,0.3171244307853538,8,25,0.0015538566722605508,9606,Homo sapiens,"GNB2;AQP7;GNB3","","R-HSA-432195;R-HSA-422320;R-HSA-507871;R-HSA-507870;R-HSA-507869;R-HSA-432188;R-HSA-507868;R-HSA-432074"
R-HSA-8939902,"Regulation of RUNX2 expression and activity",3,69,0.0042458925604578176,0.1232674846359968,0.3171244307853538,5,29,0.0018024737398222388,9606,Homo sapiens,"STAT1;ESR1;PPARGC1B","","R-HSA-8939900;R-HSA-9008015;R-HSA-9007999;R-HSA-8939904;R-HSA-8939938"
R-HSA-450294,"MAP kinase activation",3,69,0.0042458925604578176,0.1232674846359968,0.3171244307853538,4,32,0.0019889365404935047,9606,Homo sapiens,"IRAK1;PPP2R1A;MAP2K7","","R-HSA-168162;R-HSA-199959;R-HSA-450337;R-HSA-450346"
R-HSA-76005,"Response to elevated platelet cytosolic Ca2+",5,149,0.009168666543597317,0.12482977303361509,0.3171244307853538,3,14,8.701597364659083E-4,9606,Homo sapiens,"CHID1;ITIH4;ITIH3;SERPINA1;A2M","","R-HSA-481009;R-HSA-481007;R-HSA-351341"
R-HSA-5654708,"Downstream signaling of activated FGFR3",2,35,0.0021537136176235307,0.12704692461138778,0.3171244307853538,3,23,0.0014295481384797065,9606,Homo sapiens,"KRAS","","R-HSA-5654647;R-HSA-8941628;R-HSA-5654413"
R-HSA-420092,"Glucagon-type ligand receptors",2,35,0.0021537136176235307,0.12704692461138778,0.3171244307853538,1,8,4.972341351233762E-4,9606,Homo sapiens,"GNB2;GNB3","","R-HSA-381612"
R-HSA-9006335,"Signaling by Erythropoietin",2,35,0.0021537136176235307,0.12704692461138778,0.3171244307853538,1,25,0.0015538566722605508,9606,Homo sapiens,"KRAS","","R-HSA-9029158"
R-HSA-422356,"Regulation of insulin secretion",4,109,0.006707279552027568,0.1278095993609103,0.3171244307853538,13,38,0.002361862141836037,9606,Homo sapiens,"GNB2;ITPR1;GNB3;GNAI2","","R-HSA-400037;R-HSA-400097;R-HSA-400046;R-HSA-381612;R-HSA-381644;R-HSA-265166;R-HSA-9728664;R-HSA-381706;R-HSA-169683;R-HSA-169680;R-HSA-422320;R-HSA-400063;R-HSA-400092"
R-HSA-2426168,"Activation of gene expression by SREBF (SREBP)",3,71,0.004368961910036305,0.13105708243653957,0.3171244307853538,5,42,0.002610479209397725,9606,Homo sapiens,"NCOA6;ACACA","","R-HSA-1655848;R-HSA-1655850;R-HSA-2426160;R-HSA-1655826;R-HSA-1655845"
R-HSA-5638303,"Inhibition of Signaling by Overexpressed EGFR",1,8,4.922773983139499E-4,0.13135955930949694,0.3171244307853538,2,2,1.2430853378084405E-4,9606,Homo sapiens,"EGFR","","R-HSA-1248677;R-HSA-1225978"
R-HSA-8985586,"SLIT2:ROBO1 increases RHOA activity",1,8,4.922773983139499E-4,0.13135955930949694,0.3171244307853538,2,2,1.2430853378084405E-4,9606,Homo sapiens,"MYO9B","","R-HSA-8985594;R-HSA-8985591"
R-HSA-5638302,"Signaling by Overexpressed Wild-Type EGFR in Cancer",1,8,4.922773983139499E-4,0.13135955930949694,0.3171244307853538,2,2,1.2430853378084405E-4,9606,Homo sapiens,"EGFR","","R-HSA-1248677;R-HSA-1225978"
R-HSA-8937144,"Aryl hydrocarbon receptor signalling",1,8,4.922773983139499E-4,0.13135955930949694,0.3171244307853538,3,5,3.1077133445211015E-4,9606,Homo sapiens,"HSP90AB1","","R-HSA-8937169;R-HSA-8936849;R-HSA-8937191"
R-HSA-9017802,"Noncanonical activation of NOTCH3",1,8,4.922773983139499E-4,0.13135955930949694,0.3171244307853538,1,2,1.2430853378084405E-4,9606,Homo sapiens,"NCSTN","","R-HSA-9017817"
R-HSA-8981373,"Intestinal hexose absorption",1,8,4.922773983139499E-4,0.13135955930949694,0.3171244307853538,1,3,1.8646280067126608E-4,9606,Homo sapiens,"SLC5A1","","R-HSA-8932955"
R-HSA-9927432,"Developmental Lineage of Mammary Gland Myoepithelial Cells",2,36,0.0022152482924127745,0.13293453343332562,0.3171244307853538,2,2,1.2430853378084405E-4,9606,Homo sapiens,"EGFR","","R-HSA-9925879;R-HSA-9925892"
R-HSA-68962,"Activation of the pre-replicative complex",2,36,0.0022152482924127745,0.13293453343332562,0.3171244307853538,7,9,5.593884020137983E-4,9606,Homo sapiens,"MCM8;ORC3L","","R-HSA-68960;R-HSA-68914;R-HSA-68917;R-HSA-68916;R-HSA-68919;R-HSA-68918;R-HSA-68940"
R-HSA-456926,"Thrombin signalling through proteinase activated receptors (PARs)",2,36,0.0022152482924127745,0.13293453343332562,0.3171244307853538,6,16,9.944682702467524E-4,9606,Homo sapiens,"GNB2;GNB3","","R-HSA-396996;R-HSA-397891;R-HSA-114552;R-HSA-396941;R-HSA-397835;R-HSA-114558"
R-HSA-5654716,"Downstream signaling of activated FGFR4",2,36,0.0022152482924127745,0.13293453343332562,0.3171244307853538,3,23,0.0014295481384797065,9606,Homo sapiens,"KRAS","","R-HSA-5654663;R-HSA-8941613;R-HSA-5654426"
R-HSA-9008059,"Interleukin-37 signaling",2,36,0.0022152482924127745,0.13293453343332562,0.3171244307853538,1,14,8.701597364659083E-4,9606,Homo sapiens,"PTPN23","","R-HSA-9008894"
R-HSA-2424491,"DAP12 signaling",2,36,0.0022152482924127745,0.13293453343332562,0.3171244307853538,1,17,0.0010566225371371745,9606,Homo sapiens,"KRAS","","R-HSA-2424477"
R-HSA-70171,"Glycolysis",4,111,0.006830348901606055,0.13394776989682733,0.3171244307853538,4,23,0.0014295481384797065,9606,Homo sapiens,"PFKL;TPI1;NUP210;PPP2R1A","","R-HSA-70467;R-HSA-163750;R-HSA-70454;R-HSA-170796"
R-HSA-168643,"Nucleotide-binding domain, leucine rich repeat containing receptor (NLR) signaling pathways",3,72,0.004430496584825549,0.13501550951758623,0.3171244307853538,6,46,0.002859096276959413,9606,Homo sapiens,"HSP90AB1;IRAK1;MAPK13","","R-HSA-873951;R-HSA-844440;R-HSA-874087;R-HSA-168184;R-HSA-1247960;R-HSA-1306876"
R-HSA-9820952,"Respiratory Syncytial Virus Infection Pathway",5,154,0.009476339917543536,0.13769763191682804,0.3171244307853538,7,101,0.006277580955932624,9606,Homo sapiens,"CDK19;HSP90AB1;SDC1;EGFR;JAK1","","R-HSA-9836468;R-HSA-9835171;R-HSA-9836899;R-HSA-9834736;R-HSA-909719;R-HSA-9836857;R-HSA-9837625"
R-HSA-182971,"EGFR downregulation",2,37,0.0022767829672020183,0.1388828960155667,0.3171244307853538,19,22,0.0013673938715892846,9606,Homo sapiens,"PTPRK;EGFR","","R-HSA-8867047;R-HSA-183072;R-HSA-8867044;R-HSA-8867041;R-HSA-182986;R-HSA-183051;R-HSA-8951490;R-HSA-182990;R-HSA-183055;R-HSA-183084;R-HSA-183058;R-HSA-182994;R-HSA-183089;R-HSA-182993;R-HSA-183002;R-HSA-183067;R-HSA-8864029;R-HSA-182969;R-HSA-183036"
R-HSA-9037629,"Lewis blood group biosynthesis",2,37,0.0022767829672020183,0.1388828960155667,0.3171244307853538,5,13,8.080054695754863E-4,9606,Homo sapiens,"FUT3","","R-HSA-9605682;R-HSA-9603986;R-HSA-9603984;R-HSA-9605609;R-HSA-9605644"
R-HSA-9820960,"Respiratory syncytial virus (RSV) attachment and entry",2,37,0.0022767829672020183,0.1388828960155667,0.3171244307853538,2,7,4.350798682329542E-4,9606,Homo sapiens,"SDC1;EGFR","","R-HSA-9836468;R-HSA-9837625"
R-HSA-6802952,"Signaling by BRAF and RAF1 fusions",3,73,0.004492031259614793,0.1390148652186891,0.3171244307853538,4,5,3.1077133445211015E-4,9606,Homo sapiens,"KSR1;KRAS","","R-HSA-6802935;R-HSA-6802934;R-HSA-6802933;R-HSA-6802932"
R-HSA-6798695,"Neutrophil degranulation",12,478,0.029413574549258508,0.14072842377221906,0.3171244307853538,9,10,6.215426689042203E-4,9606,Homo sapiens,"NCSTN;PFKL;DBNL;HSP90AB1;SERPINA1;GAA;P2RX1;UBR4;LCN2;SIRPA;ANO6;IGF2R","","R-HSA-6798743;R-HSA-6799350;R-HSA-6798739;R-HSA-6800434;R-HSA-6798749;R-HSA-6798748;R-HSA-6798747;R-HSA-6800426;R-HSA-6798745"
R-HSA-1643685,"Disease",62,3093,0.19032674912313088,0.14392054886069516,0.3171244307853538,293,2176,0.13524768475355833,9606,Homo sapiens,"YWHAE;LAMA5;HSP90AB1;ECHS1;C1S;ROCK2;ABCB4;UBR4;ITPR1;RRBP1;SLC5A1;CYP19A1;ACACA;EGFR;GNAI2;NCSTN;DUSP10;IRAK1;PPP2R1A;LARGE;MGAT5;SLCO1B3;PIM1;MAP2K7;JAK1;CDK19;ABCC2;KSR1;NUP210;LAMB2;STAT1;IL1R1;GAA;ANO6;MYO9B;MAT1A;ZDHHC11;ESR1;DUSP9;BCR;GGCX;SLC9A6;GNB2;GNB3;SDC1;KRAS;FGFR2;TAF2","","R-HSA-9920147;R-HSA-3656254;R-HSA-1220610;R-HSA-5339713;R-HSA-1220611;R-HSA-1839112;R-HSA-1220614;R-HSA-1839114;R-HSA-1220612;R-HSA-9694341;R-HSA-1220613;R-HSA-1839110;R-HSA-1169421;R-HSA-9697423;R-HSA-1839107;R-HSA-9613490;R-HSA-9613498;R-HSA-9699007;R-HSA-9638589;R-HSA-9665699;R-HSA-167474;R-HSA-9665698;R-HSA-9665697;R-HSA-9835171;R-HSA-9665701;R-HSA-9665700;R-HSA-167477;R-HSA-9665707;R-HSA-9665706;R-HSA-9665705;R-HSA-9665704;R-HSA-9665709;R-HSA-167484;R-HSA-9698988;R-HSA-9696980;R-HSA-5661198;R-HSA-9768142;R-HSA-9770187;R-HSA-9834736;R-HSA-874087;R-HSA-8936676;R-HSA-5601849;R-HSA-1247842;R-HSA-192627;R-HSA-1247841;R-HSA-9678561;R-HSA-3656261;R-HSA-3656257;R-HSA-1247844;R-HSA-8851710;R-HSA-3656267;R-HSA-9703441;R-HSA-9036289;R-HSA-5654748;R-HSA-9614367;R-HSA-5655233;R-HSA-9703436;R-HSA-9665034;R-HSA-4839635;R-HSA-9665032;R-HSA-5655245;R-HSA-4839634;R-HSA-9673231;R-HSA-5655241;R-HSA-4839638;R-HSA-9664567;R-HSA-9680443;R-HSA-9948218;R-HSA-9837625;R-HSA-165043;R-HSA-5655268;R-HSA-9918501;R-HSA-9614369;R-HSA-5211387;R-HSA-165047;R-HSA-4827388;R-HSA-5655277;R-HSA-167097;R-HSA-9652816;R-HSA-9651280;R-HSA-9678935;R-HSA-1225947;R-HSA-9947230;R-HSA-5678749;R-HSA-167113;R-HSA-1225950;R-HSA-167118;R-HSA-1225951;R-HSA-1225949;R-HSA-5637766;R-HSA-169683;R-HSA-5637764;R-HSA-169680;R-HSA-5637765;R-HSA-167121;R-HSA-167130;R-HSA-5637770;R-HSA-167134;R-HSA-9678925;R-HSA-9664588;R-HSA-9610867;R-HSA-9634418;R-HSA-167136;R-HSA-9920628;R-HSA-6785668;R-HSA-5637808;R-HSA-1225978;R-HSA-1247999;R-HSA-2077424;R-HSA-1306876;R-HSA-5637798;R-HSA-5637796;R-HSA-1225952;R-HSA-5637794;R-HSA-5637795;R-HSA-5637792;R-HSA-1225956;R-HSA-1225957;R-HSA-5637806;R-HSA-1225960;R-HSA-168184;R-HSA-1225961;R-HSA-5637800;R-HSA-9695853;R-HSA-5637801;R-HSA-9660819;R-HSA-9656211;R-HSA-3323184;R-HSA-9656209;R-HSA-1218833;R-HSA-9611158;R-HSA-9656215;R-HSA-9664918;R-HSA-9656214;R-HSA-9656213;R-HSA-9656212;R-HSA-9666458;R-HSA-9660824;R-HSA-4839746;R-HSA-1226014;R-HSA-1226012;R-HSA-9853849;R-HSA-9660828;R-HSA-9665411;R-HSA-1248002;R-HSA-9665410;R-HSA-9665409;R-HSA-9665408;R-HSA-9665415;R-HSA-9665413;R-HSA-9611147;R-HSA-9665417;R-HSA-9665416;R-HSA-2067713;R-HSA-9696179;R-HSA-9836468;R-HSA-9664950;R-HSA-9920957;R-HSA-2400009;R-HSA-9036729;R-HSA-1226016;R-HSA-5336420;R-HSA-9664933;R-HSA-5661039;R-HSA-9729454;R-HSA-9727919;R-HSA-8863674;R-HSA-9664940;R-HSA-9664976;R-HSA-9664983;R-HSA-6803234;R-HSA-6803233;R-HSA-5655326;R-HSA-9729500;R-HSA-9609689;R-HSA-9664991;R-HSA-9672159;R-HSA-5655323;R-HSA-2033490;R-HSA-5655320;R-HSA-4420365;R-HSA-2033488;R-HSA-6803240;R-HSA-2033486;R-HSA-3560804;R-HSA-5655301;R-HSA-3560802;R-HSA-9694661;R-HSA-2033479;R-HSA-5603087;R-HSA-2033474;R-HSA-2033472;R-HSA-9665009;R-HSA-9672176;R-HSA-5655347;R-HSA-9672163;R-HSA-5656356;R-HSA-5661474;R-HSA-9036285;R-HSA-5655343;R-HSA-9672170;R-HSA-6803230;R-HSA-9665000;R-HSA-6803227;R-HSA-5655339;R-HSA-4839734;R-HSA-6802919;R-HSA-2029983;R-HSA-6802918;R-HSA-9670417;R-HSA-6802916;R-HSA-9670416;R-HSA-6802915;R-HSA-6802914;R-HSA-6802912;R-HSA-9709852;R-HSA-6802926;R-HSA-9670426;R-HSA-6802925;R-HSA-6802924;R-HSA-180622;R-HSA-6802922;R-HSA-6802921;R-HSA-6802935;R-HSA-9851142;R-HSA-6802934;R-HSA-6802933;R-HSA-909726;R-HSA-8936731;R-HSA-6802932;R-HSA-168337;R-HSA-6802943;R-HSA-6802942;R-HSA-909719;R-HSA-6802941;R-HSA-1248655;R-HSA-2220988;R-HSA-6802937;R-HSA-192925;R-HSA-9670412;R-HSA-1839039;R-HSA-4791278;R-HSA-9920829;R-HSA-1839031;R-HSA-9836857;R-HSA-5638137;R-HSA-168880;R-HSA-9636128;R-HSA-1248677;R-HSA-2029992;R-HSA-9670436;R-HSA-6802911;R-HSA-6802910;R-HSA-9916717;R-HSA-2029988;R-HSA-2029989;R-HSA-6802908;R-HSA-2029984;R-HSA-8853319;R-HSA-9700181;R-HSA-392129;R-HSA-1839065;R-HSA-8853313;R-HSA-1839067;R-HSA-9700179;R-HSA-9708889;R-HSA-180687;R-HSA-8853320;R-HSA-873951;R-HSA-1888198;R-HSA-9629004;R-HSA-1839100;R-HSA-9694579;R-HSA-5679031;R-HSA-1839102;R-HSA-180710;R-HSA-1839098;R-HSA-1839094;R-HSA-1176059;R-HSA-1839095;R-HSA-9665407;R-HSA-9665406;R-HSA-1839091;R-HSA-9665404;R-HSA-9681763;R-HSA-6802837;R-HSA-1839080;R-HSA-6802834;R-HSA-9836899;R-HSA-1839078;R-HSA-9665389;R-HSA-180732;R-HSA-9665388"
R-HSA-8939256,"RUNX1 regulates transcription of genes involved in WNT signaling",1,9,5.538120731031936E-4,0.1465208179570333,0.3171244307853538,2,4,2.486170675616881E-4,9606,Homo sapiens,"ESR1","","R-HSA-8932076;R-HSA-8932084"
R-HSA-2161517,"Abacavir transmembrane transport",1,9,5.538120731031936E-4,0.1465208179570333,0.3171244307853538,1,3,1.8646280067126608E-4,9606,Homo sapiens,"ABCB4","","R-HSA-2161538"
R-HSA-159763,"Transport of gamma-carboxylated protein precursors from the endoplasmic reticulum to the Golgi apparatus",1,9,5.538120731031936E-4,0.1465208179570333,0.3171244307853538,1,9,5.593884020137983E-4,9606,Homo sapiens,"F7","","R-HSA-159783"
R-HSA-9860931,"Response of endothelial cells to shear stress",4,115,0.00707648760076303,0.1465755775750014,0.3171244307853538,11,51,0.0031698676114115232,9606,Homo sapiens,"STAT1;PPP2R1A;GNB2;GNB3","","R-HSA-9865238;R-HSA-9865511;R-HSA-9861300;R-HSA-9865748;R-HSA-9865524;R-HSA-9865520;R-HSA-8985983;R-HSA-9861324;R-HSA-9861293;R-HSA-9865226;R-HSA-8985943"
R-HSA-8856825,"Cargo recognition for clathrin-mediated endocytosis",4,115,0.00707648760076303,0.1465755775750014,0.3171244307853538,3,15,9.323140033563305E-4,9606,Homo sapiens,"TGOLN2;ITSN1;EGFR;IGF2R","","R-HSA-8866279;R-HSA-8866277;R-HSA-8866283"
R-HSA-9958863,"SLC-mediated transport of amino acids",3,75,0.0046151006091932805,0.14713188871773397,0.3171244307853538,3,36,0.002237553608055193,9606,Homo sapiens,"SLC38A3;SLC7A2","","R-HSA-352174;R-HSA-375790;R-HSA-375768"
R-HSA-9679506,"SARS-CoV Infections",14,580,0.03569011137776137,0.14717169338641822,0.3171244307853538,22,404,0.025110323823730497,9606,Homo sapiens,"YWHAE;HSP90AB1;NUP210;IRAK1;STAT1;IL1R1;ROCK2;MGAT5;SDC1;ANO6;ZDHHC11;JAK1","","R-HSA-9696179;R-HSA-9694579;R-HSA-9678935;R-HSA-9696980;R-HSA-9709852;R-HSA-9680443;R-HSA-9729500;R-HSA-9699007;R-HSA-9708889;R-HSA-9681763;R-HSA-9678561;R-HSA-909726;R-HSA-9694661;R-HSA-9694341;R-HSA-168184;R-HSA-9729454;R-HSA-9768142;R-HSA-9727919;R-HSA-9697423;R-HSA-9770187;R-HSA-9678925;R-HSA-9698988"
R-HSA-397795,"G-protein beta:gamma signalling",2,39,0.002399852316780506,0.15094643523245255,0.3171244307853538,12,15,9.323140033563305E-4,9606,Homo sapiens,"GNB2;GNB3","","R-HSA-392295;R-HSA-8964634;R-HSA-8964604;R-HSA-8964605;R-HSA-8964317;R-HSA-8964271;R-HSA-398193;R-HSA-392300;R-HSA-8964241;R-HSA-8964614;R-HSA-398040;R-HSA-8964599"
R-HSA-1839124,"FGFR1 mutant receptor activation",2,39,0.002399852316780506,0.15094643523245255,0.3171244307853538,14,25,0.0015538566722605508,9606,Homo sapiens,"BCR;STAT1","","R-HSA-1839102;R-HSA-1839039;R-HSA-1839065;R-HSA-1839067;R-HSA-1839031;R-HSA-1839095;R-HSA-1839091;R-HSA-1839112;R-HSA-1839080;R-HSA-1839114;R-HSA-1839110;R-HSA-1839078;R-HSA-1888198;R-HSA-1839107"
R-HSA-176187,"Activation of ATR in response to replication stress",2,39,0.002399852316780506,0.15094643523245255,0.3171244307853538,2,9,5.593884020137983E-4,9606,Homo sapiens,"MCM8;ORC3L","","R-HSA-176298;R-HSA-176318"
R-HSA-442742,"CREB1 phosphorylation through NMDA receptor-mediated activation of RAS signaling",2,39,0.002399852316780506,0.15094643523245255,0.3171244307853538,1,7,4.350798682329542E-4,9606,Homo sapiens,"KRAS","","R-HSA-442732"
R-HSA-159418,"Recycling of bile acids and salts",2,39,0.002399852316780506,0.15094643523245255,0.3171244307853538,2,17,0.0010566225371371745,9606,Homo sapiens,"SLCO1B3;SLCO1A2","","R-HSA-194130;R-HSA-194079"
R-HSA-9733709,"Cardiogenesis",2,39,0.002399852316780506,0.15094643523245255,0.3171244307853538,2,27,0.0016781652060413948,9606,Homo sapiens,"SRF","","R-HSA-9735505;R-HSA-9735497"
R-HSA-9925563,"Developmental Lineage of Pancreatic Ductal Cells",3,77,0.004738169958771768,0.1553992128002334,0.3171244307853538,2,2,1.2430853378084405E-4,9606,Homo sapiens,"LAMA5;LAMB2","","R-HSA-9910607;R-HSA-9853402"
R-HSA-163359,"Glucagon signaling in metabolic regulation",2,40,0.0024613869915697494,0.15705417639220742,0.3171244307853538,1,6,3.7292560134253216E-4,9606,Homo sapiens,"GNB2;GNB3","","R-HSA-825631"
R-HSA-189483,"Heme degradation",2,40,0.0024613869915697494,0.15705417639220742,0.3171244307853538,2,22,0.0013673938715892846,9606,Homo sapiens,"ABCC2;SLCO1B3","","R-HSA-9661799;R-HSA-5679041"
R-HSA-112316,"Neuronal System",12,489,0.030090455971940187,0.15727346767234307,0.3171244307853538,21,221,0.013736092982783268,9606,Homo sapiens,"DBNL;KCNJ8;GNB2;KCNQ2;KCNQ4;GNB3;SLC17A7;KRAS;PTPRF;GNAI2","","R-HSA-8855648;R-HSA-170666;R-HSA-500717;R-HSA-442732;R-HSA-392206;R-HSA-1296024;R-HSA-1296127;R-HSA-170671;R-HSA-1369017;R-HSA-210444;R-HSA-170674;R-HSA-1013020;R-HSA-6797554;R-HSA-6798258;R-HSA-6798257;R-HSA-210426;R-HSA-1013013;R-HSA-1013012;R-HSA-170686;R-HSA-388824;R-HSA-210430"
R-HSA-448424,"Interleukin-17 signaling",3,78,0.004799704633561012,0.1595864509364444,0.3171244307853538,4,35,0.002175399341164771,9606,Homo sapiens,"IRAK1;PPP2R1A;MAP2K7","","R-HSA-168162;R-HSA-199959;R-HSA-450337;R-HSA-450346"
R-HSA-8931987,"RUNX1 regulates estrogen receptor mediated transcription",1,10,6.153467478924373E-4,0.161418360993422,0.3171244307853538,8,8,4.972341351233762E-4,9606,Homo sapiens,"ESR1","","R-HSA-8932076;R-HSA-8931981;R-HSA-8932033;R-HSA-8932084;R-HSA-8932020;R-HSA-8932037;R-HSA-8932021;R-HSA-8932070"
R-HSA-163767,"PP2A-mediated dephosphorylation of key metabolic factors",1,10,6.153467478924373E-4,0.161418360993422,0.3171244307853538,4,4,2.486170675616881E-4,9606,Homo sapiens,"PPP2R1A","","R-HSA-163750;R-HSA-163688;R-HSA-164056;R-HSA-163689"
R-HSA-9732724,"IFNG signaling activates MAPKs",1,10,6.153467478924373E-4,0.161418360993422,0.3171244307853538,3,3,1.8646280067126608E-4,9606,Homo sapiens,"JAK1","","R-HSA-9732753;R-HSA-9732738;R-HSA-9732729"
R-HSA-1369007,"Mitochondrial ABC transporters",1,10,6.153467478924373E-4,0.161418360993422,0.3171244307853538,1,2,1.2430853378084405E-4,9606,Homo sapiens,"ABCB8","","R-HSA-382560"
R-HSA-162791,"Attachment of GPI anchor to uPAR",1,10,6.153467478924373E-4,0.161418360993422,0.3171244307853538,1,2,1.2430853378084405E-4,9606,Homo sapiens,"PIGU","","R-HSA-162836"
R-HSA-426117,"Cation-coupled Chloride cotransporters",1,10,6.153467478924373E-4,0.161418360993422,0.3171244307853538,1,4,2.486170675616881E-4,9606,Homo sapiens,"SLC12A7","","R-HSA-426155"
R-HSA-3371599,"Defective HLCS causes multiple carboxylase deficiency",1,10,6.153467478924373E-4,0.161418360993422,0.3171244307853538,1,4,2.486170675616881E-4,9606,Homo sapiens,"ACACA","","R-HSA-3323184"
R-HSA-5336415,"Uptake and function of diphtheria toxin",1,10,6.153467478924373E-4,0.161418360993422,0.3171244307853538,1,5,3.1077133445211015E-4,9606,Homo sapiens,"HSP90AB1","","R-HSA-5336420"
R-HSA-447041,"CHL1 interactions",1,10,6.153467478924373E-4,0.161418360993422,0.3171244307853538,1,5,3.1077133445211015E-4,9606,Homo sapiens,"ITGA1","","R-HSA-445088"
R-HSA-9855719,"Regulation of FXIIa and plasma kallikrein activity",1,10,6.153467478924373E-4,0.161418360993422,0.3171244307853538,1,6,3.7292560134253216E-4,9606,Homo sapiens,"A2M","","R-HSA-158340"
R-HSA-159782,"Removal of aminoterminal propeptides from gamma-carboxylated proteins",1,10,6.153467478924373E-4,0.161418360993422,0.3171244307853538,1,9,5.593884020137983E-4,9606,Homo sapiens,"F7","","R-HSA-159868"
R-HSA-211945,"Phase I - Functionalization of compounds",8,300,0.018460402436773122,0.1623048095981604,0.3171244307853538,13,104,0.006464043756603891,9606,Homo sapiens,"POR;HSP90AB1;CYP3A43;CES3;CYP19A1;CYP3A5;PAOX","","R-HSA-141351;R-HSA-141348;R-HSA-193060;R-HSA-211882;R-HSA-8937442;R-HSA-5693691;R-HSA-211948;R-HSA-8937191;R-HSA-76494;R-HSA-211959;R-HSA-213175;R-HSA-8937169;R-HSA-8936849"
R-HSA-6814122,"Cooperation of PDCL (PhLP1) and TRiC/CCT in G-protein beta folding",2,41,0.002522921666358993,0.16320779471970892,0.3171244307853538,7,11,6.836969357946423E-4,9606,Homo sapiens,"GNB2;GNB3","","R-HSA-6814119;R-HSA-6814418;R-HSA-8850560;R-HSA-8850527;R-HSA-6814124;R-HSA-6814121;R-HSA-6814120"
R-HSA-9927426,"Developmental Lineage of Mammary Gland Alveolar Cells",2,41,0.002522921666358993,0.16320779471970892,0.3171244307853538,1,2,1.2430853378084405E-4,9606,Homo sapiens,"ESR1","","R-HSA-9927438"
R-HSA-180746,"Nuclear import of Rev protein",2,41,0.002522921666358993,0.16320779471970892,0.3171244307853538,3,7,4.350798682329542E-4,9606,Homo sapiens,"NUP210;PIM1","","R-HSA-180710;R-HSA-180687;R-HSA-180732"
R-HSA-9680350,"Signaling by CSF1 (M-CSF) in myeloid cells",2,41,0.002522921666358993,0.16320779471970892,0.3171244307853538,4,14,8.701597364659083E-4,9606,Homo sapiens,"STAT1;KRAS","","R-HSA-9680385;R-HSA-9680389;R-HSA-9680388;R-HSA-9680348"
R-HSA-190861,"Gap junction assembly",2,41,0.002522921666358993,0.16320779471970892,0.3171244307853538,4,16,9.944682702467524E-4,9606,Homo sapiens,"GJB1","","R-HSA-190693;R-HSA-190698;R-HSA-190681;R-HSA-190687"
R-HSA-168638,"NOD1/2 Signaling Pathway",2,41,0.002522921666358993,0.16320779471970892,0.3171244307853538,2,18,0.0011187768040275966,9606,Homo sapiens,"IRAK1;MAPK13","","R-HSA-168184;R-HSA-1247960"
R-HSA-189445,"Metabolism of porphyrins",3,79,0.004861239308350256,0.16380792581878034,0.3171244307853538,3,42,0.002610479209397725,9606,Homo sapiens,"ALAS2;ABCC2;SLCO1B3","","R-HSA-189442;R-HSA-9661799;R-HSA-5679041"
R-HSA-9860927,"Turbulent (oscillatory, disturbed) flow shear stress activates signaling by PIEZO1 and integrins in endothelial cells",2,42,0.002584456341148237,0.16940384803044617,0.3171244307853538,8,23,0.0014295481384797065,9606,Homo sapiens,"STAT1;PPP2R1A","","R-HSA-9865238;R-HSA-9865511;R-HSA-9865748;R-HSA-9865524;R-HSA-9865520;R-HSA-8985983;R-HSA-9865226;R-HSA-8985943"
R-HSA-5654687,"Downstream signaling of activated FGFR1",2,42,0.002584456341148237,0.16940384803044617,0.3171244307853538,3,24,0.0014917024053701287,9606,Homo sapiens,"KRAS","","R-HSA-5654392;R-HSA-5654600;R-HSA-8941623"
R-HSA-9734779,"Developmental Cell Lineages of the Integumentary System",4,122,0.007507230324287736,0.16972007566460123,0.3171244307853538,6,12,7.458512026850643E-4,9606,Homo sapiens,"ESR1;EGFR","","R-HSA-9925879;R-HSA-9960183;R-HSA-9925892;R-HSA-9927428;R-HSA-9960175;R-HSA-9927438"
R-HSA-9749641,"Aspirin ADME",3,81,0.0049843086579287425,0.17234916681733092,0.3171244307853538,3,26,0.0016160109391509727,9606,Homo sapiens,"ABCC2;UGT2B4;CES3","","R-HSA-174931;R-HSA-9750656;R-HSA-9749792"
R-HSA-211859,"Biological oxidations",13,549,0.03378253645929481,0.17395981183644382,0.3171244307853538,24,194,0.012057927776741873,9606,Homo sapiens,"SULT1B1;POR;HSP90AB1;SULT1E1;CYP3A43;UGT2B4;MAT1A;CYP19A1;CES3;CYP3A5;PAOX","","R-HSA-5423664;R-HSA-141351;R-HSA-141348;R-HSA-193060;R-HSA-176517;R-HSA-211882;R-HSA-8937442;R-HSA-176585;R-HSA-176521;R-HSA-156526;R-HSA-5693691;R-HSA-76494;R-HSA-211948;R-HSA-8937191;R-HSA-174931;R-HSA-211959;R-HSA-213175;R-HSA-174391;R-HSA-176631;R-HSA-176474;R-HSA-8937169;R-HSA-8936849;R-HSA-176664;R-HSA-176669"
R-HSA-1266738,"Developmental Biology",42,2061,0.12682296474063134,0.1755096901102018,0.3171244307853538,125,996,0.06190564982286034,9606,Homo sapiens,"YWHAE;LAMA5;HSP90AB1;PLXND1;ROCK2;SRF;ITSN1;KALRN;EGFR;CACNA1I;NCSTN;ABLIM3;GRB10;PPARGC1B;SCN1A;CDK19;EGR2;LAMB2;NCOA6;STAT1;ITGA1;MYO9B;ESR1;SMARCA2;ELL2;GJB1;KCNQ2;RARA;COL6A3;PPARG;KRAS","","R-HSA-525833;R-HSA-5617492;R-HSA-3928632;R-HSA-9621399;R-HSA-1183003;R-HSA-419087;R-HSA-9621400;R-HSA-9621406;R-HSA-9942683;R-HSA-9621404;R-HSA-3928617;R-HSA-9634433;R-HSA-3928616;R-HSA-5617484;R-HSA-5617486;R-HSA-5617483;R-HSA-3928612;R-HSA-3928601;R-HSA-3928600;R-HSA-9614773;R-HSA-9614778;R-HSA-434990;R-HSA-3928595;R-HSA-9844415;R-HSA-1183032;R-HSA-9621410;R-HSA-9621411;R-HSA-418865;R-HSA-9617067;R-HSA-419644;R-HSA-3928577;R-HSA-419645;R-HSA-3928576;R-HSA-1183058;R-HSA-9619666;R-HSA-9824981;R-HSA-9619667;R-HSA-5617431;R-HSA-9619668;R-HSA-5621010;R-HSA-6810159;R-HSA-6810158;R-HSA-381262;R-HSA-9853402;R-HSA-9844440;R-HSA-560472;R-HSA-560473;R-HSA-9614787;R-HSA-9613760;R-HSA-9614790;R-HSA-6810161;R-HSA-5617676;R-HSA-9613768;R-HSA-9619657;R-HSA-5617672;R-HSA-5621002;R-HSA-9925879;R-HSA-9960183;R-HSA-560491;R-HSA-560493;R-HSA-9616116;R-HSA-381283;R-HSA-375151;R-HSA-5617471;R-HSA-3928656;R-HSA-381290;R-HSA-392054;R-HSA-8985594;R-HSA-9942499;R-HSA-560510;R-HSA-381309;R-HSA-9960175;R-HSA-9942511;R-HSA-5617452;R-HSA-560498;R-HSA-5617454;R-HSA-419197;R-HSA-6810139;R-HSA-8853753;R-HSA-8985591;R-HSA-3928644;R-HSA-5617877;R-HSA-9732629;R-HSA-9615638;R-HSA-443778;R-HSA-5617874;R-HSA-5617887;R-HSA-445069;R-HSA-560517;R-HSA-9925892;R-HSA-9927428;R-HSA-5617862;R-HSA-5617859;R-HSA-9615626;R-HSA-9927438;R-HSA-5693644;R-HSA-381337;R-HSA-5617867;R-HSA-5617866;R-HSA-9825847;R-HSA-445088;R-HSA-5617661;R-HSA-9680443;R-HSA-416683;R-HSA-9844536;R-HSA-416690;R-HSA-9618725;R-HSA-5617641;R-HSA-5617896;R-HSA-9844822;R-HSA-9824593;R-HSA-9910610;R-HSA-9735505;R-HSA-9844549;R-HSA-9819200;R-HSA-9824579;R-HSA-9910607;R-HSA-9926479;R-HSA-9735497;R-HSA-9615477;R-HSA-9822335;R-HSA-9618559;R-HSA-373739;R-HSA-9844600;R-HSA-419049"
R-HSA-3371511,"HSF1 activation",2,43,0.002645991015937481,0.17563899950027406,0.3171244307853538,4,7,4.350798682329542E-4,9606,Homo sapiens,"YWHAE;HSP90AB1","","R-HSA-3371586;R-HSA-5082409;R-HSA-3371527;R-HSA-5324632"
R-HSA-6804757,"Regulation of TP53 Degradation",2,43,0.002645991015937481,0.17563899950027406,0.3171244307853538,3,30,0.001864628006712661,9606,Homo sapiens,"PPP2R1A;CHEK2","","R-HSA-6792871;R-HSA-349426;R-HSA-6792863"
R-HSA-212718,"EGFR interacts with phospholipase C-gamma",1,11,6.768814226816812E-4,0.17605675968420498,0.3171244307853538,3,3,1.8646280067126608E-4,9606,Homo sapiens,"EGFR","","R-HSA-212706;R-HSA-212710;R-HSA-212713"
R-HSA-9839383,"TGFBR3 PTM regulation",1,11,6.768814226816812E-4,0.17605675968420498,0.3171244307853538,1,3,1.8646280067126608E-4,9606,Homo sapiens,"NCSTN","","R-HSA-9839376"
R-HSA-425986,"Sodium/Proton exchangers",1,11,6.768814226816812E-4,0.17605675968420498,0.3171244307853538,1,4,2.486170675616881E-4,9606,Homo sapiens,"SLC9A6","","R-HSA-425983"
R-HSA-8963676,"Intestinal absorption",1,11,6.768814226816812E-4,0.17605675968420498,0.3171244307853538,1,6,3.7292560134253216E-4,9606,Homo sapiens,"SLC5A1","","R-HSA-8932955"
R-HSA-1169408,"ISG15 antiviral mechanism",3,83,0.00510737800750723,0.1810141457207114,0.3171244307853538,3,16,9.944682702467524E-4,9606,Homo sapiens,"NUP210;STAT1;JAK1","","R-HSA-1678841;R-HSA-1176059;R-HSA-1169406"
R-HSA-71403,"Citric acid cycle (TCA cycle)",3,83,0.00510737800750723,0.1810141457207114,0.3171244307853538,4,23,0.0014295481384797065,9606,Homo sapiens,"FH;SUCLG2","","R-HSA-9854405;R-HSA-70982;R-HSA-9854984;R-HSA-71775"
R-HSA-8852135,"Protein ubiquitination",3,83,0.00510737800750723,0.1810141457207114,0.3171244307853538,4,32,0.0019889365404935047,9606,Homo sapiens,"UBE2J2;PEX14","","R-HSA-8943080;R-HSA-8953946;R-HSA-8943083;R-HSA-8953917"
R-HSA-1296072,"Voltage gated Potassium channels",2,44,0.0027075256907267246,0.1819100150585342,0.3171244307853538,1,1,6.215426689042202E-5,9606,Homo sapiens,"KCNQ2;KCNQ4","","R-HSA-1296127"
R-HSA-8948216,"Collagen chain trimerization",2,44,0.0027075256907267246,0.1819100150585342,0.3171244307853538,1,28,0.0017403194729318167,9606,Homo sapiens,"COL6A3","","R-HSA-8944247"
R-HSA-446652,"Interleukin-1 family signaling",5,170,0.010460894714171436,0.1824712795993524,0.3171244307853538,33,92,0.005718192553918826,9606,Homo sapiens,"IRAK1;IL1R1;PTPN23","","R-HSA-450690;R-HSA-446862;R-HSA-450187;R-HSA-450827;R-HSA-8940998;R-HSA-446870;R-HSA-446868;R-HSA-450133;R-HSA-9007901;R-HSA-8948063;R-HSA-9758604;R-HSA-446684;R-HSA-446877;R-HSA-451418;R-HSA-446694;R-HSA-446692;R-HSA-8948015;R-HSA-446894;R-HSA-8948066;R-HSA-446701;R-HSA-446634;R-HSA-451561;R-HSA-9681763;R-HSA-9008894;R-HSA-168184;R-HSA-8948018;R-HSA-445757;R-HSA-8848316;R-HSA-450173;R-HSA-8848314;R-HSA-445752;R-HSA-446648;R-HSA-445753"
R-HSA-9855142,"Cellular responses to mechanical stimuli",4,126,0.007753369023444711,0.18348744929259797,0.3171244307853538,11,61,0.0037914102803157435,9606,Homo sapiens,"STAT1;PPP2R1A;GNB2;GNB3","","R-HSA-9865238;R-HSA-9865511;R-HSA-9861300;R-HSA-9865748;R-HSA-9865524;R-HSA-9865520;R-HSA-8985983;R-HSA-9861324;R-HSA-9861293;R-HSA-9865226;R-HSA-8985943"
R-HSA-9917777,"Epigenetic regulation by WDR5-containing histone modifying complexes",5,171,0.01052242938896068,0.18543417606285928,0.3171244307853538,39,67,0.004164335881658276,9606,Homo sapiens,"NCOA6;PPARG;PPARGC1B","","R-HSA-9859223;R-HSA-9856211;R-HSA-9851539;R-HSA-9843219;R-HSA-9859291;R-HSA-9859334;R-HSA-9859206;R-HSA-9841924;R-HSA-9851534;R-HSA-9859084;R-HSA-9851530;R-HSA-9859082;R-HSA-9859273;R-HSA-9859188;R-HSA-9854130;R-HSA-9843122;R-HSA-9854128;R-HSA-9843120;R-HSA-9843121;R-HSA-9859121;R-HSA-9854142;R-HSA-9859007;R-HSA-9842815;R-HSA-9843900;R-HSA-9859196;R-HSA-9854141;R-HSA-9859005;R-HSA-9856486;R-HSA-9821412;R-HSA-9821410;R-HSA-9859182;R-HSA-9843118;R-HSA-9843119;R-HSA-9859119;R-HSA-9843116;R-HSA-9842028;R-HSA-9843117;R-HSA-9843115;R-HSA-9843112"
R-HSA-165054,"Rev-mediated nuclear export of HIV RNA",2,45,0.0027690603655159685,0.188213760839549,0.3171244307853538,3,10,6.215426689042203E-4,9606,Homo sapiens,"NUP210;PIM1","","R-HSA-165043;R-HSA-165047;R-HSA-180687"
R-HSA-9958790,"SLC-mediated transport of inorganic anions",2,45,0.0027690603655159685,0.188213760839549,0.3171244307853538,2,21,0.0013052396046988625,9606,Homo sapiens,"SLC12A7;SLC4A5","","R-HSA-426155;R-HSA-425483"
R-HSA-112411,"MAPK1 (ERK2) activation",1,12,7.384160974709249E-4,0.19044050633045773,0.3171244307853538,1,3,1.8646280067126608E-4,9606,Homo sapiens,"JAK1","","R-HSA-109858"
R-HSA-176974,"Unwinding of DNA",1,12,7.384160974709249E-4,0.19044050633045773,0.3171244307853538,1,4,2.486170675616881E-4,9606,Homo sapiens,"MCM8","","R-HSA-169461"
R-HSA-2465910,"MASTL Facilitates Mitotic Progression",1,12,7.384160974709249E-4,0.19044050633045773,0.3171244307853538,1,4,2.486170675616881E-4,9606,Homo sapiens,"PPP2R1A","","R-HSA-2430552"
R-HSA-9768777,"Regulation of NPAS4 gene transcription",1,12,7.384160974709249E-4,0.19044050633045773,0.3171244307853538,2,9,5.593884020137983E-4,9606,Homo sapiens,"SRF","","R-HSA-9768832;R-HSA-9768829"
R-HSA-193692,"Regulated proteolysis of p75NTR",1,12,7.384160974709249E-4,0.19044050633045773,0.3171244307853538,1,5,3.1077133445211015E-4,9606,Homo sapiens,"NCSTN","","R-HSA-193682"
R-HSA-9013700,"NOTCH4 Activation and Transmission of Signal to the Nucleus",1,12,7.384160974709249E-4,0.19044050633045773,0.3171244307853538,1,5,3.1077133445211015E-4,9606,Homo sapiens,"NCSTN","","R-HSA-9604294"
R-HSA-9834752,"Respiratory syncytial virus genome replication",1,12,7.384160974709249E-4,0.19044050633045773,0.3171244307853538,1,5,3.1077133445211015E-4,9606,Homo sapiens,"HSP90AB1","","R-HSA-9834736"
R-HSA-3323169,"Defects in biotin (Btn) metabolism",1,12,7.384160974709249E-4,0.19044050633045773,0.3171244307853538,1,6,3.7292560134253216E-4,9606,Homo sapiens,"ACACA","","R-HSA-3323184"
R-HSA-264870,"Caspase-mediated cleavage of cytoskeletal proteins",1,12,7.384160974709249E-4,0.19044050633045773,0.3171244307853538,1,10,6.215426689042203E-4,9606,Homo sapiens,"DBNL","","R-HSA-202966"
R-HSA-909733,"Interferon alpha/beta signaling",4,129,0.007937973047812442,0.1940462573758046,0.3171244307853538,22,25,0.0015538566722605508,9606,Homo sapiens,"STAT1;JAK1","","R-HSA-9696179;R-HSA-9678935;R-HSA-912680;R-HSA-9710963;R-HSA-909732;R-HSA-909729;R-HSA-997314;R-HSA-909730;R-HSA-997311;R-HSA-909725;R-HSA-909724;R-HSA-997309;R-HSA-909726;R-HSA-909721;R-HSA-913529;R-HSA-909720;R-HSA-909722;R-HSA-1015702;R-HSA-909719;R-HSA-909718;R-HSA-9710959;R-HSA-1015699"
R-HSA-383280,"Nuclear Receptor transcription pathway",3,86,0.005291982031874962,0.19422461793363688,0.3171244307853538,2,2,1.2430853378084405E-4,9606,Homo sapiens,"RARA;PPARG;ESR1","","R-HSA-382096;R-HSA-376419"
R-HSA-6783783,"Interleukin-10 signaling",3,86,0.005291982031874962,0.19422461793363688,0.3171244307853538,8,15,9.323140033563305E-4,9606,Homo sapiens,"IL1R1;JAK1","","R-HSA-8937656;R-HSA-6784791;R-HSA-6784006;R-HSA-6784324;R-HSA-6784323;R-HSA-449811;R-HSA-6784319;R-HSA-449803"
R-HSA-6806003,"Regulation of TP53 Expression and Degradation",2,46,0.002830595040305212,0.1945472006913742,0.3171244307853538,3,35,0.002175399341164771,9606,Homo sapiens,"PPP2R1A;CHEK2","","R-HSA-6792871;R-HSA-349426;R-HSA-6792863"
R-HSA-1655829,"Regulation of cholesterol biosynthesis by SREBP (SREBF)",3,87,0.0053535167066642055,0.1986806193875068,0.3171244307853538,5,52,0.0032320218783019453,9606,Homo sapiens,"NCOA6;ACACA","","R-HSA-1655848;R-HSA-1655850;R-HSA-2426160;R-HSA-1655826;R-HSA-1655845"
R-HSA-177243,"Interactions of Rev with host cellular proteins",2,47,0.0028921297150944557,0.20090739374031863,0.3171244307853538,5,16,9.944682702467524E-4,9606,Homo sapiens,"NUP210;PIM1","","R-HSA-165043;R-HSA-180710;R-HSA-165047;R-HSA-180687;R-HSA-180732"
R-HSA-1251985,"Nuclear signaling by ERBB4",2,47,0.0028921297150944557,0.20090739374031863,0.3171244307853538,8,34,0.002113245074274349,9606,Homo sapiens,"NCSTN;ESR1","","R-HSA-1254386;R-HSA-9612672;R-HSA-8954207;R-HSA-8954208;R-HSA-1254392;R-HSA-9612671;R-HSA-1251997;R-HSA-8954199"
R-HSA-975576,"N-glycan antennae elongation in the medial/trans-Golgi",2,47,0.0028921297150944557,0.20090739374031863,0.3171244307853538,2,14,8.701597364659083E-4,9606,Homo sapiens,"MGAT5;FUT3","","R-HSA-975916;R-HSA-5693925"
R-HSA-8982491,"Glycogen metabolism",2,47,0.0028921297150944557,0.20090739374031863,0.3171244307853538,2,38,0.002361862141836037,9606,Homo sapiens,"GAA;PHKA2","","R-HSA-71588;R-HSA-9036727"
R-HSA-70326,"Glucose metabolism",4,131,0.00806104239739093,0.20118868359448439,0.3171244307853538,5,40,0.0024861706756168812,9606,Homo sapiens,"PFKL;TPI1;NUP210;PPP2R1A","","R-HSA-70481;R-HSA-70467;R-HSA-163750;R-HSA-70454;R-HSA-170796"
R-HSA-141334,"PAOs oxidise polyamines to amines",1,13,7.999507722601686E-4,0.20457401562801525,0.3171244307853538,2,3,1.8646280067126608E-4,9606,Homo sapiens,"PAOX","","R-HSA-141351;R-HSA-141348"
R-HSA-9820962,"Assembly and release of respiratory syncytial virus (RSV) virions",1,13,7.999507722601686E-4,0.20457401562801525,0.3171244307853538,1,4,2.486170675616881E-4,9606,Homo sapiens,"HSP90AB1","","R-HSA-9835171"
R-HSA-110056,"MAPK3 (ERK1) activation",1,13,7.999507722601686E-4,0.20457401562801525,0.3171244307853538,1,4,2.486170675616881E-4,9606,Homo sapiens,"JAK1","","R-HSA-109857"
R-HSA-9668250,"Defective factor IX causes hemophilia B",1,13,7.999507722601686E-4,0.20457401562801525,0.3171244307853538,1,4,2.486170675616881E-4,9606,Homo sapiens,"GGCX","","R-HSA-9673231"
R-HSA-6799990,"Metal sequestration by antimicrobial proteins",1,13,7.999507722601686E-4,0.20457401562801525,0.3171244307853538,1,5,3.1077133445211015E-4,9606,Homo sapiens,"LCN2","","R-HSA-5229273"
R-HSA-74749,"Signal attenuation",1,13,7.999507722601686E-4,0.20457401562801525,0.3171244307853538,1,7,4.350798682329542E-4,9606,Homo sapiens,"GRB10","","R-HSA-110011"
R-HSA-9694548,"Maturation of spike protein",2,48,0.0029536643898836995,0.20729149201038854,0.3171244307853538,2,12,7.458512026850643E-4,9606,Homo sapiens,"MGAT5;ZDHHC11","","R-HSA-9694341;R-HSA-9696980"
R-HSA-5467337,"APC truncation mutants have impaired AXIN binding",1,14,8.614854470494123E-4,0.21846162600363828,0.3171244307853538,1,1,6.215426689042202E-5,9606,Homo sapiens,"PPP2R1A","","R-HSA-4791278"
R-HSA-5467340,"AXIN missense mutants destabilize the destruction complex",1,14,8.614854470494123E-4,0.21846162600363828,0.3171244307853538,1,1,6.215426689042202E-5,9606,Homo sapiens,"PPP2R1A","","R-HSA-4839734"
R-HSA-5467348,"Truncations of AMER1 destabilize the destruction complex",1,14,8.614854470494123E-4,0.21846162600363828,0.3171244307853538,1,1,6.215426689042202E-5,9606,Homo sapiens,"PPP2R1A","","R-HSA-4839746"
R-HSA-4839744,"Signaling by APC mutants",1,14,8.614854470494123E-4,0.21846162600363828,0.3171244307853538,1,2,1.2430853378084405E-4,9606,Homo sapiens,"PPP2R1A","","R-HSA-4791278"
R-HSA-425381,"Bicarbonate transporters",1,14,8.614854470494123E-4,0.21846162600363828,0.3171244307853538,1,4,2.486170675616881E-4,9606,Homo sapiens,"SLC4A5","","R-HSA-425483"
R-HSA-9927418,"Developmental Lineage of Mammary Gland Luminal Epithelial Cells",2,50,0.003076733739462187,0.22012046288842835,0.3171244307853538,3,3,1.8646280067126608E-4,9606,Homo sapiens,"ESR1","","R-HSA-9960183;R-HSA-9927428;R-HSA-9960175"
R-HSA-9033658,"Blood group systems biosynthesis",2,50,0.003076733739462187,0.22012046288842835,0.3171244307853538,5,22,0.0013673938715892846,9606,Homo sapiens,"FUT3","","R-HSA-9605682;R-HSA-9603986;R-HSA-9603984;R-HSA-9605609;R-HSA-9605644"
R-HSA-6794362,"Protein-protein interactions at synapses",3,93,0.0057227247553996675,0.22589457939357127,0.3171244307853538,5,33,0.002051090807383927,9606,Homo sapiens,"DBNL;PTPRF","","R-HSA-6797554;R-HSA-6798258;R-HSA-6798257;R-HSA-8855648;R-HSA-388824"
R-HSA-381183,"ATF6 (ATF6-alpha) activates chaperone genes",1,15,9.230201218386561E-4,0.2321076009278753,0.3171244307853538,5,5,3.1077133445211015E-4,9606,Homo sapiens,"ATF6B","","R-HSA-1791163;R-HSA-1791082;R-HSA-1791150;R-HSA-1791107;R-HSA-1791121"
R-HSA-5339716,"Signaling by GSK3beta mutants",1,15,9.230201218386561E-4,0.2321076009278753,0.3171244307853538,1,1,6.215426689042202E-5,9606,Homo sapiens,"PPP2R1A","","R-HSA-5339713"
R-HSA-209560,"NF-kB is activated and signals survival",1,15,9.230201218386561E-4,0.2321076009278753,0.3171244307853538,2,4,2.486170675616881E-4,9606,Homo sapiens,"IRAK1","","R-HSA-193703;R-HSA-193705"
R-HSA-3000497,"Scavenging by Class H Receptors",1,15,9.230201218386561E-4,0.2321076009278753,0.3171244307853538,2,4,2.486170675616881E-4,9606,Homo sapiens,"STAB1","","R-HSA-2247513;R-HSA-2197770"
R-HSA-202670,"ERKs are inactivated",1,15,9.230201218386561E-4,0.2321076009278753,0.3171244307853538,1,2,1.2430853378084405E-4,9606,Homo sapiens,"PPP2R1A","","R-HSA-199959"
R-HSA-4839748,"Signaling by AMER1 mutants",1,15,9.230201218386561E-4,0.2321076009278753,0.3171244307853538,1,2,1.2430853378084405E-4,9606,Homo sapiens,"PPP2R1A","","R-HSA-4839746"
R-HSA-4839735,"Signaling by AXIN mutants",1,15,9.230201218386561E-4,0.2321076009278753,0.3171244307853538,1,2,1.2430853378084405E-4,9606,Homo sapiens,"PPP2R1A","","R-HSA-4839734"
R-HSA-418359,"Reduction of cytosolic Ca++ levels",1,15,9.230201218386561E-4,0.2321076009278753,0.3171244307853538,1,3,1.8646280067126608E-4,9606,Homo sapiens,"SLC8A3","","R-HSA-425661"
R-HSA-113501,"Inhibition of replication initiation of damaged DNA by RB1/E2F1",1,15,9.230201218386561E-4,0.2321076009278753,0.3171244307853538,1,3,1.8646280067126608E-4,9606,Homo sapiens,"PPP2R1A","","R-HSA-113503"
R-HSA-425561,"Sodium/Calcium exchangers",1,15,9.230201218386561E-4,0.2321076009278753,0.3171244307853538,1,4,2.486170675616881E-4,9606,Homo sapiens,"SLC8A3","","R-HSA-425661"
R-HSA-190828,"Gap junction trafficking",2,52,0.0031998030890406743,0.23301310034580514,0.3171244307853538,4,20,0.0012430853378084406,9606,Homo sapiens,"GJB1","","R-HSA-190693;R-HSA-190698;R-HSA-190681;R-HSA-190687"
R-HSA-2172127,"DAP12 interactions",2,52,0.0031998030890406743,0.23301310034580514,0.3171244307853538,1,33,0.002051090807383927,9606,Homo sapiens,"KRAS","","R-HSA-2424477"
R-HSA-432040,"Vasopressin regulates renal water homeostasis via Aquaporins",2,53,0.003261337763829918,0.23947709651363036,0.3171244307853538,3,15,9.323140033563305E-4,9606,Homo sapiens,"GNB2;GNB3","","R-HSA-432195;R-HSA-422320;R-HSA-432188"
R-HSA-69481,"G2/M Checkpoints",4,142,0.00873792382007261,0.24174753832452056,0.3171244307853538,8,24,0.0014917024053701287,9606,Homo sapiens,"YWHAE;MCM8;ORC3L;CHEK2","","R-HSA-75809;R-HSA-5683735;R-HSA-69891;R-HSA-5683792;R-HSA-5683774;R-HSA-176298;R-HSA-75016;R-HSA-176318"
R-HSA-975144,"IRAK1 recruits IKK complex upon TLR7/8 or 9 stimulation",1,16,9.845547966278998E-4,0.24551613020577723,0.3171244307853538,4,4,2.486170675616881E-4,9606,Homo sapiens,"IRAK1","","R-HSA-975119;R-HSA-975142;R-HSA-975122;R-HSA-975139"
R-HSA-937039,"IRAK1 recruits IKK complex",1,16,9.845547966278998E-4,0.24551613020577723,0.3171244307853538,4,4,2.486170675616881E-4,9606,Homo sapiens,"IRAK1","","R-HSA-937050;R-HSA-937034;R-HSA-937032;R-HSA-937044"
R-HSA-4839743,"Signaling by CTNNB1 phospho-site mutants",1,16,9.845547966278998E-4,0.24551613020577723,0.3171244307853538,4,4,2.486170675616881E-4,9606,Homo sapiens,"PPP2R1A","","R-HSA-4827388;R-HSA-4839635;R-HSA-4839634;R-HSA-4839638"
R-HSA-3656253,"Defective EXT1 causes exostoses 1, TRPS2 and CHDS",1,16,9.845547966278998E-4,0.24551613020577723,0.3171244307853538,3,3,1.8646280067126608E-4,9606,Homo sapiens,"SDC1","","R-HSA-3656261;R-HSA-9036285;R-HSA-3656257"
R-HSA-3656237,"Defective EXT2 causes exostoses 2",1,16,9.845547966278998E-4,0.24551613020577723,0.3171244307853538,3,3,1.8646280067126608E-4,9606,Homo sapiens,"SDC1","","R-HSA-9036289;R-HSA-3656254;R-HSA-3656267"
R-HSA-5358751,"CTNNB1 S45 mutants aren't phosphorylated",1,16,9.845547966278998E-4,0.24551613020577723,0.3171244307853538,1,1,6.215426689042202E-5,9606,Homo sapiens,"PPP2R1A","","R-HSA-4827388"
R-HSA-5358752,"CTNNB1 T41 mutants aren't phosphorylated",1,16,9.845547966278998E-4,0.24551613020577723,0.3171244307853538,1,1,6.215426689042202E-5,9606,Homo sapiens,"PPP2R1A","","R-HSA-4839638"
R-HSA-5358749,"CTNNB1 S37 mutants aren't phosphorylated",1,16,9.845547966278998E-4,0.24551613020577723,0.3171244307853538,1,1,6.215426689042202E-5,9606,Homo sapiens,"PPP2R1A","","R-HSA-4839635"
R-HSA-5358747,"CTNNB1 S33 mutants aren't phosphorylated",1,16,9.845547966278998E-4,0.24551613020577723,0.3171244307853538,1,1,6.215426689042202E-5,9606,Homo sapiens,"PPP2R1A","","R-HSA-4839634"
R-HSA-8983432,"Interleukin-15 signaling",1,16,9.845547966278998E-4,0.24551613020577723,0.3171244307853538,14,17,0.0010566225371371745,9606,Homo sapiens,"JAK1","","R-HSA-8983371;R-HSA-8983309;R-HSA-8983374;R-HSA-8983425;R-HSA-8983424;R-HSA-8983299;R-HSA-8983298;R-HSA-8983394;R-HSA-8983300;R-HSA-9009700;R-HSA-8983335;R-HSA-8983384;R-HSA-8983378;R-HSA-449115"
R-HSA-70688,"Proline catabolism",1,16,9.845547966278998E-4,0.24551613020577723,0.3171244307853538,2,5,3.1077133445211015E-4,9606,Homo sapiens,"ALDH4A1","","R-HSA-70679;R-HSA-9929439"
R-HSA-193144,"Estrogen biosynthesis",1,16,9.845547966278998E-4,0.24551613020577723,0.3171244307853538,3,8,4.972341351233762E-4,9606,Homo sapiens,"CYP19A1","","R-HSA-193143;R-HSA-193060;R-HSA-9707353"
R-HSA-446205,"Synthesis of GDP-mannose",1,16,9.845547966278998E-4,0.24551613020577723,0.3171244307853538,1,4,2.486170675616881E-4,9606,Homo sapiens,"PMM1","","R-HSA-446201"
R-HSA-8951936,"RUNX3 regulates p14-ARF",1,16,9.845547966278998E-4,0.24551613020577723,0.3171244307853538,1,8,4.972341351233762E-4,9606,Homo sapiens,"KRAS","","R-HSA-8951977"
R-HSA-9842663,"Signaling by LTK",1,16,9.845547966278998E-4,0.24551613020577723,0.3171244307853538,1,10,6.215426689042203E-4,9606,Homo sapiens,"TNK2","","R-HSA-9842665"
R-HSA-9839373,"Signaling by TGFBR3",2,54,0.003322872438619162,0.24594973419380528,0.3171244307853538,3,23,0.0014295481384797065,9606,Homo sapiens,"NCSTN;RARA","","R-HSA-9839376;R-HSA-9860125;R-HSA-9839371"
R-HSA-1489509,"DAG and IP3 signaling",2,54,0.003322872438619162,0.24594973419380528,0.3171244307853538,3,28,0.0017403194729318167,9606,Homo sapiens,"PRKCE;ITPR1","","R-HSA-169683;R-HSA-169680;R-HSA-198314"
R-HSA-8957322,"Metabolism of steroids",8,339,0.020860254753553627,0.24985242916300598,0.3171244307853538,15,245,0.015227795388153397,9606,Homo sapiens,"STARD3;NCOA6;SLCO1B3;SLCO1A2;HSD17B4;CYP19A1;ACACA","","R-HSA-193508;R-HSA-193060;R-HSA-192331;R-HSA-1655826;R-HSA-193455;R-HSA-9707353;R-HSA-194130;R-HSA-1655848;R-HSA-1655850;R-HSA-193143;R-HSA-2426160;R-HSA-1655845;R-HSA-196126;R-HSA-193535;R-HSA-194079"
R-HSA-6811440,"Retrograde transport at the Trans-Golgi-Network",2,55,0.003384407113408406,0.2524287533979983,0.3171244307853538,6,20,0.0012430853378084406,9606,Homo sapiens,"TGOLN2;IGF2R","","R-HSA-6811431;R-HSA-6814675;R-HSA-6814674;R-HSA-6814671;R-HSA-6814670;R-HSA-6814682"
R-HSA-381033,"ATF6 (ATF6-alpha) activates chaperones",1,17,0.0010460894714171436,0.2586913312452178,0.3171244307853538,8,10,6.215426689042203E-4,9606,Homo sapiens,"ATF6B","","R-HSA-1791163;R-HSA-1791082;R-HSA-420818;R-HSA-1791150;R-HSA-381026;R-HSA-1791107;R-HSA-1791121;R-HSA-381135"
R-HSA-6788467,"IL-6-type cytokine receptor ligand interactions",1,17,0.0010460894714171436,0.2586913312452178,0.3171244307853538,10,14,8.701597364659083E-4,9606,Homo sapiens,"JAK1","","R-HSA-448660;R-HSA-6783524;R-HSA-6783556;R-HSA-5696482;R-HSA-6783681;R-HSA-6783552;R-HSA-6784189;R-HSA-6784204;R-HSA-6783530;R-HSA-449976"
R-HSA-9933947,"Formation of the non-canonical BAF (ncBAF) complex",1,17,0.0010460894714171436,0.2586913312452178,0.3171244307853538,1,2,1.2430853378084405E-4,9606,Homo sapiens,"SMARCA2","","R-HSA-9933236"
R-HSA-351200,"Interconversion of polyamines",1,17,0.0010460894714171436,0.2586913312452178,0.3171244307853538,2,7,4.350798682329542E-4,9606,Homo sapiens,"PAOX","","R-HSA-141351;R-HSA-141348"
R-HSA-5676594,"TNF receptor superfamily (TNFSF) members mediating non-canonical NF-kB pathway",1,17,0.0010460894714171436,0.2586913312452178,0.3171244307853538,3,12,7.458512026850643E-4,9606,Homo sapiens,"TNFSF14","","R-HSA-5668789;R-HSA-5676593;R-HSA-5676591"
R-HSA-75892,"Platelet Adhesion to exposed collagen",1,17,0.0010460894714171436,0.2586913312452178,0.3171244307853538,1,8,4.972341351233762E-4,9606,Homo sapiens,"ITGA1","","R-HSA-114563"
R-HSA-389356,"Co-stimulation by CD28",2,56,0.003445941788197649,0.2589119698274369,0.3171244307853538,3,19,0.0011809310709180185,9606,Homo sapiens,"PPP2R1A;TRIB3","","R-HSA-198640;R-HSA-388808;R-HSA-388811"
R-HSA-157858,"Gap junction trafficking and regulation",2,57,0.003507476462986893,0.2653972729355498,0.3171244307853538,4,24,0.0014917024053701287,9606,Homo sapiens,"GJB1","","R-HSA-190693;R-HSA-190698;R-HSA-190681;R-HSA-190687"
R-HSA-389661,"Glyoxylate metabolism and glycine degradation",2,57,0.003507476462986893,0.2653972729355498,0.3171244307853538,2,19,0.0011809310709180185,9606,Homo sapiens,"ALDH4A1;GRHPR","","R-HSA-6784402;R-HSA-389826"
R-HSA-425410,"Metal ion SLC transporters",2,57,0.003507476462986893,0.2653972729355498,0.3171244307853538,2,28,0.0017403194729318167,9606,Homo sapiens,"SLC8A3;SLC9A6","","R-HSA-425983;R-HSA-425661"
R-HSA-194315,"Signaling by Rho GTPases",15,708,0.04356654975078457,0.2677258882511089,0.3171244307853538,38,203,0.012617316178755672,9606,Homo sapiens,"SPEN;YWHAE;ARHGAP8;HSP90AB1;PLXND1;ROCK2;SRF;ITSN1;MYO9B;ARHGAP26;KALRN;BCR;ANLN;PPP2R1A;PTK2B","","R-HSA-5666129;R-HSA-9018766;R-HSA-419087;R-HSA-75016;R-HSA-8981637;R-HSA-419083;R-HSA-5666008;R-HSA-9018758;R-HSA-9013144;R-HSA-9014296;R-HSA-9018778;R-HSA-9013022;R-HSA-5666049;R-HSA-9013009;R-HSA-5665998;R-HSA-9017488;R-HSA-9696266;R-HSA-8980691;R-HSA-9014295;R-HSA-9013143;R-HSA-9013161;R-HSA-5666160;R-HSA-9018785;R-HSA-9014433;R-HSA-9680443;R-HSA-5666046;R-HSA-9013024;R-HSA-9013159;R-HSA-5666169;R-HSA-419049;R-HSA-9018745;R-HSA-9693282;R-HSA-9018747;R-HSA-9013437;R-HSA-419197;R-HSA-9013111;R-HSA-9013110;R-HSA-9018806"
R-HSA-9772573,"Late SARS-CoV-2 Infection Events",3,102,0.006276536828502861,0.2678904194733658,0.3171244307853538,3,69,0.00428864441543912,9606,Homo sapiens,"MGAT5;ANO6;ZDHHC11","","R-HSA-9694341;R-HSA-9696980;R-HSA-9770187"
R-HSA-8847993,"ERBB2 Activates PTK6 Signaling",1,18,0.0011076241462063873,0.2716372503034564,0.3171244307853538,2,2,1.2430853378084405E-4,9606,Homo sapiens,"EGFR","","R-HSA-8848005;R-HSA-8847995"
R-HSA-5607763,"CLEC7A (Dectin-1) induces NFAT activation",1,18,0.0011076241462063873,0.2716372503034564,0.3171244307853538,2,6,3.7292560134253216E-4,9606,Homo sapiens,"ITPR1","","R-HSA-169683;R-HSA-169680"
R-HSA-77350,"Beta oxidation of hexanoyl-CoA to butanoyl-CoA",1,18,0.0011076241462063873,0.2716372503034564,0.3171244307853538,1,4,2.486170675616881E-4,9606,Homo sapiens,"ECHS1","","R-HSA-77325"
R-HSA-77348,"Beta oxidation of octanoyl-CoA to hexanoyl-CoA",1,18,0.0011076241462063873,0.2716372503034564,0.3171244307853538,1,4,2.486170675616881E-4,9606,Homo sapiens,"ECHS1","","R-HSA-77333"
R-HSA-418457,"cGMP effects",1,18,0.0011076241462063873,0.2716372503034564,0.3171244307853538,1,4,2.486170675616881E-4,9606,Homo sapiens,"ITPR1","","R-HSA-418442"
R-HSA-77310,"Beta oxidation of lauroyl-CoA to decanoyl-CoA-CoA",1,18,0.0011076241462063873,0.2716372503034564,0.3171244307853538,1,4,2.486170675616881E-4,9606,Homo sapiens,"ECHS1","","R-HSA-77256"
R-HSA-196843,"Vitamin B2 (riboflavin) metabolism",1,18,0.0011076241462063873,0.2716372503034564,0.3171244307853538,1,5,3.1077133445211015E-4,9606,Homo sapiens,"FLAD1","","R-HSA-196929"
R-HSA-9933937,"Formation of the canonical BAF (cBAF) complex",1,18,0.0011076241462063873,0.2716372503034564,0.3171244307853538,1,5,3.1077133445211015E-4,9606,Homo sapiens,"SMARCA2","","R-HSA-9933238"
R-HSA-9933939,"Formation of the polybromo-BAF (pBAF) complex",1,18,0.0011076241462063873,0.2716372503034564,0.3171244307853538,1,6,3.7292560134253216E-4,9606,Homo sapiens,"SMARCA2","","R-HSA-9933237"
R-HSA-9856872,"Malate-aspartate shuttle",1,18,0.0011076241462063873,0.2716372503034564,0.3171244307853538,1,7,4.350798682329542E-4,9606,Homo sapiens,"SLC25A11","","R-HSA-376851"
R-HSA-205043,"NRIF signals cell death from the nucleus",1,18,0.0011076241462063873,0.2716372503034564,0.3171244307853538,1,7,4.350798682329542E-4,9606,Homo sapiens,"NCSTN","","R-HSA-205112"
R-HSA-8963896,"HDL assembly",1,18,0.0011076241462063873,0.2716372503034564,0.3171244307853538,1,9,5.593884020137983E-4,9606,Homo sapiens,"A2M","","R-HSA-264758"
R-HSA-9793528,"Ciprofloxacin ADME",1,18,0.0011076241462063873,0.2716372503034564,0.3171244307853538,1,17,0.0010566225371371745,9606,Homo sapiens,"SLCO1A2","","R-HSA-9794270"
R-HSA-5658442,"Regulation of RAS by GAPs",2,58,0.003569011137776137,0.27188262403496755,0.3171244307853538,2,5,3.1077133445211015E-4,9606,Homo sapiens,"KRAS","","R-HSA-5658231;R-HSA-5658435"
R-HSA-77289,"Mitochondrial Fatty Acid Beta-Oxidation",3,105,0.0064611408528705925,0.28209941202310773,0.3171244307853538,7,47,0.002921250543849835,9606,Homo sapiens,"ECHS1;ACAA2;ACOT12","","R-HSA-77344;R-HSA-77314;R-HSA-77333;R-HSA-77256;R-HSA-77325;R-HSA-5690043;R-HSA-8874745"
R-HSA-3858494,"Beta-catenin independent WNT signaling",4,153,0.009414805242754292,0.2839617654115991,0.3171244307853538,8,51,0.0031698676114115232,9606,Homo sapiens,"GNB2;ITPR1;GNB3;KRAS","","R-HSA-169680;R-HSA-4332359;R-HSA-398193;R-HSA-4420052;R-HSA-3965444;R-HSA-3965447;R-HSA-3965441;R-HSA-398040"
R-HSA-170670,"Adenylate cyclase inhibitory pathway",1,19,0.001169158820995631,0.284357863712546,0.3171244307853538,5,5,3.1077133445211015E-4,9606,Homo sapiens,"GNAI2","","R-HSA-170674;R-HSA-170666;R-HSA-392206;R-HSA-170686;R-HSA-170671"
R-HSA-196299,"Beta-catenin phosphorylation cascade",1,19,0.001169158820995631,0.284357863712546,0.3171244307853538,4,4,2.486170675616881E-4,9606,Homo sapiens,"PPP2R1A","","R-HSA-195283;R-HSA-195318;R-HSA-195287;R-HSA-195300"
R-HSA-6785631,"ERBB2 Regulates Cell Motility",1,19,0.001169158820995631,0.284357863712546,0.3171244307853538,2,2,1.2430853378084405E-4,9606,Homo sapiens,"EGFR","","R-HSA-6785636;R-HSA-6785648"
R-HSA-1295596,"Spry regulation of FGF signaling",1,19,0.001169158820995631,0.284357863712546,0.3171244307853538,7,11,6.836969357946423E-4,9606,Homo sapiens,"PPP2R1A","","R-HSA-934559;R-HSA-1295632;R-HSA-1295622;R-HSA-1295609;R-HSA-1549564;R-HSA-1295599;R-HSA-1295613"
R-HSA-111447,"Activation of BAD and translocation to mitochondria ",1,19,0.001169158820995631,0.284357863712546,0.3171244307853538,2,5,3.1077133445211015E-4,9606,Homo sapiens,"YWHAE","","R-HSA-139906;R-HSA-139899"
R-HSA-399954,"Sema3A PAK dependent Axon repulsion",1,19,0.001169158820995631,0.284357863712546,0.3171244307853538,2,6,3.7292560134253216E-4,9606,Homo sapiens,"HSP90AB1","","R-HSA-419644;R-HSA-419645"
R-HSA-9755779,"SARS-CoV-2 targets host intracellular signalling and regulatory pathways",1,19,0.001169158820995631,0.284357863712546,0.3171244307853538,1,5,3.1077133445211015E-4,9606,Homo sapiens,"YWHAE","","R-HSA-9729500"
R-HSA-2142712,"Synthesis of 12-eicosatetraenoic acid derivatives",1,19,0.001169158820995631,0.284357863712546,0.3171244307853538,1,6,3.7292560134253216E-4,9606,Homo sapiens,"ALOXE3","","R-HSA-8942208"
R-HSA-196780,"Biotin transport and metabolism",1,19,0.001169158820995631,0.284357863712546,0.3171244307853538,2,13,8.080054695754863E-4,9606,Homo sapiens,"ACACA","","R-HSA-3065958;R-HSA-2993814"
R-HSA-9735871,"SARS-CoV-1 targets host intracellular signalling and regulatory pathways",1,19,0.001169158820995631,0.284357863712546,0.3171244307853538,1,7,4.350798682329542E-4,9606,Homo sapiens,"YWHAE","","R-HSA-9727919"
R-HSA-418885,"DCC mediated attractive signaling",1,19,0.001169158820995631,0.284357863712546,0.3171244307853538,1,12,7.458512026850643E-4,9606,Homo sapiens,"ABLIM3","","R-HSA-418865"
R-HSA-68949,"Orc1 removal from chromatin",2,60,0.0036920804873546245,0.2848456636971357,0.3171244307853538,1,4,2.486170675616881E-4,9606,Homo sapiens,"MCM8;ORC3L","","R-HSA-68944"
R-HSA-5339562,"Uptake and actions of bacterial toxins",2,60,0.0036920804873546245,0.2848456636971357,0.3171244307853538,2,66,0.004102181614767854,9606,Homo sapiens,"HSP90AB1;MAP2K7","","R-HSA-5211387;R-HSA-5336420"
R-HSA-1430728,"Metabolism",71,3781,0.23266260537813058,0.2868828860842829,0.3171244307853538,200,2380,0.14792715519920444,9606,Homo sapiens,"SLC23A2;ALAS2;MTMR10;HSP90AB1;ACAA2;GBA2;TXN2;SPR;PPP2R1A;FLAD1;HMGCS2;STARD3;ABCC2;TPI1;NUP210;NCOA6;GLRX5;GAA;CYP3A43;ACOT12;MAT1A;KMO;PHKA2;POR;UGT2B4;SUCLG2;PPARG;TRIB3;SLC25A11;CES3;PAOX;PON3;FH;ISYNA1;ECHS1;SAMD8;ABCB4;ITPR1;HSD17B4;CYP19A1;CYP3A5;ACACA;FUT3;GNAI2;SULT1E1;SLCO1B3;ST8SIA5;ALOXE3;PPARGC1B;CDK19;NDUFA4;ACADSB;ALDH4A1;SULT1B1;GRHPR;PFKL;ETNK2;GNB2;SLCO1A2;PEMT;GNB3;SDC1","","R-HSA-189442;R-HSA-77314;R-HSA-8942208;R-HSA-1655826;R-HSA-77325;R-HSA-9728664;R-HSA-77333;R-HSA-1368065;R-HSA-70679;R-HSA-376851;R-HSA-176664;R-HSA-196126;R-HSA-194079;R-HSA-176669;R-HSA-77344;R-HSA-71200;R-HSA-141351;R-HSA-141348;R-HSA-193060;R-HSA-1655848;R-HSA-1655850;R-HSA-1655845;R-HSA-2408551;R-HSA-3065958;R-HSA-9929439;R-HSA-75851;R-HSA-194130;R-HSA-9035484;R-HSA-8878815;R-HSA-8937169;R-HSA-71775;R-HSA-1989758;R-HSA-1989759;R-HSA-879724;R-HSA-5423664;R-HSA-1989756;R-HSA-1989757;R-HSA-1989754;R-HSA-1989755;R-HSA-1989752;R-HSA-1989753;R-HSA-1989750;R-HSA-390252;R-HSA-1989751;R-HSA-1989748;R-HSA-1989749;R-HSA-1989746;R-HSA-1989747;R-HSA-390251;R-HSA-8937191;R-HSA-1989745;R-HSA-193143;R-HSA-8874745;R-HSA-1861788;R-HSA-2024084;R-HSA-1989778;R-HSA-1989779;R-HSA-1989776;R-HSA-1989777;R-HSA-1989774;R-HSA-70800;R-HSA-1989775;R-HSA-1989772;R-HSA-1989773;R-HSA-1989770;R-HSA-1989771;R-HSA-1989768;R-HSA-9940993;R-HSA-1989767;R-HSA-1989764;R-HSA-1989765;R-HSA-1989762;R-HSA-9854984;R-HSA-9605644;R-HSA-1989760;R-HSA-1989761;R-HSA-9605682;R-HSA-1889981;R-HSA-400037;R-HSA-1855161;R-HSA-1889978;R-HSA-400046;R-HSA-381612;R-HSA-9792569;R-HSA-5693691;R-HSA-9856550;R-HSA-2024108;R-HSA-213175;R-HSA-9866272;R-HSA-9941039;R-HSA-400063;R-HSA-2024100;R-HSA-2993814;R-HSA-73918;R-HSA-1889955;R-HSA-2076383;R-HSA-9941078;R-HSA-389826;R-HSA-1855188;R-HSA-381644;R-HSA-1855190;R-HSA-2076371;R-HSA-76494;R-HSA-9792581;R-HSA-169683;R-HSA-169680;R-HSA-198870;R-HSA-1855178;R-HSA-70870;R-HSA-1855173;R-HSA-400092;R-HSA-164056;R-HSA-1855168;R-HSA-400097;R-HSA-1855220;R-HSA-1497853;R-HSA-5690043;R-HSA-2429643;R-HSA-1855212;R-HSA-2076392;R-HSA-1855201;R-HSA-1855203;R-HSA-9603986;R-HSA-9603984;R-HSA-2404131;R-HSA-400143;R-HSA-381706;R-HSA-825631;R-HSA-2426160;R-HSA-8936849;R-HSA-1497869;R-HSA-2076419;R-HSA-9865663;R-HSA-170796;R-HSA-174391;R-HSA-70454;R-HSA-9036727;R-HSA-1475414;R-HSA-196929;R-HSA-70467;R-HSA-2066780;R-HSA-2076508;R-HSA-2066778;R-HSA-70982;R-HSA-192331;R-HSA-70481;R-HSA-560473;R-HSA-174931;R-HSA-9854405;R-HSA-176474;R-HSA-389986;R-HSA-200555;R-HSA-1801587;R-HSA-8937442;R-HSA-163688;R-HSA-163689;R-HSA-156526;R-HSA-389995;R-HSA-8959462;R-HSA-9605609;R-HSA-9953259;R-HSA-1678694;R-HSA-176517;R-HSA-176521;R-HSA-163214;R-HSA-560517;R-HSA-8932633;R-HSA-5679041;R-HSA-163743;R-HSA-163750;R-HSA-1667005;R-HSA-71588;R-HSA-211882;R-HSA-193455;R-HSA-1483174;R-HSA-422320;R-HSA-1592238;R-HSA-1483222;R-HSA-9845587;R-HSA-77256;R-HSA-6810030;R-HSA-265166;R-HSA-176585;R-HSA-2423785;R-HSA-9707353;R-HSA-2022860;R-HSA-2022856;R-HSA-2076611;R-HSA-2022851;R-HSA-1362416;R-HSA-193508;R-HSA-1878002;R-HSA-211948;R-HSA-211959;R-HSA-9661799;R-HSA-6784402;R-HSA-176631;R-HSA-2022887;R-HSA-1362408;R-HSA-193535"
R-HSA-432722,"Golgi Associated Vesicle Biogenesis",2,61,0.003753615162143868,0.2913196177427526,0.3171244307853538,4,7,4.350798682329542E-4,9606,Homo sapiens,"TGOLN2;IGF2R","","R-HSA-421831;R-HSA-421836;R-HSA-421835;R-HSA-421833"
R-HSA-9716542,"Signaling by Rho GTPases, Miro GTPases and RHOBTB3",15,724,0.044551104547412464,0.29586494996141854,0.3171244307853538,38,212,0.01317670458076947,9606,Homo sapiens,"SPEN;YWHAE;ARHGAP8;HSP90AB1;PLXND1;ROCK2;SRF;ITSN1;MYO9B;ARHGAP26;KALRN;BCR;ANLN;PPP2R1A;PTK2B","","R-HSA-5666129;R-HSA-9018766;R-HSA-419087;R-HSA-75016;R-HSA-8981637;R-HSA-419083;R-HSA-5666008;R-HSA-9018758;R-HSA-9013144;R-HSA-9014296;R-HSA-9018778;R-HSA-9013022;R-HSA-5666049;R-HSA-9013009;R-HSA-5665998;R-HSA-9017488;R-HSA-9696266;R-HSA-8980691;R-HSA-9014295;R-HSA-9013143;R-HSA-9013161;R-HSA-5666160;R-HSA-9018785;R-HSA-9014433;R-HSA-9680443;R-HSA-5666046;R-HSA-9013024;R-HSA-9013159;R-HSA-5666169;R-HSA-419049;R-HSA-9018745;R-HSA-9693282;R-HSA-9018747;R-HSA-9013437;R-HSA-419197;R-HSA-9013111;R-HSA-9013110;R-HSA-9018806"
R-HSA-9603798,"Class I peroxisomal membrane protein import",1,20,0.0012306934957848747,0.2968570790833619,0.3171244307853538,3,6,3.7292560134253216E-4,9606,Homo sapiens,"PEX14","","R-HSA-9603784;R-HSA-9603775;R-HSA-9603804"
R-HSA-77352,"Beta oxidation of butanoyl-CoA to acetyl-CoA",1,20,0.0012306934957848747,0.2968570790833619,0.3171244307853538,1,4,2.486170675616881E-4,9606,Homo sapiens,"ECHS1","","R-HSA-77314"
R-HSA-9634600,"Regulation of glycolysis by fructose 2,6-bisphosphate metabolism",1,20,0.0012306934957848747,0.2968570790833619,0.3171244307853538,1,4,2.486170675616881E-4,9606,Homo sapiens,"PPP2R1A","","R-HSA-163750"
R-HSA-9733458,"Induction of Cell-Cell Fusion",1,20,0.0012306934957848747,0.2968570790833619,0.3171244307853538,1,5,3.1077133445211015E-4,9606,Homo sapiens,"ANO6","","R-HSA-9770187"
R-HSA-9942503,"Differentiation of naive CD4+ T cells to T helper 1 cells (Th1 cells)",1,20,0.0012306934957848747,0.2968570790833619,0.3171244307853538,3,16,9.944682702467524E-4,9606,Homo sapiens,"STAT1","","R-HSA-9942499;R-HSA-9942511;R-HSA-9942683"
R-HSA-975577,"N-Glycan antennae elongation",1,20,0.0012306934957848747,0.2968570790833619,0.3171244307853538,1,6,3.7292560134253216E-4,9606,Homo sapiens,"MGAT5","","R-HSA-975916"
R-HSA-975871,"MyD88 cascade initiated on plasma membrane",3,109,0.006707279552027568,0.3011419833168032,0.3171244307853538,16,70,0.004350798682329542,9606,Homo sapiens,"IRAK1;PPP2R1A;MAP2K7","","R-HSA-168162;R-HSA-975852;R-HSA-975853;R-HSA-937034;R-HSA-937032;R-HSA-450337;R-HSA-975878;R-HSA-975879;R-HSA-450346;R-HSA-975874;R-HSA-937050;R-HSA-199959;R-HSA-9758604;R-HSA-937044;R-HSA-168184;R-HSA-975857"
R-HSA-168176,"Toll Like Receptor 5 (TLR5) Cascade",3,109,0.006707279552027568,0.3011419833168032,0.3171244307853538,16,71,0.004412952949219964,9606,Homo sapiens,"IRAK1;PPP2R1A;MAP2K7","","R-HSA-168162;R-HSA-975852;R-HSA-975853;R-HSA-937034;R-HSA-937032;R-HSA-450337;R-HSA-975878;R-HSA-975879;R-HSA-450346;R-HSA-975874;R-HSA-937050;R-HSA-199959;R-HSA-9758604;R-HSA-937044;R-HSA-168184;R-HSA-975857"
R-HSA-168142,"Toll Like Receptor 10 (TLR10) Cascade",3,109,0.006707279552027568,0.3011419833168032,0.3171244307853538,16,71,0.004412952949219964,9606,Homo sapiens,"IRAK1;PPP2R1A;MAP2K7","","R-HSA-168162;R-HSA-975852;R-HSA-975853;R-HSA-937034;R-HSA-937032;R-HSA-450337;R-HSA-975878;R-HSA-975879;R-HSA-450346;R-HSA-975874;R-HSA-937050;R-HSA-199959;R-HSA-9758604;R-HSA-937044;R-HSA-168184;R-HSA-975857"
R-HSA-9013406,"RHOQ GTPase cycle",2,63,0.0038766845117223555,0.30424354592331126,0.3171244307853538,2,5,3.1077133445211015E-4,9606,Homo sapiens,"ITSN1;ARHGAP26","","R-HSA-9018745;R-HSA-9018747"
R-HSA-9753281,"Paracetamol ADME",2,63,0.0038766845117223555,0.30424354592331126,0.3171244307853538,2,12,7.458512026850643E-4,9606,Homo sapiens,"ABCC2;SULT1E1","","R-HSA-9753277;R-HSA-9753278"
R-HSA-9013148,"CDC42 GTPase cycle",4,159,0.009784013291489755,0.3074451761090218,0.3171244307853538,2,6,3.7292560134253216E-4,9606,Homo sapiens,"BCR;ITSN1;MYO9B;ARHGAP26","","R-HSA-9013161;R-HSA-9013159"
R-HSA-4420332,"Defective B3GALT6 causes EDSP2 and SEMDJL1",1,21,0.0012922281705741185,0.3091387364893353,0.3171244307853538,1,1,6.215426689042202E-5,9606,Homo sapiens,"SDC1","","R-HSA-4420365"
R-HSA-3560783,"Defective B4GALT7 causes EDS, progeroid type",1,21,0.0012922281705741185,0.3091387364893353,0.3171244307853538,1,1,6.215426689042202E-5,9606,Homo sapiens,"SDC1","","R-HSA-3560804"
R-HSA-975110,"TRAF6 mediated IRF7 activation in TLR7/8 or 9 signaling",1,21,0.0012922281705741185,0.3091387364893353,0.3171244307853538,3,5,3.1077133445211015E-4,9606,Homo sapiens,"IRAK1","","R-HSA-975118;R-HSA-975188;R-HSA-975106"
R-HSA-432047,"Passive transport by Aquaporins",1,21,0.0012922281705741185,0.3091387364893353,0.3171244307853538,4,8,4.972341351233762E-4,9606,Homo sapiens,"AQP7","","R-HSA-507871;R-HSA-507870;R-HSA-507869;R-HSA-507868"
R-HSA-77346,"Beta oxidation of decanoyl-CoA to octanoyl-CoA-CoA",1,21,0.0012922281705741185,0.3091387364893353,0.3171244307853538,1,5,3.1077133445211015E-4,9606,Homo sapiens,"ECHS1","","R-HSA-77344"
R-HSA-5578775,"Ion homeostasis",2,64,0.003938219186511599,0.31069016882137,0.3171244307853538,4,17,0.0010566225371371745,9606,Homo sapiens,"SLC8A3;ITPR1","","R-HSA-169683;R-HSA-5226904;R-HSA-425661;R-HSA-139854"
R-HSA-193648,"NRAGE signals death through JNK",2,64,0.003938219186511599,0.31069016882137,0.3171244307853538,1,7,4.350798682329542E-4,9606,Homo sapiens,"ITSN1;KALRN","","R-HSA-205039"
R-HSA-3299685,"Detoxification of Reactive Oxygen Species",2,64,0.003938219186511599,0.31069016882137,0.3171244307853538,4,34,0.002113245074274349,9606,Homo sapiens,"NUDT2;TXN2","","R-HSA-3322995;R-HSA-5696197;R-HSA-3323050;R-HSA-3697894"
R-HSA-8856828,"Clathrin-mediated endocytosis",4,161,0.009907082641068241,0.3153202730005651,0.3171244307853538,21,35,0.002175399341164771,9606,Homo sapiens,"TGOLN2;ITSN1;EGFR;IGF2R","","R-HSA-8868071;R-HSA-8866279;R-HSA-8868230;R-HSA-8866277;R-HSA-8856813;R-HSA-8867756;R-HSA-8868236;R-HSA-8868651;R-HSA-8866283;R-HSA-8867754;R-HSA-8868072;R-HSA-8868648;R-HSA-8862280;R-HSA-8856808;R-HSA-8868661;R-HSA-8868660;R-HSA-8868659;R-HSA-8868658;R-HSA-8869438;R-HSA-8871194;R-HSA-8871193"
R-HSA-70895,"Branched-chain amino acid catabolism",2,65,0.003999753861300843,0.3171244307853538,0.3171244307853538,2,27,0.0016781652060413948,9606,Homo sapiens,"ECHS1;ACADSB","","R-HSA-70800;R-HSA-70870"
R-HSA-3560801,"Defective B3GAT3 causes JDSSDHD",1,22,0.0013537628453633623,0.32120660962951064,0.32120660962951064,1,1,6.215426689042202E-5,9606,Homo sapiens,"SDC1","","R-HSA-3560802"
R-HSA-1963642,"PI3K events in ERBB2 signaling",1,22,0.0013537628453633623,0.32120660962951064,0.32120660962951064,3,7,4.350798682329542E-4,9606,Homo sapiens,"EGFR","","R-HSA-1306963;R-HSA-1306965;R-HSA-1306957"
R-HSA-176407,"Conversion from APC/C:Cdc20 to APC/C:Cdh1 in late anaphase",1,22,0.0013537628453633623,0.32120660962951064,0.32120660962951064,1,3,1.8646280067126608E-4,9606,Homo sapiens,"CDC14A","","R-HSA-174124"
R-HSA-9768759,"Regulation of NPAS4 gene expression",1,22,0.0013537628453633623,0.32120660962951064,0.32120660962951064,2,11,6.836969357946423E-4,9606,Homo sapiens,"SRF","","R-HSA-9768832;R-HSA-9768829"
R-HSA-3229121,"Glycogen storage diseases",1,22,0.0013537628453633623,0.32120660962951064,0.32120660962951064,1,10,6.215426689042203E-4,9606,Homo sapiens,"GAA","","R-HSA-9036729"
R-HSA-9769743,"Amplification and propagation of coagulation cascade",1,22,0.0013537628453633623,0.32120660962951064,0.32120660962951064,1,15,9.323140033563305E-4,9606,Homo sapiens,"ANO6","","R-HSA-9853809"
R-HSA-5210891,"Uptake and function of anthrax toxins",1,22,0.0013537628453633623,0.32120660962951064,0.32120660962951064,1,20,0.0012430853378084406,9606,Homo sapiens,"MAP2K7","","R-HSA-5211387"
R-HSA-2028269,"Signaling by Hippo",1,22,0.0013537628453633623,0.32120660962951064,0.32120660962951064,1,30,0.001864628006712661,9606,Homo sapiens,"YWHAE","","R-HSA-2028651"
R-HSA-2022090,"Assembly of collagen fibrils and other multimeric structures",2,67,0.004122823210879331,0.32994982070281376,0.32994982070281376,1,26,0.0016160109391509727,9606,Homo sapiens,"COL6A3","","R-HSA-2213207"
R-HSA-5619115,"Disorders of transmembrane transporters",6,267,0.01642975816872808,0.33093266320216075,0.33093266320216075,6,87,0.005407421219466716,9606,Homo sapiens,"ABCC2;SLC9A6;NUP210;ABCB4;SLCO1B3;SLC5A1","","R-HSA-5679031;R-HSA-5656356;R-HSA-5661474;R-HSA-5661198;R-HSA-5661039;R-HSA-5678749"
R-HSA-180292,"GAB1 signalosome",1,23,0.001415297520152606,0.33306440697197315,0.33306440697197315,9,11,6.836969357946423E-4,9606,Homo sapiens,"EGFR","","R-HSA-177923;R-HSA-177939;R-HSA-177926;R-HSA-177927;R-HSA-177924;R-HSA-177941;R-HSA-177930;R-HSA-177944;R-HSA-177935"
R-HSA-9613829,"Chaperone Mediated Autophagy",1,23,0.001415297520152606,0.33306440697197315,0.33306440697197315,12,19,0.0011809310709180185,9606,Homo sapiens,"HSP90AB1","","R-HSA-9626242;R-HSA-9626256;R-HSA-9626039;R-HSA-9626276;R-HSA-9625188;R-HSA-9626235;R-HSA-9624158;R-HSA-9622831;R-HSA-9626060;R-HSA-9625196;R-HSA-9626253;R-HSA-9625197"
R-HSA-428643,"Organic anion transport by SLC5/17/25 transporters",1,23,0.001415297520152606,0.33306440697197315,0.33306440697197315,1,8,4.972341351233762E-4,9606,Homo sapiens,"SLC25A11","","R-HSA-198440"
R-HSA-432142,"Platelet sensitization by LDL",1,23,0.001415297520152606,0.33306440697197315,0.33306440697197315,1,9,5.593884020137983E-4,9606,Homo sapiens,"PPP2R1A","","R-HSA-432143"
R-HSA-6804760,"Regulation of TP53 Activity through Methylation",1,23,0.001415297520152606,0.33306440697197315,0.33306440697197315,1,12,7.458512026850643E-4,9606,Homo sapiens,"CHEK2","","R-HSA-6804266"
R-HSA-5617472,"Activation of anterior HOX genes in hindbrain development during early embryogenesis",3,116,0.007138022275552274,0.3345870128246604,0.3345870128246604,27,43,0.002672633476288147,9606,Homo sapiens,"EGR2;NCOA6;RARA","","R-HSA-5617877;R-HSA-5617492;R-HSA-5617431;R-HSA-5621010;R-HSA-5617874;R-HSA-6810159;R-HSA-6810158;R-HSA-5617887;R-HSA-5617862;R-HSA-6810161;R-HSA-5617859;R-HSA-5617484;R-HSA-5617676;R-HSA-5693644;R-HSA-5617486;R-HSA-5617672;R-HSA-5617483;R-HSA-5617867;R-HSA-5621002;R-HSA-5617866;R-HSA-5617661;R-HSA-5617471;R-HSA-5617452;R-HSA-5617454;R-HSA-6810139;R-HSA-5617641;R-HSA-5617896"
R-HSA-5619507,"Activation of HOX genes during differentiation",3,116,0.007138022275552274,0.3345870128246604,0.3345870128246604,27,43,0.002672633476288147,9606,Homo sapiens,"EGR2;NCOA6;RARA","","R-HSA-5617877;R-HSA-5617492;R-HSA-5617431;R-HSA-5621010;R-HSA-5617874;R-HSA-6810159;R-HSA-6810158;R-HSA-5617887;R-HSA-5617862;R-HSA-6810161;R-HSA-5617859;R-HSA-5617484;R-HSA-5617676;R-HSA-5693644;R-HSA-5617486;R-HSA-5617672;R-HSA-5617483;R-HSA-5617867;R-HSA-5621002;R-HSA-5617866;R-HSA-5617661;R-HSA-5617471;R-HSA-5617452;R-HSA-5617454;R-HSA-6810139;R-HSA-5617641;R-HSA-5617896"
R-HSA-9833110,"RSV-host interactions",3,116,0.007138022275552274,0.3345870128246604,0.3345870128246604,4,27,0.0016781652060413948,9606,Homo sapiens,"CDK19;SDC1;JAK1","","R-HSA-9836468;R-HSA-9836899;R-HSA-909719;R-HSA-9836857"
R-HSA-168164,"Toll Like Receptor 3 (TLR3) Cascade",3,117,0.0071995569503415175,0.3393650805127071,0.3393650805127071,6,79,0.00491018708434334,9606,Homo sapiens,"IRAK1;PPP2R1A;MAP2K7","","R-HSA-168162;R-HSA-199959;R-HSA-450337;R-HSA-9758604;R-HSA-168184;R-HSA-450346"
R-HSA-194068,"Bile acid and bile salt metabolism",3,117,0.0071995569503415175,0.3393650805127071,0.3393650805127071,6,87,0.005407421219466716,9606,Homo sapiens,"SLCO1B3;SLCO1A2;HSD17B4","","R-HSA-194130;R-HSA-193508;R-HSA-192331;R-HSA-193455;R-HSA-193535;R-HSA-194079"
R-HSA-1442490,"Collagen degradation",2,69,0.0042458925604578176,0.3427081708893016,0.3427081708893016,1,34,0.002113245074274349,9606,Homo sapiens,"COL6A3","","R-HSA-1564112"
R-HSA-9679191,"Potential therapeutics for SARS",4,168,0.010337825364592948,0.34299710399343497,0.34299710399343497,6,36,0.002237553608055193,9606,Homo sapiens,"HSP90AB1;ROCK2;IL1R1;JAK1","","R-HSA-9681763;R-HSA-9696179;R-HSA-9678561;R-HSA-9678935;R-HSA-9680443;R-HSA-9678925"
R-HSA-5627117,"RHO GTPases Activate ROCKs",1,24,0.0014768321949418497,0.3447157728774294,0.3447157728774294,5,7,4.350798682329542E-4,9606,Homo sapiens,"ROCK2","","R-HSA-9680443;R-HSA-419087;R-HSA-419197;R-HSA-419083;R-HSA-419049"
R-HSA-9013418,"RHOBTB2 GTPase cycle",1,24,0.0014768321949418497,0.3447157728774294,0.3447157728774294,1,2,1.2430853378084405E-4,9606,Homo sapiens,"HSP90AB1","","R-HSA-9018785"
R-HSA-140179,"Amine Oxidase reactions",1,24,0.0014768321949418497,0.3447157728774294,0.3447157728774294,2,8,4.972341351233762E-4,9606,Homo sapiens,"PAOX","","R-HSA-141351;R-HSA-141348"
R-HSA-2142688,"Synthesis of 5-eicosatetraenoic acids",1,24,0.0014768321949418497,0.3447157728774294,0.3447157728774294,1,4,2.486170675616881E-4,9606,Homo sapiens,"PON3","","R-HSA-8932633"
R-HSA-844456,"The NLRP3 inflammasome",1,24,0.0014768321949418497,0.3447157728774294,0.3447157728774294,4,18,0.0011187768040275966,9606,Homo sapiens,"HSP90AB1","","R-HSA-873951;R-HSA-844440;R-HSA-874087;R-HSA-1306876"
R-HSA-1268020,"Mitochondrial protein import",2,70,0.004307427235247061,0.3490588345767204,0.3490588345767204,6,14,8.701597364659083E-4,9606,Homo sapiens,"FH;TIMM13","","R-HSA-1299475;R-HSA-1299478;R-HSA-1307802;R-HSA-1299480;R-HSA-8986181;R-HSA-1299484"
R-HSA-975138,"TRAF6 mediated induction of NFkB and MAP kinases upon TLR7/8 or 9 activation",3,120,0.007384160974709249,0.35368371961717915,0.35368371961717915,11,60,0.003729256013425322,9606,Homo sapiens,"IRAK1;PPP2R1A;MAP2K7","","R-HSA-168162;R-HSA-975119;R-HSA-975100;R-HSA-199959;R-HSA-450337;R-HSA-9758604;R-HSA-975142;R-HSA-168184;R-HSA-975122;R-HSA-450346;R-HSA-975139"
R-HSA-2672351,"Stimuli-sensing channels",3,120,0.007384160974709249,0.35368371961717915,0.35368371961717915,3,33,0.002051090807383927,9606,Homo sapiens,"TTYH3;NEK4;ANO6","","R-HSA-2682349;R-HSA-2744242;R-HSA-2684901"
R-HSA-380284,"Loss of proteins required for interphase microtubule organization from the centrosome",2,71,0.004368961910036305,0.3553887959373563,0.3553887959373563,3,3,1.8646280067126608E-4,9606,Homo sapiens,"YWHAE;PPP2R1A","","R-HSA-380294;R-HSA-380272;R-HSA-380303"
R-HSA-380259,"Loss of Nlp from mitotic centrosomes",2,71,0.004368961910036305,0.3553887959373563,0.3553887959373563,2,2,1.2430853378084405E-4,9606,Homo sapiens,"YWHAE;PPP2R1A","","R-HSA-380272;R-HSA-380303"
R-HSA-9934037,"Formation of neuronal progenitor and neuronal BAF (npBAF and nBAF)",1,25,0.0015383668697310936,0.356164288703506,0.356164288703506,2,2,1.2430853378084405E-4,9606,Homo sapiens,"SMARCA2","","R-HSA-9934023;R-HSA-9934021"
R-HSA-389513,"Co-inhibition by CTLA4",1,25,0.0015383668697310936,0.356164288703506,0.356164288703506,4,5,3.1077133445211015E-4,9606,Homo sapiens,"PPP2R1A","","R-HSA-388833;R-HSA-389532;R-HSA-390329;R-HSA-388809"
R-HSA-9609523,"Insertion of tail-anchored proteins into the endoplasmic reticulum membrane",1,25,0.0015383668697310936,0.356164288703506,0.356164288703506,5,7,4.350798682329542E-4,9606,Homo sapiens,"UBE2J2","","R-HSA-9609921;R-HSA-9609860;R-HSA-9610442;R-HSA-9609899;R-HSA-9609917"
R-HSA-416572,"Sema4D induced cell migration and growth-cone collapse",1,25,0.0015383668697310936,0.356164288703506,0.356164288703506,4,7,4.350798682329542E-4,9606,Homo sapiens,"ROCK2","","R-HSA-9680443;R-HSA-419087;R-HSA-419197;R-HSA-419049"
R-HSA-196108,"Pregnenolone biosynthesis",1,25,0.0015383668697310936,0.356164288703506,0.356164288703506,1,8,4.972341351233762E-4,9606,Homo sapiens,"STARD3","","R-HSA-196126"
R-HSA-77111,"Synthesis of Ketone Bodies",1,25,0.0015383668697310936,0.356164288703506,0.356164288703506,1,8,4.972341351233762E-4,9606,Homo sapiens,"HMGCS2","","R-HSA-73918"
R-HSA-445144,"Signal transduction by L1",1,25,0.0015383668697310936,0.356164288703506,0.356164288703506,1,11,6.836969357946423E-4,9606,Homo sapiens,"EGFR","","R-HSA-445069"
R-HSA-975155,"MyD88 dependent cascade initiated on endosome",3,121,0.007445695649498493,0.3584491349361949,0.3584491349361949,19,75,0.004661570016781652,9606,Homo sapiens,"IRAK1;PPP2R1A;MAP2K7","","R-HSA-975118;R-HSA-168162;R-HSA-975119;R-HSA-975180;R-HSA-975115;R-HSA-450337;R-HSA-975142;R-HSA-975111;R-HSA-975106;R-HSA-450346;R-HSA-975139;R-HSA-975134;R-HSA-975100;R-HSA-199959;R-HSA-9758604;R-HSA-168184;R-HSA-975188;R-HSA-975125;R-HSA-975122"
R-HSA-211981,"Xenobiotics",2,72,0.004430496584825549,0.36169684614439845,0.36169684614439845,3,22,0.0013673938715892846,9606,Homo sapiens,"CYP3A43;CYP3A5","","R-HSA-213175;R-HSA-211882;R-HSA-211948"
R-HSA-937061,"TRIF (TICAM1)-mediated TLR4 signaling ",3,122,0.007507230324287736,0.36320971189992,0.36320971189992,6,76,0.004723724283672074,9606,Homo sapiens,"IRAK1;PPP2R1A;MAP2K7","","R-HSA-168162;R-HSA-199959;R-HSA-450337;R-HSA-9758604;R-HSA-168184;R-HSA-450346"
R-HSA-166166,"MyD88-independent TLR4 cascade ",3,122,0.007507230324287736,0.36320971189992,0.36320971189992,6,78,0.004848032817452918,9606,Homo sapiens,"IRAK1;PPP2R1A;MAP2K7","","R-HSA-168162;R-HSA-199959;R-HSA-450337;R-HSA-9758604;R-HSA-168184;R-HSA-450346"
R-HSA-9939291,"Matriglycan biosynthesis on DAG1",1,26,0.0015999015445203372,0.36741347389029766,0.36741347389029766,3,11,6.836969357946423E-4,9606,Homo sapiens,"LARGE","","R-HSA-9638097;R-HSA-5617143;R-HSA-9638090"
R-HSA-2979096,"NOTCH2 Activation and Transmission of Signal to the Nucleus",1,26,0.0015999015445203372,0.36741347389029766,0.36741347389029766,2,13,8.080054695754863E-4,9606,Homo sapiens,"NCSTN","","R-HSA-2974731;R-HSA-157640"
R-HSA-198753,"ERK/MAPK targets",1,26,0.0015999015445203372,0.36741347389029766,0.36741347389029766,1,7,4.350798682329542E-4,9606,Homo sapiens,"PPP2R1A","","R-HSA-199959"
R-HSA-9931295,"PD-L1(CD274) glycosylation and translocation to plasma membrane",1,26,0.0015999015445203372,0.36741347389029766,0.36741347389029766,1,7,4.350798682329542E-4,9606,Homo sapiens,"JAK1","","R-HSA-9931290"
R-HSA-196836,"Vitamin C (ascorbate) metabolism",1,26,0.0015999015445203372,0.36741347389029766,0.36741347389029766,1,9,5.593884020137983E-4,9606,Homo sapiens,"SLC23A2","","R-HSA-198870"
R-HSA-2871796,"FCERI mediated MAPK activation",3,124,0.007630299673866223,0.37271378524515275,0.37271378524515275,3,20,0.0012430853378084406,9606,Homo sapiens,"KRAS;MAP2K7","","R-HSA-168162;R-HSA-2424477;R-HSA-2730868"
R-HSA-8854518,"AURKA Activation by TPX2",2,74,0.004553565934404037,0.37424261731819985,0.37424261731819985,2,2,1.2430853378084405E-4,9606,Homo sapiens,"YWHAE;PPP2R1A","","R-HSA-8853405;R-HSA-8853419"
R-HSA-9909649,"Regulation of PD-L1(CD274) transcription",2,74,0.004553565934404037,0.37424261731819985,0.37424261731819985,2,18,0.0011187768040275966,9606,Homo sapiens,"STAT1","","R-HSA-9909623;R-HSA-9909657"
R-HSA-168181,"Toll Like Receptor 7/8 (TLR7/8) Cascade",3,125,0.007691834348655467,0.37745603056808885,0.37745603056808885,19,85,0.005283112685685872,9606,Homo sapiens,"IRAK1;PPP2R1A;MAP2K7","","R-HSA-975118;R-HSA-168162;R-HSA-975119;R-HSA-975180;R-HSA-975115;R-HSA-450337;R-HSA-975142;R-HSA-975111;R-HSA-975106;R-HSA-450346;R-HSA-975139;R-HSA-975134;R-HSA-975100;R-HSA-199959;R-HSA-9758604;R-HSA-168184;R-HSA-975188;R-HSA-975125;R-HSA-975122"
R-HSA-9694614,"Attachment and Entry",1,27,0.001661436219309581,0.3784667870269697,0.3784667870269697,5,11,6.836969357946423E-4,9606,Homo sapiens,"SDC1","","R-HSA-9694579;R-HSA-9694661;R-HSA-9699007;R-HSA-9697423;R-HSA-9698988"
R-HSA-2995383,"Initiation of Nuclear Envelope (NE) Reformation",1,27,0.001661436219309581,0.3784667870269697,0.3784667870269697,2,7,4.350798682329542E-4,9606,Homo sapiens,"PPP2R1A","","R-HSA-2995388;R-HSA-9667965"
R-HSA-450302,"activated TAK1 mediates p38 MAPK activation",1,27,0.001661436219309581,0.3784667870269697,0.3784667870269697,1,5,3.1077133445211015E-4,9606,Homo sapiens,"IRAK1","","R-HSA-450346"
R-HSA-211958,"Miscellaneous substrates",1,27,0.001661436219309581,0.3784667870269697,0.3784667870269697,1,5,3.1077133445211015E-4,9606,Homo sapiens,"CYP3A43","","R-HSA-211959"
R-HSA-8949215,"Mitochondrial calcium ion transport",1,27,0.001661436219309581,0.3784667870269697,0.3784667870269697,1,10,6.215426689042203E-4,9606,Homo sapiens,"SLC8A3","","R-HSA-8949703"
R-HSA-2022377,"Metabolism of Angiotensinogen to Angiotensins",1,27,0.001661436219309581,0.3784667870269697,0.3784667870269697,1,22,0.0013673938715892846,9606,Homo sapiens,"CES3","","R-HSA-9619024"
R-HSA-112040,"G-protein mediated events",2,75,0.0046151006091932805,0.3804781562819559,0.3804781562819559,7,41,0.002548324942507303,9606,Homo sapiens,"ITPR1;GNAI2","","R-HSA-170674;R-HSA-169683;R-HSA-169680;R-HSA-170666;R-HSA-392206;R-HSA-170686;R-HSA-170671"
R-HSA-196071,"Metabolism of steroid hormones",2,75,0.0046151006091932805,0.3804781562819559,0.3804781562819559,4,42,0.002610479209397725,9606,Homo sapiens,"STARD3;CYP19A1","","R-HSA-193143;R-HSA-193060;R-HSA-196126;R-HSA-9707353"
R-HSA-9006936,"Signaling by TGFB family members",4,178,0.010953172112485386,0.38261071706776284,0.38261071706776284,5,148,0.00919883149978246,9606,Homo sapiens,"ACVRL1;NCSTN;STAT1;RARA","","R-HSA-9730967;R-HSA-8858369;R-HSA-9839376;R-HSA-9860125;R-HSA-9839371"
R-HSA-1169410,"Antimicrobial mechanism of IFN-stimulated genes",6,284,0.01747584764014522,0.3836971176109043,0.3836971176109043,8,103,0.006401889489713469,9606,Homo sapiens,"NUP210;STAT1;PPP2R1A;PIM1;JAK1","","R-HSA-1678841;R-HSA-9962876;R-HSA-9835443;R-HSA-1176059;R-HSA-9954237;R-HSA-9833723;R-HSA-9836664;R-HSA-1169406"
R-HSA-1650814,"Collagen biosynthesis and modifying enzymes",2,76,0.004676635283982524,0.38668741757231806,0.38668741757231806,21,51,0.0031698676114115232,9606,Homo sapiens,"COL6A3","","R-HSA-8948232;R-HSA-1650808;R-HSA-8948234;R-HSA-2002460;R-HSA-1614460;R-HSA-1614461;R-HSA-2022073;R-HSA-8948224;R-HSA-8948226;R-HSA-8948228;R-HSA-2089971;R-HSA-1981104;R-HSA-8948230;R-HSA-8948231;R-HSA-8948219;R-HSA-1981128;R-HSA-8948222;R-HSA-1980233;R-HSA-1981157;R-HSA-1981120;R-HSA-8944247"
R-HSA-112314,"Neurotransmitter receptors and postsynaptic signal transmission",5,232,0.014276044551104547,0.387477430195978,0.387477430195978,10,110,0.006836969357946423,9606,Homo sapiens,"GNB2;GNB3;KRAS;GNAI2","","R-HSA-170674;R-HSA-1013020;R-HSA-170666;R-HSA-1013013;R-HSA-500717;R-HSA-442732;R-HSA-392206;R-HSA-1013012;R-HSA-170686;R-HSA-170671"
R-HSA-975578,"Reactions specific to the complex N-glycan synthesis pathway",1,28,0.0017229708940988246,0.3893276269003544,0.3893276269003544,1,7,4.350798682329542E-4,9606,Homo sapiens,"FUT3","","R-HSA-5693925"
R-HSA-9953170,"GBP-mediated host defense",1,28,0.0017229708940988246,0.3893276269003544,0.3893276269003544,1,15,9.323140033563305E-4,9606,Homo sapiens,"PIM1","","R-HSA-9954237"
R-HSA-8964038,"LDL clearance",1,28,0.0017229708940988246,0.3893276269003544,0.3893276269003544,1,20,0.0012430853378084406,9606,Homo sapiens,"CES3","","R-HSA-8937442"
R-HSA-9734767,"Developmental Cell Lineages",7,340,0.02092178942834287,0.3910341796317576,0.3910341796317576,9,26,0.0016160109391509727,9606,Homo sapiens,"LAMA5;LAMB2;ESR1;EGFR","","R-HSA-9925879;R-HSA-9960183;R-HSA-9925892;R-HSA-9927428;R-HSA-9910610;R-HSA-9960175;R-HSA-9910607;R-HSA-9927438;R-HSA-9853402"
R-HSA-168138,"Toll Like Receptor 9 (TLR9) Cascade",3,128,0.007876438373023199,0.3916363591693509,0.3916363591693509,19,86,0.005345266952576294,9606,Homo sapiens,"IRAK1;PPP2R1A;MAP2K7","","R-HSA-975118;R-HSA-168162;R-HSA-975119;R-HSA-975180;R-HSA-975115;R-HSA-450337;R-HSA-975142;R-HSA-975111;R-HSA-975106;R-HSA-450346;R-HSA-975139;R-HSA-975134;R-HSA-975100;R-HSA-199959;R-HSA-9758604;R-HSA-168184;R-HSA-975188;R-HSA-975125;R-HSA-975122"
R-HSA-9013408,"RHOG GTPase cycle",2,78,0.004799704633561012,0.3990232262100115,0.3990232262100115,1,6,3.7292560134253216E-4,9606,Homo sapiens,"ITSN1;KALRN","","R-HSA-9014433"
R-HSA-1168372,"Downstream signaling events of B Cell Receptor (BCR)",2,78,0.004799704633561012,0.3990232262100115,0.3990232262100115,1,15,9.323140033563305E-4,9606,Homo sapiens,"KRAS","","R-HSA-1168636"
R-HSA-912526,"Interleukin receptor SHC signaling",1,29,0.0017845055688880684,0.39999933352533945,0.39999933352533945,6,6,3.7292560134253216E-4,9606,Homo sapiens,"JAK1","","R-HSA-508247;R-HSA-453111;R-HSA-912527;R-HSA-913374;R-HSA-453104;R-HSA-913424"
R-HSA-3000170,"Syndecan interactions",1,29,0.0017845055688880684,0.39999933352533945,0.39999933352533945,8,15,9.323140033563305E-4,9606,Homo sapiens,"SDC1","","R-HSA-2731081;R-HSA-2684507;R-HSA-2681675;R-HSA-2731123;R-HSA-2731075;R-HSA-2731122;R-HSA-2731074;R-HSA-2731141"
R-HSA-74182,"Ketone body metabolism",1,29,0.0017845055688880684,0.39999933352533945,0.39999933352533945,1,11,6.836969357946423E-4,9606,Homo sapiens,"HMGCS2","","R-HSA-73918"
R-HSA-982772,"Growth hormone receptor signaling",1,29,0.0017845055688880684,0.39999933352533945,0.39999933352533945,2,28,0.0017403194729318167,9606,Homo sapiens,"STAT1","","R-HSA-1168768;R-HSA-1168767"
R-HSA-556833,"Metabolism of lipids",28,1502,0.0924250815334441,0.4035877031096873,0.4035877031096873,78,987,0.061346261420846544,9606,Homo sapiens,"STARD3;PON3;CDK19;MTMR10;ECHS1;SAMD8;ACAA2;NCOA6;ABCB4;ACOT12;HSD17B4;CYP19A1;GBA2;ACACA;ETNK2;SLCO1B3;SLCO1A2;PEMT;ST8SIA5;PPARG;TRIB3;HMGCS2;ALOXE3;PPARGC1B","","R-HSA-1861788;R-HSA-77314;R-HSA-8942208;R-HSA-400143;R-HSA-1655826;R-HSA-77325;R-HSA-1989778;R-HSA-560517;R-HSA-1989779;R-HSA-1989776;R-HSA-1989777;R-HSA-1989774;R-HSA-1989775;R-HSA-8932633;R-HSA-1989772;R-HSA-1989773;R-HSA-77333;R-HSA-1989770;R-HSA-1368065;R-HSA-1989771;R-HSA-2426160;R-HSA-1989768;R-HSA-1989767;R-HSA-1989764;R-HSA-1989765;R-HSA-1989762;R-HSA-196126;R-HSA-194079;R-HSA-1989760;R-HSA-1989761;R-HSA-77344;R-HSA-193060;R-HSA-193455;R-HSA-1483174;R-HSA-1655848;R-HSA-1655850;R-HSA-1592238;R-HSA-1655845;R-HSA-73918;R-HSA-1483222;R-HSA-2066780;R-HSA-2066778;R-HSA-9845587;R-HSA-77256;R-HSA-192331;R-HSA-6810030;R-HSA-75851;R-HSA-9707353;R-HSA-194130;R-HSA-560473;R-HSA-1989758;R-HSA-1989759;R-HSA-879724;R-HSA-1989756;R-HSA-1989757;R-HSA-1989754;R-HSA-1989755;R-HSA-193508;R-HSA-1989752;R-HSA-389986;R-HSA-1989753;R-HSA-200555;R-HSA-1801587;R-HSA-1989750;R-HSA-390252;R-HSA-1989751;R-HSA-1989748;R-HSA-1989749;R-HSA-1989746;R-HSA-5690043;R-HSA-1989747;R-HSA-390251;R-HSA-389995;R-HSA-8959462;R-HSA-1989745;R-HSA-193143;R-HSA-193535;R-HSA-8874745"
R-HSA-3108232,"SUMO E3 ligases SUMOylate target proteins",4,184,0.011322380161220847,0.406273349751586,0.406273349751586,15,132,0.008204363229535707,9606,Homo sapiens,"NUP210;RARA;PPARG;ESR1","","R-HSA-5228525;R-HSA-3000399;R-HSA-5228523;R-HSA-4551649;R-HSA-4615872;R-HSA-3000348;R-HSA-4717461;R-HSA-4341072;R-HSA-5228508;R-HSA-4615987;R-HSA-4090408;R-HSA-3000411;R-HSA-4570493;R-HSA-4551679;R-HSA-4655355"
R-HSA-5619102,"SLC transporter disorders",4,185,0.011383914836010091,0.4102020293991082,0.4102020293991082,4,64,0.0039778730809870095,9606,Homo sapiens,"SLC9A6;NUP210;SLCO1B3;SLC5A1","","R-HSA-5656356;R-HSA-5661474;R-HSA-5661198;R-HSA-5661039"
R-HSA-9865881,"Complex III assembly",1,30,0.0018460402436773122,0.4104851891575694,0.4104851891575694,1,10,6.215426689042203E-4,9606,Homo sapiens,"FH","","R-HSA-9866272"
R-HSA-5669034,"TNFs bind their physiological receptors",1,30,0.0018460402436773122,0.4104851891575694,0.4104851891575694,1,13,8.080054695754863E-4,9606,Homo sapiens,"TNFSF14","","R-HSA-5675948"
R-HSA-8963898,"Plasma lipoprotein assembly",1,30,0.0018460402436773122,0.4104851891575694,0.4104851891575694,1,19,0.0011809310709180185,9606,Homo sapiens,"A2M","","R-HSA-264758"
R-HSA-8862803,"Deregulated CDK5 triggers multiple neurodegenerative pathways in Alzheimer's disease models",1,30,0.0018460402436773122,0.4104851891575694,0.4104851891575694,1,22,0.0013673938715892846,9606,Homo sapiens,"YWHAE","","R-HSA-8863674"
R-HSA-8863678,"Neurodegenerative Diseases",1,30,0.0018460402436773122,0.4104851891575694,0.4104851891575694,1,22,0.0013673938715892846,9606,Homo sapiens,"YWHAE","","R-HSA-8863674"
R-HSA-199992,"trans-Golgi Network Vesicle Budding",2,80,0.004922773983139499,0.4112426940019809,0.4112426940019809,4,19,0.0011809310709180185,9606,Homo sapiens,"TGOLN2;IGF2R","","R-HSA-421831;R-HSA-421836;R-HSA-421835;R-HSA-421833"
R-HSA-166058,"MyD88:MAL(TIRAP) cascade initiated on plasma membrane",3,133,0.008184111746969418,0.41508138983538845,0.41508138983538845,16,76,0.004723724283672074,9606,Homo sapiens,"IRAK1;PPP2R1A;MAP2K7","","R-HSA-168162;R-HSA-937034;R-HSA-166119;R-HSA-937032;R-HSA-450337;R-HSA-166091;R-HSA-166286;R-HSA-450346;R-HSA-166284;R-HSA-937050;R-HSA-199959;R-HSA-9758604;R-HSA-166362;R-HSA-166363;R-HSA-937044;R-HSA-168184"
R-HSA-168188,"Toll Like Receptor TLR6:TLR2 Cascade",3,133,0.008184111746969418,0.41508138983538845,0.41508138983538845,16,78,0.004848032817452918,9606,Homo sapiens,"IRAK1;PPP2R1A;MAP2K7","","R-HSA-168162;R-HSA-937034;R-HSA-166119;R-HSA-937032;R-HSA-450337;R-HSA-166091;R-HSA-166286;R-HSA-450346;R-HSA-166284;R-HSA-937050;R-HSA-199959;R-HSA-9758604;R-HSA-166362;R-HSA-166363;R-HSA-937044;R-HSA-168184"
R-HSA-8878166,"Transcriptional regulation by RUNX2",3,133,0.008184111746969418,0.41508138983538845,0.41508138983538845,5,81,0.005034495618124185,9606,Homo sapiens,"STAT1;ESR1;PPARGC1B","","R-HSA-8939900;R-HSA-9008015;R-HSA-9007999;R-HSA-8939904;R-HSA-8939938"
R-HSA-380270,"Recruitment of mitotic centrosome proteins and complexes",2,81,0.0049843086579287425,0.4173066780156458,0.4173066780156458,3,3,1.8646280067126608E-4,9606,Homo sapiens,"YWHAE;PPP2R1A","","R-HSA-380311;R-HSA-380455;R-HSA-380283"
R-HSA-69052,"Switching of origins to a post-replicative state",2,81,0.0049843086579287425,0.4173066780156458,0.4173066780156458,1,10,6.215426689042203E-4,9606,Homo sapiens,"MCM8;ORC3L","","R-HSA-68944"
R-HSA-1266695,"Interleukin-7 signaling",1,31,0.0019075749184665558,0.4207884192889454,0.4207884192889454,10,26,0.0016160109391509727,9606,Homo sapiens,"JAK1","","R-HSA-449958;R-HSA-8983003;R-HSA-1264832;R-HSA-1295540;R-HSA-9025969;R-HSA-6785165;R-HSA-1295519;R-HSA-449978;R-HSA-8983063;R-HSA-1295516"
R-HSA-400685,"Sema4D in semaphorin signaling",1,31,0.0019075749184665558,0.4207884192889454,0.4207884192889454,4,13,8.080054695754863E-4,9606,Homo sapiens,"ROCK2","","R-HSA-9680443;R-HSA-419087;R-HSA-419197;R-HSA-419049"
R-HSA-9839394,"TGFBR3 expression",1,31,0.0019075749184665558,0.4207884192889454,0.4207884192889454,2,8,4.972341351233762E-4,9606,Homo sapiens,"RARA","","R-HSA-9860125;R-HSA-9839371"
R-HSA-389887,"Beta-oxidation of pristanoyl-CoA",1,31,0.0019075749184665558,0.4207884192889454,0.4207884192889454,2,11,6.836969357946423E-4,9606,Homo sapiens,"HSD17B4","","R-HSA-389986;R-HSA-389995"
R-HSA-3214842,"HDMs demethylate histones",1,31,0.0019075749184665558,0.4207884192889454,0.4207884192889454,2,17,0.0010566225371371745,9606,Homo sapiens,"KDM3A","","R-HSA-4724284;R-HSA-5661115"
R-HSA-1660516,"Synthesis of PIPs at the early endosome membrane",1,31,0.0019075749184665558,0.4207884192889454,0.4207884192889454,1,13,8.080054695754863E-4,9606,Homo sapiens,"MTMR10","","R-HSA-6810030"
R-HSA-69473,"G2/M DNA damage checkpoint",2,82,0.005045843332717986,0.4233391066149792,0.4233391066149792,6,12,7.458512026850643E-4,9606,Homo sapiens,"YWHAE;CHEK2","","R-HSA-75809;R-HSA-5683735;R-HSA-69891;R-HSA-5683792;R-HSA-5683774;R-HSA-75016"
R-HSA-3371556,"Cellular response to heat stress",3,135,0.008307181096547905,0.4243808049854798,0.4243808049854798,8,29,0.0018024737398222388,9606,Homo sapiens,"YWHAE;HSP90AB1;NUP210","","R-HSA-3371586;R-HSA-5082409;R-HSA-3371527;R-HSA-5324617;R-HSA-5082356;R-HSA-5324632;R-HSA-5252041;R-HSA-4793925"
R-HSA-168179,"Toll Like Receptor TLR1:TLR2 Cascade",3,136,0.00836871577133715,0.4290116597675724,0.4290116597675724,16,78,0.004848032817452918,9606,Homo sapiens,"IRAK1;PPP2R1A;MAP2K7","","R-HSA-168162;R-HSA-937034;R-HSA-166119;R-HSA-937032;R-HSA-450337;R-HSA-166091;R-HSA-166286;R-HSA-450346;R-HSA-166284;R-HSA-937050;R-HSA-199959;R-HSA-9758604;R-HSA-166362;R-HSA-166363;R-HSA-937044;R-HSA-168184"
R-HSA-181438,"Toll Like Receptor 2 (TLR2) Cascade",3,136,0.00836871577133715,0.4290116597675724,0.4290116597675724,16,80,0.0049723413512337625,9606,Homo sapiens,"IRAK1;PPP2R1A;MAP2K7","","R-HSA-168162;R-HSA-937034;R-HSA-166119;R-HSA-937032;R-HSA-450337;R-HSA-166091;R-HSA-166286;R-HSA-450346;R-HSA-166284;R-HSA-937050;R-HSA-199959;R-HSA-9758604;R-HSA-166362;R-HSA-166363;R-HSA-937044;R-HSA-168184"
R-HSA-380287,"Centrosome maturation",2,83,0.00510737800750723,0.42933923399179086,0.42933923399179086,6,6,3.7292560134253216E-4,9606,Homo sapiens,"YWHAE;PPP2R1A","","R-HSA-380311;R-HSA-380455;R-HSA-380294;R-HSA-380272;R-HSA-380303;R-HSA-380283"
R-HSA-210500,"Glutamate Neurotransmitter Release Cycle",1,32,0.0019691095932557997,0.4309121936257474,0.4309121936257474,3,8,4.972341351233762E-4,9606,Homo sapiens,"SLC17A7","","R-HSA-210426;R-HSA-210430;R-HSA-210444"
R-HSA-9932451,"SWI/SNF chromatin remodelers",1,32,0.0019691095932557997,0.4309121936257474,0.4309121936257474,6,21,0.0013052396046988625,9606,Homo sapiens,"SMARCA2","","R-HSA-9934023;R-HSA-9933238;R-HSA-9934021;R-HSA-9933237;R-HSA-9988507;R-HSA-9933236"
R-HSA-2122948,"Activated NOTCH1 Transmits Signal to the Nucleus",1,32,0.0019691095932557997,0.4309121936257474,0.4309121936257474,3,21,0.0013052396046988625,9606,Homo sapiens,"NCSTN","","R-HSA-1980109;R-HSA-157353;R-HSA-1980112"
R-HSA-9615933,"Postmitotic nuclear pore complex (NPC) reformation",1,32,0.0019691095932557997,0.4309121936257474,0.4309121936257474,1,10,6.215426689042203E-4,9606,Homo sapiens,"PIM1","","R-HSA-9624845"
R-HSA-2161522,"Abacavir ADME",1,32,0.0019691095932557997,0.4309121936257474,0.4309121936257474,1,10,6.215426689042203E-4,9606,Homo sapiens,"ABCB4","","R-HSA-2161538"
R-HSA-200425,"Carnitine shuttle",1,32,0.0019691095932557997,0.4309121936257474,0.4309121936257474,1,11,6.836969357946423E-4,9606,Homo sapiens,"ACACA","","R-HSA-75851"
R-HSA-9865118,"Diseases of branched-chain amino acid catabolism",1,32,0.0019691095932557997,0.4309121936257474,0.4309121936257474,1,11,6.836969357946423E-4,9606,Homo sapiens,"ECHS1","","R-HSA-9916717"
R-HSA-1855183,"Synthesis of IP2, IP, and Ins in the cytosol",1,32,0.0019691095932557997,0.4309121936257474,0.4309121936257474,1,14,8.701597364659083E-4,9606,Homo sapiens,"ISYNA1","","R-HSA-1855178"
R-HSA-9013149,"RAC1 GTPase cycle",4,191,0.011753122884745554,0.43365225271796837,0.43365225271796837,2,6,3.7292560134253216E-4,9606,Homo sapiens,"BCR;MYO9B;ARHGAP26;KALRN","","R-HSA-9013144;R-HSA-9013143"
R-HSA-9824443,"Parasitic Infection Pathways",6,301,0.018521937111562366,0.43653324885484934,0.43653324885484934,10,95,0.0059046553545900925,9606,Homo sapiens,"HSP90AB1;GNB2;ITPR1;GNB3;MYO9B;GNAI2","","R-HSA-9660819;R-HSA-169683;R-HSA-873951;R-HSA-169680;R-HSA-392129;R-HSA-9666458;R-HSA-874087;R-HSA-9660824;R-HSA-9660828;R-HSA-1306876"
R-HSA-9658195,"Leishmania infection",6,301,0.018521937111562366,0.43653324885484934,0.43653324885484934,10,95,0.0059046553545900925,9606,Homo sapiens,"HSP90AB1;GNB2;ITPR1;GNB3;MYO9B;GNAI2","","R-HSA-9660819;R-HSA-169683;R-HSA-873951;R-HSA-169680;R-HSA-392129;R-HSA-9666458;R-HSA-874087;R-HSA-9660824;R-HSA-9660828;R-HSA-1306876"
R-HSA-9662851,"Anti-inflammatory response favouring Leishmania parasite infection",4,192,0.011814657559534798,0.4375372708948767,0.4375372708948767,6,40,0.0024861706756168812,9606,Homo sapiens,"GNB2;ITPR1;GNB3;GNAI2","","R-HSA-9660819;R-HSA-169683;R-HSA-169680;R-HSA-392129;R-HSA-9660824;R-HSA-9660828"
R-HSA-9664433,"Leishmania parasite growth and survival",4,192,0.011814657559534798,0.4375372708948767,0.4375372708948767,6,40,0.0024861706756168812,9606,Homo sapiens,"GNB2;ITPR1;GNB3;GNAI2","","R-HSA-9660819;R-HSA-169683;R-HSA-169680;R-HSA-392129;R-HSA-9660824;R-HSA-9660828"
R-HSA-4641262,"Disassembly of the destruction complex and recruitment of AXIN to the membrane",1,33,0.0020306442680450435,0.4408596270502372,0.4408596270502372,2,7,4.350798682329542E-4,9606,Homo sapiens,"PPP2R1A","","R-HSA-201685;R-HSA-3601585"
R-HSA-3928663,"EPHA-mediated growth cone collapse",1,33,0.0020306442680450435,0.4408596270502372,0.4408596270502372,1,4,2.486170675616881E-4,9606,Homo sapiens,"ROCK2","","R-HSA-3928616"
R-HSA-9841251,"Mitochondrial unfolded protein response (UPRmt)",1,33,0.0020306442680450435,0.4408596270502372,0.4408596270502372,4,21,0.0013052396046988625,9606,Homo sapiens,"ESR1","","R-HSA-9841265;R-HSA-9856620;R-HSA-9856845;R-HSA-9841817"
R-HSA-389357,"CD28 dependent PI3K/Akt signaling",1,33,0.0020306442680450435,0.4408596270502372,0.4408596270502372,1,9,5.593884020137983E-4,9606,Homo sapiens,"TRIB3","","R-HSA-198640"
R-HSA-1483213,"Synthesis of PE",1,33,0.0020306442680450435,0.4408596270502372,0.4408596270502372,1,9,5.593884020137983E-4,9606,Homo sapiens,"ETNK2","","R-HSA-1483222"
R-HSA-201451,"Signaling by BMP",1,33,0.0020306442680450435,0.4408596270502372,0.4408596270502372,1,17,0.0010566225371371745,9606,Homo sapiens,"ACVRL1","","R-HSA-8858369"
R-HSA-9734009,"Defective Intrinsic Pathway for Apoptosis",1,33,0.0020306442680450435,0.4408596270502372,0.4408596270502372,1,24,0.0014917024053701287,9606,Homo sapiens,"YWHAE","","R-HSA-8863674"
R-HSA-9694635,"Translation of Structural Proteins",2,85,0.005230447357085718,0.4412397779131041,0.4412397779131041,2,46,0.002859096276959413,9606,Homo sapiens,"MGAT5;ZDHHC11","","R-HSA-9694341;R-HSA-9696980"
R-HSA-2990846,"SUMOylation",4,193,0.011876192234324042,0.44141477819936403,0.44141477819936403,15,141,0.008763751631549506,9606,Homo sapiens,"NUP210;RARA;PPARG;ESR1","","R-HSA-5228525;R-HSA-3000399;R-HSA-5228523;R-HSA-4551649;R-HSA-4615872;R-HSA-3000348;R-HSA-4717461;R-HSA-4341072;R-HSA-5228508;R-HSA-4615987;R-HSA-4090408;R-HSA-3000411;R-HSA-4570493;R-HSA-4551679;R-HSA-4655355"
R-HSA-211897,"Cytochrome P450 - arranged by substrate type",4,193,0.011876192234324042,0.44141477819936403,0.44141477819936403,6,63,0.003915718814096587,9606,Homo sapiens,"POR;CYP3A43;CYP19A1;CYP3A5","","R-HSA-211959;R-HSA-213175;R-HSA-193060;R-HSA-211882;R-HSA-211948;R-HSA-76494"
R-HSA-5619084,"ABC transporter disorders",2,86,0.005291982031874962,0.44713887592997104,0.44713887592997104,2,23,0.0014295481384797065,9606,Homo sapiens,"ABCC2;ABCB4","","R-HSA-5679031;R-HSA-5678749"
R-HSA-69206,"G1/S Transition",3,140,0.008614854470494123,0.4473984866717845,0.4473984866717845,9,61,0.0037914102803157435,9606,Homo sapiens,"PPP2R1A;MCM8;ORC3L","","R-HSA-68960;R-HSA-68914;R-HSA-68917;R-HSA-68916;R-HSA-68919;R-HSA-113638;R-HSA-68918;R-HSA-68940;R-HSA-113503"
R-HSA-2029480,"Fcgamma receptor (FCGR) dependent phagocytosis",4,195,0.01199926158390253,0.4491460532597217,0.4491460532597217,6,42,0.002610479209397725,9606,Homo sapiens,"HSP90AB1;PRKCE;ITPR1;MYO9B","","R-HSA-169683;R-HSA-169680;R-HSA-198314;R-HSA-419644;R-HSA-2029476;R-HSA-419645"
R-HSA-5654732,"Negative regulation of FGFR3 signaling",1,34,0.0020921789428342873,0.45063378056555936,0.45063378056555936,7,14,8.701597364659083E-4,9606,Homo sapiens,"PPP2R1A","","R-HSA-934559;R-HSA-1295632;R-HSA-1295622;R-HSA-1295609;R-HSA-1549564;R-HSA-1295599;R-HSA-1295613"
R-HSA-9757110,"Prednisone ADME",1,34,0.0020921789428342873,0.45063378056555936,0.45063378056555936,3,14,8.701597364659083E-4,9606,Homo sapiens,"ABCB4","","R-HSA-9759461;R-HSA-9659680;R-HSA-9759454"
R-HSA-77387,"Insulin receptor recycling",1,34,0.0020921789428342873,0.45063378056555936,0.45063378056555936,1,6,3.7292560134253216E-4,9606,Homo sapiens,"PTPRF","","R-HSA-74733"
R-HSA-622312,"Inflammasomes",1,34,0.0020921789428342873,0.45063378056555936,0.45063378056555936,4,28,0.0017403194729318167,9606,Homo sapiens,"HSP90AB1","","R-HSA-873951;R-HSA-844440;R-HSA-874087;R-HSA-1306876"
R-HSA-380994,"ATF4 activates genes in response to endoplasmic reticulum  stress",1,34,0.0020921789428342873,0.45063378056555936,0.45063378056555936,1,7,4.350798682329542E-4,9606,Homo sapiens,"ATF6B","","R-HSA-1791107"
R-HSA-5579029,"Metabolic disorders of biological oxidation enzymes",2,87,0.0053535167066642055,0.45300303373868034,0.45300303373868034,2,38,0.002361862141836037,9606,Homo sapiens,"MAT1A;CYP19A1","","R-HSA-5603087;R-HSA-5601849"
R-HSA-2995410,"Nuclear Envelope (NE) Reassembly",2,88,0.005415051381453449,0.4588316728274835,0.4588316728274835,3,24,0.0014917024053701287,9606,Homo sapiens,"PPP2R1A;PIM1","","R-HSA-2995388;R-HSA-9667965;R-HSA-9624845"
R-HSA-9856530,"High laminar flow shear stress activates signaling by PIEZO1 and PECAM1:CDH5:KDR in endothelial cells",2,88,0.005415051381453449,0.4588316728274835,0.4588316728274835,3,31,0.0019267822736030828,9606,Homo sapiens,"GNB2;GNB3","","R-HSA-9861300;R-HSA-9861324;R-HSA-9861293"
R-HSA-9833482,"PKR-mediated signaling",2,88,0.005415051381453449,0.4588316728274835,0.4588316728274835,3,40,0.0024861706756168812,9606,Homo sapiens,"STAT1;PPP2R1A","","R-HSA-9835443;R-HSA-9833723;R-HSA-9836664"
R-HSA-5654733,"Negative regulation of FGFR4 signaling",1,35,0.0021537136176235307,0.46023766222441853,0.46023766222441853,7,14,8.701597364659083E-4,9606,Homo sapiens,"PPP2R1A","","R-HSA-934559;R-HSA-1295632;R-HSA-1295622;R-HSA-1295609;R-HSA-1549564;R-HSA-1295599;R-HSA-1295613"
R-HSA-392154,"Nitric oxide stimulates guanylate cyclase",1,35,0.0021537136176235307,0.46023766222441853,0.46023766222441853,1,7,4.350798682329542E-4,9606,Homo sapiens,"ITPR1","","R-HSA-418442"
R-HSA-180024,"DARPP-32 events",1,35,0.0021537136176235307,0.46023766222441853,0.46023766222441853,1,12,7.458512026850643E-4,9606,Homo sapiens,"PPP2R1A","","R-HSA-201790"
R-HSA-450282,"MAPK targets/ Nuclear events mediated by MAP kinases",1,35,0.0021537136176235307,0.46023766222441853,0.46023766222441853,1,16,9.944682702467524E-4,9606,Homo sapiens,"PPP2R1A","","R-HSA-199959"
R-HSA-71387,"Metabolism of carbohydrates and carbohydrate derivatives",9,477,0.029352039874469264,0.4631802094660604,0.4631802094660604,37,244,0.015165641121262974,9606,Homo sapiens,"PFKL;TPI1;NUP210;PPP2R1A;GAA;SDC1;PHKA2;FUT3","","R-HSA-9603986;R-HSA-2076383;R-HSA-9941078;R-HSA-9603984;R-HSA-70467;R-HSA-2076508;R-HSA-2024084;R-HSA-2076371;R-HSA-9792581;R-HSA-70481;R-HSA-2022860;R-HSA-9940993;R-HSA-2022856;R-HSA-2076611;R-HSA-2076419;R-HSA-2022851;R-HSA-9605644;R-HSA-9605682;R-HSA-1889981;R-HSA-163750;R-HSA-1667005;R-HSA-71588;R-HSA-1889978;R-HSA-9792569;R-HSA-170796;R-HSA-1878002;R-HSA-2024108;R-HSA-2076392;R-HSA-70454;R-HSA-9941039;R-HSA-2022887;R-HSA-2024100;R-HSA-9605609;R-HSA-9953259;R-HSA-9036727;R-HSA-1889955;R-HSA-1678694"
R-HSA-2151201,"Transcriptional activation of mitochondrial biogenesis",2,89,0.005476586056242693,0.4646242453277186,0.4646242453277186,6,32,0.0019889365404935047,9606,Homo sapiens,"NCOA6;PPARGC1B","","R-HSA-2466369;R-HSA-1592238;R-HSA-2466370;R-HSA-1592245;R-HSA-1592247;R-HSA-1592231"
R-HSA-977225,"Amyloid fiber formation",2,89,0.005476586056242693,0.4646242453277186,0.4646242453277186,3,33,0.002051090807383927,9606,Homo sapiens,"NCSTN;TGFBI","","R-HSA-976734;R-HSA-9010096;R-HSA-977136"
R-HSA-5619107,"Defective TPR may confer susceptibility towards thyroid papillary carcinoma (TPC)",1,36,0.0022152482924127745,0.46967422804197667,0.46967422804197667,1,1,6.215426689042202E-5,9606,Homo sapiens,"NUP210","","R-HSA-5661474"
R-HSA-8863795,"Downregulation of ERBB2 signaling",1,36,0.0022152482924127745,0.46967422804197667,0.46967422804197667,4,14,8.701597364659083E-4,9606,Homo sapiens,"EGFR","","R-HSA-1963563;R-HSA-8864125;R-HSA-8863804;R-HSA-8864105"
R-HSA-9933387,"RORA,B,C and NR1D1 (REV-ERBA) regulate gene expression",1,36,0.0022152482924127745,0.46967422804197667,0.46967422804197667,1,9,5.593884020137983E-4,9606,Homo sapiens,"NCOA6","","R-HSA-1801587"
R-HSA-114452,"Activation of BH3-only proteins",1,36,0.0022152482924127745,0.46967422804197667,0.46967422804197667,2,19,0.0011809310709180185,9606,Homo sapiens,"YWHAE","","R-HSA-139906;R-HSA-139899"
R-HSA-202733,"Cell surface interactions at the vascular wall",5,257,0.01581441142083564,0.47302986232989785,0.47302986232989785,3,65,0.004040027347877432,9606,Homo sapiens,"SDC1;SIRPA;KRAS","","R-HSA-210977;R-HSA-8870732;R-HSA-202703"
R-HSA-9707564,"Cytoprotection by HMOX1",2,91,0.00559965540582118,0.47609914700832734,0.47609914700832734,3,22,0.0013673938715892846,9606,Homo sapiens,"NDUFA4;NCOA6","","R-HSA-400143;R-HSA-9709406;R-HSA-163214"
R-HSA-1855196,"IP3 and IP4 transport between cytosol and nucleus",1,37,0.0022767829672020183,0.4789463828928098,0.4789463828928098,3,3,1.8646280067126608E-4,9606,Homo sapiens,"NUP210","","R-HSA-1855190;R-HSA-1855168;R-HSA-1855201"
R-HSA-1855229,"IP6 and IP7 transport between cytosol and nucleus",1,37,0.0022767829672020183,0.4789463828928098,0.4789463828928098,2,2,1.2430853378084405E-4,9606,Homo sapiens,"NUP210","","R-HSA-1855212;R-HSA-1855188"
R-HSA-1474151,"Tetrahydrobiopterin (BH4) synthesis, recycling, salvage and regulation",1,37,0.0022767829672020183,0.4789463828928098,0.4789463828928098,3,16,9.944682702467524E-4,9606,Homo sapiens,"SPR","","R-HSA-1475414;R-HSA-1497869;R-HSA-1497853"
R-HSA-5694530,"Cargo concentration in the ER",1,37,0.0022767829672020183,0.4789463828928098,0.4789463828928098,2,12,7.458512026850643E-4,9606,Homo sapiens,"SERPINA1","","R-HSA-5694428;R-HSA-5694522"
R-HSA-162710,"Synthesis of glycosylphosphatidylinositol (GPI)",1,37,0.0022767829672020183,0.4789463828928098,0.4789463828928098,1,11,6.836969357946423E-4,9606,Homo sapiens,"PIGV","","R-HSA-162873"
R-HSA-9833109,"Evasion by RSV of host interferon responses",1,37,0.0022767829672020183,0.4789463828928098,0.4789463828928098,1,12,7.458512026850643E-4,9606,Homo sapiens,"JAK1","","R-HSA-909719"
R-HSA-2565942,"Regulation of PLK1 Activity at G2/M Transition",2,92,0.005661190080610424,0.48178052579801234,0.48178052579801234,4,12,7.458512026850643E-4,9606,Homo sapiens,"YWHAE;PPP2R1A","","R-HSA-3000319;R-HSA-2574845;R-HSA-3000310;R-HSA-2574840"
R-HSA-9013404,"RAC2 GTPase cycle",2,92,0.005661190080610424,0.48178052579801234,0.48178052579801234,2,10,6.215426689042203E-4,9606,Homo sapiens,"BCR;ARHGAP26","","R-HSA-9014296;R-HSA-9014295"
R-HSA-157118,"Signaling by NOTCH",5,260,0.015999015445203373,0.48307830892370474,0.48307830892370474,16,165,0.010255454036919635,9606,Homo sapiens,"NCSTN;PLXND1;STAT1;EGFR","","R-HSA-9021451;R-HSA-9021450;R-HSA-9018573;R-HSA-9021325;R-HSA-9018572;R-HSA-2974731;R-HSA-157640;R-HSA-157353;R-HSA-1980112;R-HSA-9017817;R-HSA-1980109;R-HSA-9604294;R-HSA-9013567;R-HSA-9013361;R-HSA-9014129;R-HSA-9021334"
R-HSA-9909396,"Circadian clock",3,148,0.009107131868808073,0.4834280900271182,0.4834280900271182,5,78,0.004848032817452918,9606,Homo sapiens,"F7;NCOA6","","R-HSA-879724;R-HSA-5663127;R-HSA-1368065;R-HSA-1801587;R-HSA-549428"
R-HSA-5687128,"MAPK6/MAPK4 signaling",2,93,0.0057227247553996675,0.48742393555004504,0.48742393555004504,5,40,0.0024861706756168812,9606,Homo sapiens,"KALRN;CDC14A","","R-HSA-5692754;R-HSA-5692768;R-HSA-5692764;R-HSA-5692749;R-HSA-5692781"
R-HSA-4791275,"Signaling by WNT in cancer",1,38,0.002338317641991262,0.4880569813927116,0.4880569813927116,8,16,9.944682702467524E-4,9606,Homo sapiens,"PPP2R1A","","R-HSA-5339713;R-HSA-4827388;R-HSA-4791278;R-HSA-4839635;R-HSA-4839746;R-HSA-4839634;R-HSA-4839734;R-HSA-4839638"
R-HSA-5576892,"Phase 0 - rapid depolarisation",1,38,0.002338317641991262,0.4880569813927116,0.4880569813927116,1,2,1.2430853378084405E-4,9606,Homo sapiens,"SCN1A","","R-HSA-5576895"
R-HSA-2024096,"HS-GAG degradation",1,38,0.002338317641991262,0.4880569813927116,0.4880569813927116,6,16,9.944682702467524E-4,9606,Homo sapiens,"SDC1","","R-HSA-9792581;R-HSA-9941078;R-HSA-1667005;R-HSA-2024084;R-HSA-9792569;R-HSA-1678694"
R-HSA-9013407,"RHOH GTPase cycle",1,38,0.002338317641991262,0.4880569813927116,0.4880569813927116,1,3,1.8646280067126608E-4,9606,Homo sapiens,"ROCK2","","R-HSA-9018758"
R-HSA-8931838,"DAG1 glycosylations",1,38,0.002338317641991262,0.4880569813927116,0.4880569813927116,3,17,0.0010566225371371745,9606,Homo sapiens,"LARGE","","R-HSA-9638097;R-HSA-5617143;R-HSA-9638090"
R-HSA-69190,"DNA strand elongation",1,38,0.002338317641991262,0.4880569813927116,0.4880569813927116,1,15,9.323140033563305E-4,9606,Homo sapiens,"MCM8","","R-HSA-169461"
R-HSA-2173795,"Downregulation of SMAD2/3:SMAD4 transcriptional activity",1,38,0.002338317641991262,0.4880569813927116,0.4880569813927116,1,27,0.0016781652060413948,9606,Homo sapiens,"STAT1","","R-HSA-9730967"
R-HSA-111465,"Apoptotic cleavage of cellular proteins",1,38,0.002338317641991262,0.4880569813927116,0.4880569813927116,1,38,0.002361862141836037,9606,Homo sapiens,"DBNL","","R-HSA-202966"
R-HSA-156580,"Phase II - Conjugation of compounds",5,262,0.01612208479478186,0.4897410675645635,0.4897410675645635,9,72,0.004475107216110386,9606,Homo sapiens,"SULT1B1;SULT1E1;UGT2B4;MAT1A","","R-HSA-174931;R-HSA-174391;R-HSA-176631;R-HSA-176517;R-HSA-176474;R-HSA-176664;R-HSA-176585;R-HSA-176521;R-HSA-176669"
R-HSA-159227,"Transport of the SLBP independent Mature mRNA",1,39,0.002399852316780506,0.49700882876517727,0.49700882876517727,3,3,1.8646280067126608E-4,9606,Homo sapiens,"NUP210","","R-HSA-158481;R-HSA-158484;R-HSA-111439"
R-HSA-5654726,"Negative regulation of FGFR1 signaling",1,39,0.002399852316780506,0.49700882876517727,0.49700882876517727,7,15,9.323140033563305E-4,9606,Homo sapiens,"PPP2R1A","","R-HSA-934559;R-HSA-1295632;R-HSA-1295622;R-HSA-1295609;R-HSA-1549564;R-HSA-1295599;R-HSA-1295613"
R-HSA-68616,"Assembly of the ORC complex at the origin of replication",1,39,0.002399852316780506,0.49700882876517727,0.49700882876517727,5,11,6.836969357946423E-4,9606,Homo sapiens,"ORC3L","","R-HSA-68595;R-HSA-68611;R-HSA-68610;R-HSA-68615;R-HSA-68603"
R-HSA-4085377,"SUMOylation of SUMOylation proteins",1,39,0.002399852316780506,0.49700882876517727,0.49700882876517727,2,5,3.1077133445211015E-4,9606,Homo sapiens,"NUP210","","R-HSA-4551649;R-HSA-4551679"
R-HSA-8939243,"RUNX1 interacts with co-factors whose precise effect on RUNX1 targets is not known",1,39,0.002399852316780506,0.49700882876517727,0.49700882876517727,1,5,3.1077133445211015E-4,9606,Homo sapiens,"SMARCA2","","R-HSA-8938217"
R-HSA-69273,"Cyclin A/B1/B2 associated events during G2/M transition",1,39,0.002399852316780506,0.49700882876517727,0.49700882876517727,3,35,0.002175399341164771,9606,Homo sapiens,"PPP2R1A","","R-HSA-8856951;R-HSA-4088141;R-HSA-8856945"
R-HSA-163841,"Gamma carboxylation, hypusinylation, hydroxylation, and arylsulfatase activation",2,95,0.005845794104978155,0.49859524347642137,0.49859524347642137,11,50,0.0031077133445211015,9606,Homo sapiens,"F7;GGCX","","R-HSA-163810;R-HSA-159826;R-HSA-159795;R-HSA-159761;R-HSA-159783;R-HSA-6807214;R-HSA-159819;R-HSA-159803;R-HSA-159752;R-HSA-159868;R-HSA-163820"
R-HSA-1614635,"Sulfur amino acid metabolism",2,95,0.005845794104978155,0.49859524347642137,0.49859524347642137,2,36,0.002237553608055193,9606,Homo sapiens,"MAT1A;TXN2","","R-HSA-174391;R-HSA-9035484"
R-HSA-390466,"Chaperonin-mediated protein folding",2,96,0.005907328779767399,0.5041224027467758,0.5041224027467758,7,19,0.0011809310709180185,9606,Homo sapiens,"GNB2;GNB3","","R-HSA-6814119;R-HSA-6814418;R-HSA-8850560;R-HSA-8850527;R-HSA-6814124;R-HSA-6814121;R-HSA-6814120"
R-HSA-447115,"Interleukin-12 family signaling",2,96,0.005907328779767399,0.5041224027467758,0.5041224027467758,33,114,0.007085586425508111,9606,Homo sapiens,"STAT1;JAK1","","R-HSA-8950537;R-HSA-8984012;R-HSA-8950733;R-HSA-8984014;R-HSA-8984001;R-HSA-8950210;R-HSA-8984963;R-HSA-8950340;R-HSA-8950405;R-HSA-8984964;R-HSA-8983835;R-HSA-8983834;R-HSA-6809140;R-HSA-8983518;R-HSA-8950354;R-HSA-8984021;R-HSA-8950485;R-HSA-8984023;R-HSA-8950441;R-HSA-8983983;R-HSA-8983841;R-HSA-8983845;R-HSA-8950757;R-HSA-448427;R-HSA-1067646;R-HSA-8952807;R-HSA-8950522;R-HSA-8950716;R-HSA-8983996;R-HSA-8950782;R-HSA-8950448;R-HSA-8950453;R-HSA-8950518"
R-HSA-6804756,"Regulation of TP53 Activity through Phosphorylation",2,96,0.005907328779767399,0.5041224027467758,0.5041224027467758,2,26,0.0016160109391509727,9606,Homo sapiens,"CHEK2;TAF2","","R-HSA-6805399;R-HSA-69685"
R-HSA-438064,"Post NMDA receptor activation events",2,96,0.005907328779767399,0.5041224027467758,0.5041224027467758,1,39,0.002424016408726459,9606,Homo sapiens,"KRAS","","R-HSA-442732"
R-HSA-1855170,"IPs transport between nucleus and cytosol",1,40,0.0024613869915697494,0.5058046816930044,0.5058046816930044,4,4,2.486170675616881E-4,9606,Homo sapiens,"NUP210","","R-HSA-1855161;R-HSA-1855220;R-HSA-1855173;R-HSA-1855203"
R-HSA-159230,"Transport of the SLBP Dependant Mature mRNA",1,40,0.0024613869915697494,0.5058046816930044,0.5058046816930044,3,3,1.8646280067126608E-4,9606,Homo sapiens,"NUP210","","R-HSA-77587;R-HSA-159046;R-HSA-159050"
R-HSA-170822,"Regulation of Glucokinase by Glucokinase Regulatory Protein",1,40,0.0024613869915697494,0.5058046816930044,0.5058046816930044,1,5,3.1077133445211015E-4,9606,Homo sapiens,"NUP210","","R-HSA-170796"
R-HSA-380320,"Recruitment of NuMA to mitotic centrosomes",2,97,0.005968863454556643,0.5096101136605964,0.5096101136605964,2,2,1.2430853378084405E-4,9606,Homo sapiens,"YWHAE;PPP2R1A","","R-HSA-380316;R-HSA-380508"
R-HSA-1971475,"Glycosaminoglycan-protein linkage region biosynthesis",1,41,0.002522921666358993,0.5144472491554193,0.5144472491554193,6,7,4.350798682329542E-4,9606,Homo sapiens,"SDC1","","R-HSA-1889981;R-HSA-1889978;R-HSA-9940993;R-HSA-9941039;R-HSA-1878002;R-HSA-1889955"
R-HSA-1980145,"Signaling by NOTCH2",1,41,0.002522921666358993,0.5144472491554193,0.5144472491554193,2,22,0.0013673938715892846,9606,Homo sapiens,"NCSTN","","R-HSA-2974731;R-HSA-157640"
R-HSA-5620912,"Anchoring of the basal body to the plasma membrane",2,99,0.0060919328041351304,0.52046597514572,0.52046597514572,8,9,5.593884020137983E-4,9606,Homo sapiens,"YWHAE;PPP2R1A","","R-HSA-5626228;R-HSA-5626227;R-HSA-5626220;R-HSA-5626223;R-HSA-5626681;R-HSA-5617816;R-HSA-5626699;R-HSA-5638009"
R-HSA-373080,"Class B/2 (Secretin family receptors)",2,99,0.0060919328041351304,0.52046597514572,0.52046597514572,1,24,0.0014917024053701287,9606,Homo sapiens,"GNB2;GNB3","","R-HSA-381612"
R-HSA-3301854,"Nuclear Pore Complex (NPC) Disassembly",1,42,0.002584456341148237,0.522939193250582,0.522939193250582,2,2,1.2430853378084405E-4,9606,Homo sapiens,"NUP210","","R-HSA-2990880;R-HSA-2990882"
R-HSA-2408508,"Metabolism of ingested SeMet, Sec, MeSec into H2Se",1,42,0.002584456341148237,0.522939193250582,0.522939193250582,1,10,6.215426689042203E-4,9606,Homo sapiens,"MAT1A","","R-HSA-2408551"
R-HSA-381042,"PERK regulates gene expression",1,42,0.002584456341148237,0.522939193250582,0.522939193250582,1,11,6.836969357946423E-4,9606,Homo sapiens,"ATF6B","","R-HSA-1791107"
R-HSA-9772755,"Formation of WDR5-containing histone-modifying complexes",1,42,0.002584456341148237,0.522939193250582,0.522939193250582,2,30,0.001864628006712661,9606,Homo sapiens,"NCOA6","","R-HSA-9821412;R-HSA-9821410"
R-HSA-9970672,"FXIIa activates plasma kallikrein-kinin system",1,42,0.002584456341148237,0.522939193250582,0.522939193250582,1,18,0.0011187768040275966,9606,Homo sapiens,"A2M","","R-HSA-158340"
R-HSA-203615,"eNOS activation",1,42,0.002584456341148237,0.522939193250582,0.522939193250582,1,19,0.0011809310709180185,9606,Homo sapiens,"SPR","","R-HSA-1497869"
R-HSA-3296482,"Defects in vitamin and cofactor metabolism",1,42,0.002584456341148237,0.522939193250582,0.522939193250582,1,20,0.0012430853378084406,9606,Homo sapiens,"ACACA","","R-HSA-3323184"
R-HSA-9013423,"RAC3 GTPase cycle",2,100,0.006153467478924374,0.5258335741107043,0.5258335741107043,1,6,3.7292560134253216E-4,9606,Homo sapiens,"BCR;ARHGAP26","","R-HSA-9018806"
R-HSA-2022928,"HS-GAG biosynthesis",1,43,0.002645991015937481,0.5312831300041918,0.5312831300041918,13,14,8.701597364659083E-4,9606,Homo sapiens,"SDC1","","R-HSA-2076383;R-HSA-2076508;R-HSA-2076371;R-HSA-2024108;R-HSA-2022860;R-HSA-2022856;R-HSA-2076392;R-HSA-2022887;R-HSA-2024100;R-HSA-2076611;R-HSA-2076419;R-HSA-9953259;R-HSA-2022851"
R-HSA-3232142,"SUMOylation of ubiquitinylation proteins",1,43,0.002645991015937481,0.5312831300041918,0.5312831300041918,1,3,1.8646280067126608E-4,9606,Homo sapiens,"NUP210","","R-HSA-5228523"
R-HSA-8853659,"RET signaling",1,43,0.002645991015937481,0.5312831300041918,0.5312831300041918,1,24,0.0014917024053701287,9606,Homo sapiens,"GRB10","","R-HSA-8853753"
R-HSA-388841,"Regulation of T cell activation by CD28 family",5,276,0.01698357024183127,0.5354454078140986,0.5354454078140986,10,91,0.005656038287028405,9606,Homo sapiens,"STAT1;PPP2R1A;TRIB3;JAK1","","R-HSA-9909623;R-HSA-198640;R-HSA-388833;R-HSA-389532;R-HSA-390329;R-HSA-388809;R-HSA-9931290;R-HSA-388808;R-HSA-388811;R-HSA-9909657"
R-HSA-391251,"Protein folding",2,102,0.006276536828502861,0.5364468904098612,0.5364468904098612,7,28,0.0017403194729318167,9606,Homo sapiens,"GNB2;GNB3","","R-HSA-6814119;R-HSA-6814418;R-HSA-8850560;R-HSA-8850527;R-HSA-6814124;R-HSA-6814121;R-HSA-6814120"
R-HSA-174824,"Plasma lipoprotein assembly, remodeling, and clearance",2,102,0.006276536828502861,0.5364468904098612,0.5364468904098612,2,86,0.005345266952576294,9606,Homo sapiens,"A2M;CES3","","R-HSA-264758;R-HSA-8937442"
R-HSA-388396,"GPCR downstream signalling",14,795,0.04892006645744877,0.5372586683945668,0.5372586683945668,74,175,0.010876996705823854,9606,Homo sapiens,"DGKD;ROCK2;PRKCE;ITSN1;ITPR1;KALRN;EGFR;GNAI2;PPP2R1A;GNB2;GNB3;KRAS;CCL16","","R-HSA-749448;R-HSA-425861;R-HSA-9036301;R-HSA-749454;R-HSA-749453;R-HSA-426240;R-HSA-749452;R-HSA-750988;R-HSA-167429;R-HSA-8982019;R-HSA-392206;R-HSA-167433;R-HSA-8982020;R-HSA-749446;R-HSA-8964614;R-HSA-112271;R-HSA-392212;R-HSA-751001;R-HSA-8964634;R-HSA-420883;R-HSA-8964241;R-HSA-2179387;R-HSA-8964242;R-HSA-750993;R-HSA-9036307;R-HSA-749456;R-HSA-9036308;R-HSA-751019;R-HSA-379044;R-HSA-8982703;R-HSA-8964271;R-HSA-139941;R-HSA-170666;R-HSA-9680443;R-HSA-380073;R-HSA-170671;R-HSA-379048;R-HSA-751013;R-HSA-170674;R-HSA-751039;R-HSA-751027;R-HSA-751024;R-HSA-170686;R-HSA-744887;R-HSA-8982709;R-HSA-744886;R-HSA-201790;R-HSA-751029;R-HSA-392129;R-HSA-751040;R-HSA-139854;R-HSA-400586;R-HSA-169683;R-HSA-169680;R-HSA-8964317;R-HSA-419166;R-HSA-9624014;R-HSA-398040;R-HSA-8964311;R-HSA-8964329;R-HSA-392295;R-HSA-8982637;R-HSA-392300;R-HSA-2179407;R-HSA-419049;R-HSA-167408;R-HSA-8964604;R-HSA-8982012;R-HSA-8964605;R-HSA-2179415;R-HSA-398193;R-HSA-8982640;R-HSA-167419;R-HSA-8964599"
R-HSA-162599,"Late Phase of HIV Life Cycle",3,161,0.009907082641068241,0.5394555742359507,0.5394555742359507,15,78,0.004848032817452918,9606,Homo sapiens,"NUP210;PIM1;TAF2","","R-HSA-9613490;R-HSA-167136;R-HSA-9613498;R-HSA-167113;R-HSA-167118;R-HSA-180687;R-HSA-167474;R-HSA-165043;R-HSA-167121;R-HSA-165047;R-HSA-167477;R-HSA-167130;R-HSA-167097;R-HSA-167134;R-HSA-167484"
R-HSA-9696270,"RND2 GTPase cycle",1,44,0.0027075256907267246,0.5394816301640383,0.5394816301640383,1,2,1.2430853378084405E-4,9606,Homo sapiens,"PLXND1","","R-HSA-9696266"
R-HSA-180910,"Vpr-mediated nuclear import of PICs",1,44,0.0027075256907267246,0.5394816301640383,0.5394816301640383,1,2,1.2430853378084405E-4,9606,Homo sapiens,"NUP210","","R-HSA-180622"
R-HSA-9013420,"RHOU GTPase cycle",1,44,0.0027075256907267246,0.5394816301640383,0.5394816301640383,1,4,2.486170675616881E-4,9606,Homo sapiens,"PTK2B","","R-HSA-9018766"
R-HSA-390247,"Beta-oxidation of very long chain fatty acids",1,44,0.0027075256907267246,0.5394816301640383,0.5394816301640383,2,13,8.080054695754863E-4,9606,Homo sapiens,"HSD17B4","","R-HSA-390252;R-HSA-390251"
R-HSA-5689896,"Ovarian tumor domain proteases",1,44,0.0027075256907267246,0.5394816301640383,0.5394816301640383,1,14,8.701597364659083E-4,9606,Homo sapiens,"ESR1","","R-HSA-6783238"
R-HSA-68867,"Assembly of the pre-replicative complex",2,103,0.006338071503292105,0.5416921821239334,0.5416921821239334,10,23,0.0014295481384797065,9606,Homo sapiens,"MCM8;ORC3L","","R-HSA-68688;R-HSA-9749350;R-HSA-68595;R-HSA-68611;R-HSA-9749351;R-HSA-68610;R-HSA-68615;R-HSA-68603;R-HSA-9749215;R-HSA-9749320"
R-HSA-69620,"Cell Cycle Checkpoints",5,278,0.017106639591409758,0.5418256586332438,0.5418256586332438,15,63,0.003915718814096587,9606,Homo sapiens,"YWHAE;MCM8;PPP2R1A;ORC3L;CHEK2","","R-HSA-75809;R-HSA-5683735;R-HSA-69891;R-HSA-141409;R-HSA-5683792;R-HSA-5683774;R-HSA-176298;R-HSA-69608;R-HSA-75016;R-HSA-141422;R-HSA-69685;R-HSA-141431;R-HSA-349426;R-HSA-176318;R-HSA-141439"
R-HSA-1474290,"Collagen formation",2,104,0.006399606178081349,0.5468963118762442,0.5468963118762442,22,77,0.004785878550562496,9606,Homo sapiens,"COL6A3","","R-HSA-8948232;R-HSA-1650808;R-HSA-8948234;R-HSA-2002460;R-HSA-1614460;R-HSA-1614461;R-HSA-2022073;R-HSA-8948224;R-HSA-8948226;R-HSA-8948228;R-HSA-2089971;R-HSA-1981104;R-HSA-8948230;R-HSA-8948231;R-HSA-8948219;R-HSA-2213207;R-HSA-1981128;R-HSA-8948222;R-HSA-1980233;R-HSA-1981157;R-HSA-1981120;R-HSA-8944247"
R-HSA-2046106,"alpha-linolenic acid (ALA) metabolism",1,45,0.0027690603655159685,0.5475372199809041,0.5475372199809041,2,15,9.323140033563305E-4,9606,Homo sapiens,"HSD17B4","","R-HSA-2066780;R-HSA-2066778"
R-HSA-2454202,"Fc epsilon receptor (FCERI) signaling",4,222,0.01366069780321211,0.54939178015662,0.54939178015662,5,65,0.004040027347877432,9606,Homo sapiens,"ITPR1;KRAS;MAP2K7","","R-HSA-168162;R-HSA-169683;R-HSA-169680;R-HSA-2424477;R-HSA-2730868"
R-HSA-453279,"Mitotic G1 phase and G1/S transition",3,164,0.010091686665435973,0.5518868427501226,0.5518868427501226,11,101,0.006277580955932624,9606,Homo sapiens,"PPP2R1A;MCM8;ORC3L","","R-HSA-68960;R-HSA-68914;R-HSA-68917;R-HSA-68916;R-HSA-68919;R-HSA-113638;R-HSA-68918;R-HSA-1363276;R-HSA-68940;R-HSA-113503;R-HSA-1363274"
R-HSA-159231,"Transport of Mature mRNA Derived from an Intronless Transcript",1,46,0.002830595040305212,0.5554523819761883,0.5554523819761883,3,3,1.8646280067126608E-4,9606,Homo sapiens,"NUP210","","R-HSA-158441;R-HSA-77594;R-HSA-158447"
R-HSA-9035034,"RHOF GTPase cycle",1,46,0.002830595040305212,0.5554523819761883,0.5554523819761883,1,3,1.8646280067126608E-4,9606,Homo sapiens,"MYO9B","","R-HSA-9693282"
R-HSA-69541,"Stabilization of p53",1,46,0.002830595040305212,0.5554523819761883,0.5554523819761883,2,15,9.323140033563305E-4,9606,Homo sapiens,"CHEK2","","R-HSA-69685;R-HSA-349426"
R-HSA-381771,"Synthesis, secretion, and inactivation of Glucagon-like Peptide-1 (GLP-1)",1,46,0.002830595040305212,0.5554523819761883,0.5554523819761883,1,8,4.972341351233762E-4,9606,Homo sapiens,"GNB3","","R-HSA-383313"
R-HSA-9931509,"Expression of BMAL (ARNTL), CLOCK, and NPAS2",1,46,0.002830595040305212,0.5554523819761883,0.5554523819761883,1,10,6.215426689042203E-4,9606,Homo sapiens,"NCOA6","","R-HSA-1368065"
R-HSA-202131,"Metabolism of nitric oxide: NOS3 activation and regulation",1,46,0.002830595040305212,0.5554523819761883,0.5554523819761883,1,25,0.0015538566722605508,9606,Homo sapiens,"SPR","","R-HSA-1497869"
R-HSA-8964043,"Plasma lipoprotein clearance",1,46,0.002830595040305212,0.5554523819761883,0.5554523819761883,1,36,0.002237553608055193,9606,Homo sapiens,"CES3","","R-HSA-8937442"
R-HSA-9820965,"Respiratory syncytial virus (RSV) genome replication, transcription and translation",1,46,0.002830595040305212,0.5554523819761883,0.5554523819761883,1,65,0.004040027347877432,9606,Homo sapiens,"HSP90AB1","","R-HSA-9834736"
R-HSA-166016,"Toll Like Receptor 4 (TLR4) Cascade",3,166,0.01021475601501446,0.5600637727526563,0.5600637727526563,16,113,0.007023432158617689,9606,Homo sapiens,"IRAK1;PPP2R1A;MAP2K7","","R-HSA-168162;R-HSA-937034;R-HSA-166119;R-HSA-937032;R-HSA-450337;R-HSA-166091;R-HSA-166286;R-HSA-450346;R-HSA-166284;R-HSA-937050;R-HSA-199959;R-HSA-9758604;R-HSA-166362;R-HSA-166363;R-HSA-937044;R-HSA-168184"
R-HSA-112315,"Transmission across Chemical Synapses",6,343,0.021106393452710603,0.5619206549538174,0.5619206549538174,13,167,0.010379762570700479,9606,Homo sapiens,"GNB2;GNB3;SLC17A7;KRAS;GNAI2","","R-HSA-170666;R-HSA-500717;R-HSA-442732;R-HSA-392206;R-HSA-170671;R-HSA-210444;R-HSA-170674;R-HSA-1013020;R-HSA-210426;R-HSA-1013013;R-HSA-1013012;R-HSA-170686;R-HSA-210430"
R-HSA-159234,"Transport of Mature mRNAs Derived from Intronless Transcripts",1,47,0.0028921297150944557,0.5632295556961191,0.5632295556961191,9,9,5.593884020137983E-4,9606,Homo sapiens,"NUP210","","R-HSA-77587;R-HSA-158481;R-HSA-159046;R-HSA-158484;R-HSA-159050;R-HSA-158441;R-HSA-77594;R-HSA-158447;R-HSA-111439"
R-HSA-176033,"Interactions of Vpr with host cellular proteins",1,47,0.0028921297150944557,0.5632295556961191,0.5632295556961191,1,4,2.486170675616881E-4,9606,Homo sapiens,"NUP210","","R-HSA-180622"
R-HSA-9854311,"Maturation of TCA enzymes and regulation of TCA cycle",1,47,0.0028921297150944557,0.5632295556961191,0.5632295556961191,2,10,6.215426689042203E-4,9606,Homo sapiens,"FH","","R-HSA-9854405;R-HSA-9854984"
R-HSA-3371568,"Attenuation phase",1,47,0.0028921297150944557,0.5632295556961191,0.5632295556961191,1,5,3.1077133445211015E-4,9606,Homo sapiens,"HSP90AB1","","R-HSA-5324617"
R-HSA-168249,"Innate Immune System",24,1387,0.08534859393268107,0.5651311778978687,0.5651311778978687,76,782,0.04860463670831003,9606,Homo sapiens,"DBNL;HSP90AB1;SERPINA1;C1S;PRKCE;GAA;ITPR1;UBR4;ANO6;MYO9B;IGF2R;MAPK13;NCSTN;PFKL;IRAK1;PPP2R1A;P2RX1;LCN2;SIRPA;KRAS;MAP2K7;A2M;CD46","","R-HSA-975118;R-HSA-975119;R-HSA-975115;R-HSA-158340;R-HSA-8852481;R-HSA-9709852;R-HSA-975878;R-HSA-975879;R-HSA-975111;R-HSA-166792;R-HSA-975106;R-HSA-166286;R-HSA-975874;R-HSA-166284;R-HSA-975134;R-HSA-5621573;R-HSA-6799350;R-HSA-9709831;R-HSA-844440;R-HSA-199959;R-HSA-5229273;R-HSA-9758604;R-HSA-975125;R-HSA-975122;R-HSA-450337;R-HSA-975142;R-HSA-198314;R-HSA-450346;R-HSA-8852266;R-HSA-975139;R-HSA-1006143;R-HSA-8951486;R-HSA-173626;R-HSA-2424477;R-HSA-419644;R-HSA-2029476;R-HSA-419645;R-HSA-173631;R-HSA-977615;R-HSA-975180;R-HSA-937034;R-HSA-937032;R-HSA-166091;R-HSA-1247960;R-HSA-977602;R-HSA-6800426;R-HSA-169683;R-HSA-873951;R-HSA-169680;R-HSA-937050;R-HSA-6800434;R-HSA-166362;R-HSA-166363;R-HSA-937044;R-HSA-975188;R-HSA-2730868;R-HSA-168162;R-HSA-975852;R-HSA-166753;R-HSA-975853;R-HSA-166119;R-HSA-874087;R-HSA-1306876;R-HSA-6798743;R-HSA-975100;R-HSA-9021306;R-HSA-5624486;R-HSA-6798739;R-HSA-5624492;R-HSA-168184;R-HSA-6798749;R-HSA-6798748;R-HSA-5624494;R-HSA-6798747;R-HSA-6798745;R-HSA-975857"
R-HSA-212165,"Epigenetic regulation of gene expression",6,345,0.02122946280228909,0.5675820371502516,0.5675820371502516,41,118,0.0073342034930697995,9606,Homo sapiens,"NCOA6;PPARG;SMARCA2;PPARGC1B","","R-HSA-9859223;R-HSA-9856211;R-HSA-9851539;R-HSA-9843219;R-HSA-9859291;R-HSA-9727450;R-HSA-9859334;R-HSA-9859206;R-HSA-9841924;R-HSA-9851534;R-HSA-9859084;R-HSA-9851530;R-HSA-9859082;R-HSA-9859273;R-HSA-9859188;R-HSA-9854130;R-HSA-9843122;R-HSA-9854128;R-HSA-9843120;R-HSA-9843121;R-HSA-9859121;R-HSA-9854142;R-HSA-9859007;R-HSA-9842815;R-HSA-9843900;R-HSA-9859196;R-HSA-9845308;R-HSA-9854141;R-HSA-9859005;R-HSA-9856486;R-HSA-9821412;R-HSA-9821410;R-HSA-9859182;R-HSA-9843118;R-HSA-9843119;R-HSA-9859119;R-HSA-9843116;R-HSA-9842028;R-HSA-9843117;R-HSA-9843115;R-HSA-9843112"
R-HSA-73779,"RNA Polymerase II Transcription Pre-Initiation And Promoter Opening",1,48,0.0029536643898836995,0.5708711384532166,0.5708711384532166,5,5,3.1077133445211015E-4,9606,Homo sapiens,"TAF2","","R-HSA-109637;R-HSA-109636;R-HSA-109639;R-HSA-75095;R-HSA-109638"
R-HSA-9820841,"M-decay: degradation of maternal mRNAs by maternally stored factors",1,48,0.0029536643898836995,0.5708711384532166,0.5708711384532166,2,7,4.350798682329542E-4,9606,Homo sapiens,"ELL2","","R-HSA-9819200;R-HSA-9822335"
R-HSA-168271,"Transport of Ribonucleoproteins into the Host Nucleus",1,48,0.0029536643898836995,0.5708711384532166,0.5708711384532166,1,4,2.486170675616881E-4,9606,Homo sapiens,"NUP210","","R-HSA-168337"
R-HSA-168276,"NS1 Mediated Effects on Host Pathways",1,48,0.0029536643898836995,0.5708711384532166,0.5708711384532166,1,8,4.972341351233762E-4,9606,Homo sapiens,"NUP210","","R-HSA-1176059"
R-HSA-5423646,"Aflatoxin activation and detoxification",1,48,0.0029536643898836995,0.5708711384532166,0.5708711384532166,2,18,0.0011187768040275966,9606,Homo sapiens,"CYP3A5","","R-HSA-5423664;R-HSA-156526"
R-HSA-5218920,"VEGFR2 mediated vascular permeability",1,48,0.0029536643898836995,0.5708711384532166,0.5708711384532166,1,15,9.323140033563305E-4,9606,Homo sapiens,"TRIB3","","R-HSA-198640"
R-HSA-9820448,"Developmental Cell Lineages of the Exocrine Pancreas",3,170,0.010460894714171436,0.5761457350007644,0.5761457350007644,2,10,6.215426689042203E-4,9606,Homo sapiens,"LAMA5;LAMB2","","R-HSA-9910607;R-HSA-9853402"
R-HSA-3000480,"Scavenging by Class A Receptors",1,49,0.0030151990646729433,0.5783794860548663,0.5783794860548663,2,10,6.215426689042203E-4,9606,Homo sapiens,"MARCO","","R-HSA-2247510;R-HSA-2173781"
R-HSA-442660,"SLC-mediated transport of neurotransmitters",1,49,0.0030151990646729433,0.5783794860548663,0.5783794860548663,1,14,8.701597364659083E-4,9606,Homo sapiens,"SLC17A7","","R-HSA-428052"
R-HSA-189451,"Heme biosynthesis",1,49,0.0030151990646729433,0.5783794860548663,0.5783794860548663,1,20,0.0012430853378084406,9606,Homo sapiens,"ALAS2","","R-HSA-189442"
R-HSA-167161,"HIV Transcription Initiation",1,50,0.003076733739462187,0.5857569135193702,0.5857569135193702,4,4,2.486170675616881E-4,9606,Homo sapiens,"TAF2","","R-HSA-167477;R-HSA-167130;R-HSA-167134;R-HSA-167118"
R-HSA-75953,"RNA Polymerase II Transcription Initiation",1,50,0.003076733739462187,0.5857569135193702,0.5857569135193702,3,3,1.8646280067126608E-4,9606,Homo sapiens,"TAF2","","R-HSA-75861;R-HSA-75864;R-HSA-75866"
R-HSA-167162,"RNA Polymerase II HIV Promoter Escape",1,50,0.003076733739462187,0.5857569135193702,0.5857569135193702,6,9,5.593884020137983E-4,9606,Homo sapiens,"TAF2","","R-HSA-167474;R-HSA-9613490;R-HSA-167136;R-HSA-167121;R-HSA-9613498;R-HSA-167113"
R-HSA-4615885,"SUMOylation of DNA replication proteins",1,50,0.003076733739462187,0.5857569135193702,0.5857569135193702,2,8,4.972341351233762E-4,9606,Homo sapiens,"NUP210","","R-HSA-5228525;R-HSA-4655355"
R-HSA-512988,"Interleukin-3, Interleukin-5 and GM-CSF signaling",1,50,0.003076733739462187,0.5857569135193702,0.5857569135193702,6,38,0.002361862141836037,9606,Homo sapiens,"JAK1","","R-HSA-508247;R-HSA-453111;R-HSA-912527;R-HSA-913374;R-HSA-453104;R-HSA-913424"
R-HSA-9918485,"Dengue Virus Attachment and Entry",1,50,0.003076733739462187,0.5857569135193702,0.5857569135193702,1,10,6.215426689042203E-4,9606,Homo sapiens,"SDC1","","R-HSA-9918501"
R-HSA-400508,"Incretin synthesis, secretion, and inactivation",1,50,0.003076733739462187,0.5857569135193702,0.5857569135193702,1,15,9.323140033563305E-4,9606,Homo sapiens,"GNB3","","R-HSA-383313"
R-HSA-9020702,"Interleukin-1 signaling",2,112,0.006891883576395298,0.5870314412327113,0.5870314412327113,28,59,0.0036671017465348997,9606,Homo sapiens,"IRAK1;IL1R1","","R-HSA-450690;R-HSA-446862;R-HSA-450187;R-HSA-450827;R-HSA-446870;R-HSA-446868;R-HSA-450133;R-HSA-8948063;R-HSA-9758604;R-HSA-446684;R-HSA-446877;R-HSA-451418;R-HSA-446694;R-HSA-446692;R-HSA-8948015;R-HSA-446894;R-HSA-8948066;R-HSA-446701;R-HSA-446634;R-HSA-451561;R-HSA-9681763;R-HSA-168184;R-HSA-8948018;R-HSA-445757;R-HSA-450173;R-HSA-445752;R-HSA-446648;R-HSA-445753"
R-HSA-3371453,"Regulation of HSF1-mediated heat shock response",2,113,0.006953418251184542,0.5918597698040856,0.5918597698040856,2,14,8.701597364659083E-4,9606,Homo sapiens,"YWHAE;NUP210","","R-HSA-5252041;R-HSA-4793925"
R-HSA-442755,"Activation of NMDA receptors and postsynaptic events",2,113,0.006953418251184542,0.5918597698040856,0.5918597698040856,1,71,0.004412952949219964,9606,Homo sapiens,"KRAS","","R-HSA-442732"
R-HSA-4570464,"SUMOylation of RNA binding proteins",1,51,0.0031382684142514305,0.593005695779821,0.593005695779821,1,4,2.486170675616881E-4,9606,Homo sapiens,"NUP210","","R-HSA-4570493"
R-HSA-162587,"HIV Life Cycle",3,176,0.010830102762906899,0.5995707171594757,0.5995707171594757,15,117,0.007272049226179377,9606,Homo sapiens,"NUP210;PIM1;TAF2","","R-HSA-9613490;R-HSA-167136;R-HSA-9613498;R-HSA-167113;R-HSA-167118;R-HSA-180687;R-HSA-167474;R-HSA-165043;R-HSA-167121;R-HSA-165047;R-HSA-167477;R-HSA-167130;R-HSA-167097;R-HSA-167134;R-HSA-167484"
R-HSA-983705,"Signaling by the B Cell Receptor (BCR)",3,176,0.010830102762906899,0.5995707171594757,0.5995707171594757,4,45,0.0027969420100689914,9606,Homo sapiens,"ITPR1;KRAS","","R-HSA-169683;R-HSA-169680;R-HSA-1168376;R-HSA-1168636"
R-HSA-73776,"RNA Polymerase II Promoter Escape",1,52,0.0031998030890406743,0.6001280683756738,0.6001280683756738,5,7,4.350798682329542E-4,9606,Homo sapiens,"TAF2","","R-HSA-75873;R-HSA-9613494;R-HSA-75850;R-HSA-9613497;R-HSA-75869"
R-HSA-3214858,"RMTs methylate histone arginines",1,52,0.0031998030890406743,0.6001280683756738,0.6001280683756738,3,22,0.0013673938715892846,9606,Homo sapiens,"SMARCA2","","R-HSA-5205799;R-HSA-3215448;R-HSA-5205861"
R-HSA-69231,"Cyclin D associated events in G1",1,52,0.0031998030890406743,0.6001280683756738,0.6001280683756738,2,17,0.0010566225371371745,9606,Homo sapiens,"PPP2R1A","","R-HSA-1363276;R-HSA-1363274"
R-HSA-69236,"G1 Phase",1,52,0.0031998030890406743,0.6001280683756738,0.6001280683756738,2,17,0.0010566225371371745,9606,Homo sapiens,"PPP2R1A","","R-HSA-1363276;R-HSA-1363274"
R-HSA-156581,"Methylation",1,52,0.0031998030890406743,0.6001280683756738,0.6001280683756738,1,13,8.080054695754863E-4,9606,Homo sapiens,"MAT1A","","R-HSA-174391"
R-HSA-373752,"Netrin-1 signaling",1,52,0.0031998030890406743,0.6001280683756738,0.6001280683756738,1,34,0.002113245074274349,9606,Homo sapiens,"ABLIM3","","R-HSA-418865"
R-HSA-163125,"Post-translational modification: synthesis of GPI-anchored proteins",2,115,0.00707648760076303,0.6013902508097062,0.6013902508097062,2,16,9.944682702467524E-4,9606,Homo sapiens,"PIGU;PIGV","","R-HSA-162836;R-HSA-162873"
R-HSA-9633012,"Response of EIF2AK4 (GCN2) to amino acid deficiency",2,115,0.00707648760076303,0.6013902508097062,0.6013902508097062,2,16,9.944682702467524E-4,9606,Homo sapiens,"TRIB3","","R-HSA-9635927;R-HSA-9635912"
R-HSA-168256,"Immune System",52,3033,0.18663466863577627,0.6064969980201627,0.6064969980201627,409,1895,0.11778233575734974,9606,Homo sapiens,"LAMA5;HSP90AB1;SERPINA1;C1S;RNF14;UBR4;ITPR1;PTPN23;UBE2J2;NCSTN;IRAK1;PPP2R1A;PIM1;GRB10;SIRPA;PTK2B;A2M;MAP2K7;JAK1;DBNL;TNFSF14;NUP210;NCOA6;IL1R1;STAT1;GAA;PRKCE;ANO6;MYO9B;SMARCA2;IGF2R;MAPK13;PFKL;P2RX1;LCN2;SDC1;KRAS;TRIB3;CD46;TAF2","","R-HSA-975878;R-HSA-975879;R-HSA-975874;R-HSA-9607304;R-HSA-913424;R-HSA-6786124;R-HSA-8937656;R-HSA-937034;R-HSA-937032;R-HSA-6786095;R-HSA-6800426;R-HSA-937050;R-HSA-6800434;R-HSA-6786096;R-HSA-6786110;R-HSA-937044;R-HSA-6784006;R-HSA-983147;R-HSA-6786050;R-HSA-9705726;R-HSA-983140;R-HSA-6786058;R-HSA-9833723;R-HSA-913529;R-HSA-983157;R-HSA-983156;R-HSA-6786072;R-HSA-983152;R-HSA-912527;R-HSA-450690;R-HSA-8852481;R-HSA-1295519;R-HSA-1295516;R-HSA-448660;R-HSA-448661;R-HSA-1295540;R-HSA-6784204;R-HSA-9674808;R-HSA-446634;R-HSA-390329;R-HSA-446648;R-HSA-9009227;R-HSA-448708;R-HSA-9678935;R-HSA-166091;R-HSA-1264832;R-HSA-9674816;R-HSA-446684;R-HSA-6784189;R-HSA-448728;R-HSA-446694;R-HSA-168162;R-HSA-446692;R-HSA-166119;R-HSA-6785165;R-HSA-446701;R-HSA-1168636;R-HSA-448744;R-HSA-9836664;R-HSA-1306876;R-HSA-975100;R-HSA-8854645;R-HSA-168184;R-HSA-909552;R-HSA-975118;R-HSA-975119;R-HSA-975115;R-HSA-9734547;R-HSA-975111;R-HSA-8984963;R-HSA-975106;R-HSA-450827;R-HSA-449803;R-HSA-8987012;R-HSA-8985988;R-HSA-8984964;R-HSA-8987015;R-HSA-9909657;R-HSA-8987014;R-HSA-975134;R-HSA-8987033;R-HSA-199959;R-HSA-449811;R-HSA-8987039;R-HSA-975125;R-HSA-9009554;R-HSA-975122;R-HSA-9009558;R-HSA-6784324;R-HSA-6784323;R-HSA-912680;R-HSA-8983983;R-HSA-975142;R-HSA-8987040;R-HSA-8987043;R-HSA-8987042;R-HSA-975139;R-HSA-8983996;R-HSA-8987070;R-HSA-9025969;R-HSA-451900;R-HSA-445757;R-HSA-445752;R-HSA-8987063;R-HSA-445753;R-HSA-8987080;R-HSA-975180;R-HSA-8987084;R-HSA-8984012;R-HSA-8984014;R-HSA-8984001;R-HSA-8950210;R-HSA-8940998;R-HSA-9680348;R-HSA-8987097;R-HSA-508247;R-HSA-8987096;R-HSA-8983003;R-HSA-6784319;R-HSA-975188;R-HSA-8984021;R-HSA-9707977;R-HSA-8984023;R-HSA-451942;R-HSA-8987105;R-HSA-8987104;R-HSA-1168767;R-HSA-8987129;R-HSA-8987132;R-HSA-8987120;R-HSA-508282;R-HSA-6788582;R-HSA-508292;R-HSA-9709852;R-HSA-446862;R-HSA-6789615;R-HSA-166286;R-HSA-166284;R-HSA-446870;R-HSA-909725;R-HSA-909724;R-HSA-1168768;R-HSA-446868;R-HSA-8983835;R-HSA-9709831;R-HSA-8983834;R-HSA-909726;R-HSA-909721;R-HSA-909720;R-HSA-9705729;R-HSA-909722;R-HSA-389532;R-HSA-909719;R-HSA-446877;R-HSA-909718;R-HSA-9705738;R-HSA-449958;R-HSA-8985900;R-HSA-8948015;R-HSA-446894;R-HSA-8983841;R-HSA-909732;R-HSA-909729;R-HSA-8983845;R-HSA-1112510;R-HSA-909730;R-HSA-873917;R-HSA-873919;R-HSA-8985914;R-HSA-873918;R-HSA-9676071;R-HSA-8948018;R-HSA-6788571;R-HSA-449978;R-HSA-449976;R-HSA-8985929;R-HSA-873924;R-HSA-873927;R-HSA-1112538;R-HSA-873926;R-HSA-873921;R-HSA-873922;R-HSA-873951;R-HSA-1112514;R-HSA-8986972;R-HSA-8948063;R-HSA-166362;R-HSA-166363;R-HSA-8985943;R-HSA-1678841;R-HSA-8986985;R-HSA-9909623;R-HSA-9962876;R-HSA-1112565;R-HSA-9710963;R-HSA-8985966;R-HSA-8948066;R-HSA-1176059;R-HSA-450027;R-HSA-6798743;R-HSA-453111;R-HSA-6798739;R-HSA-8985981;R-HSA-453104;R-HSA-8987007;R-HSA-8986995;R-HSA-6798749;R-HSA-6798748;R-HSA-8986994;R-HSA-9710959;R-HSA-6798747;R-HSA-8985973;R-HSA-452091;R-HSA-6798745;R-HSA-452100;R-HSA-9732753;R-HSA-452097;R-HSA-450063;R-HSA-1112602;R-HSA-452108;R-HSA-8987266;R-HSA-1112604;R-HSA-8950405;R-HSA-8987270;R-HSA-9732738;R-HSA-8982163;R-HSA-8982162;R-HSA-1112587;R-HSA-452122;R-HSA-8982165;R-HSA-8963734;R-HSA-8950441;R-HSA-6783556;R-HSA-508451;R-HSA-6783552;R-HSA-1031716;R-HSA-1031713;R-HSA-1006143;R-HSA-5668454;R-HSA-8951486;R-HSA-173626;R-HSA-8950448;R-HSA-173631;R-HSA-8950453;R-HSA-6783524;R-HSA-6783530;R-HSA-450133;R-HSA-6809140;R-HSA-449115;R-HSA-8950485;R-HSA-1112690;R-HSA-508513;R-HSA-5676593;R-HSA-6788623;R-HSA-5668414;R-HSA-6788622;R-HSA-874087;R-HSA-1067646;R-HSA-1112703;R-HSA-9678561;R-HSA-8950522;R-HSA-6788628;R-HSA-9006844;R-HSA-9008894;R-HSA-5676591;R-HSA-450173;R-HSA-8950518;R-HSA-9940501;R-HSA-158340;R-HSA-8987150;R-HSA-1112727;R-HSA-9940496;R-HSA-8987141;R-HSA-450187;R-HSA-9931290;R-HSA-8987161;R-HSA-9680385;R-HSA-1067651;R-HSA-844440;R-HSA-1112708;R-HSA-5229273;R-HSA-9680389;R-HSA-9680388;R-HSA-1067659;R-HSA-8987156;R-HSA-8983063;R-HSA-8987179;R-HSA-1112755;R-HSA-6783681;R-HSA-198314;R-HSA-9011748;R-HSA-9009700;R-HSA-1067688;R-HSA-2424477;R-HSA-977615;R-HSA-8987202;R-HSA-1247960;R-HSA-977602;R-HSA-8950340;R-HSA-388809;R-HSA-388808;R-HSA-388811;R-HSA-169683;R-HSA-169680;R-HSA-8987230;R-HSA-5668481;R-HSA-877269;R-HSA-8950354;R-HSA-8987218;R-HSA-8987220;R-HSA-5668534;R-HSA-388833;R-HSA-877281;R-HSA-9732729;R-HSA-8987236;R-HSA-877308;R-HSA-5624486;R-HSA-5624492;R-HSA-5624494;R-HSA-8987255;R-HSA-6785895;R-HSA-9730967;R-HSA-8983425;R-HSA-8983424;R-HSA-5621573;R-HSA-9005980;R-HSA-9758604;R-HSA-9696179;R-HSA-9835443;R-HSA-450337;R-HSA-9954237;R-HSA-450346;R-HSA-8950716;R-HSA-419644;R-HSA-419645;R-HSA-8848316;R-HSA-8848314;R-HSA-8950733;R-HSA-8983518;R-HSA-451418;R-HSA-2730868;R-HSA-9705461;R-HSA-919404;R-HSA-166753;R-HSA-9705458;R-HSA-8950757;R-HSA-9705465;R-HSA-9705466;R-HSA-8952807;R-HSA-9705467;R-HSA-6784791;R-HSA-8950782;R-HSA-8950537;R-HSA-9677585;R-HSA-8983309;R-HSA-166792;R-HSA-8983299;R-HSA-8983298;R-HSA-9006850;R-HSA-8983300;R-HSA-9006873;R-HSA-6799350;R-HSA-9007901;R-HSA-9677579;R-HSA-1015702;R-HSA-1015699;R-HSA-9006870;R-HSA-9674546;R-HSA-9674550;R-HSA-8852266;R-HSA-448427;R-HSA-9674558;R-HSA-8983335;R-HSA-997311;R-HSA-997309;R-HSA-5696482;R-HSA-2029476;R-HSA-9674542;R-HSA-997326;R-HSA-8983371;R-HSA-8986446;R-HSA-8983374;R-HSA-997314;R-HSA-9706308;R-HSA-9674563;R-HSA-8983384;R-HSA-9674562;R-HSA-913374;R-HSA-9674567;R-HSA-8983378;R-HSA-975852;R-HSA-975853;R-HSA-5668789;R-HSA-448480;R-HSA-1168376;R-HSA-8983394;R-HSA-451561;R-HSA-1169406;R-HSA-9706340;R-HSA-9681763;R-HSA-9021306;R-HSA-6790036;R-HSA-198640;R-HSA-8986480;R-HSA-5675948;R-HSA-9706344;R-HSA-9706345;R-HSA-6790041;R-HSA-975857"
R-HSA-168333,"NEP/NS2 Interacts with the Cellular Export Machinery",1,53,0.003261337763829918,0.6071262281326233,0.6071262281326233,1,2,1.2430853378084405E-4,9606,Homo sapiens,"NUP210","","R-HSA-168880"
R-HSA-3560782,"Diseases associated with glycosaminoglycan metabolism",1,53,0.003261337763829918,0.6071262281326233,0.6071262281326233,9,23,0.0014295481384797065,9606,Homo sapiens,"SDC1","","R-HSA-3656261;R-HSA-3560804;R-HSA-9036285;R-HSA-3560802;R-HSA-3656257;R-HSA-9036289;R-HSA-3656254;R-HSA-3656267;R-HSA-4420365"
R-HSA-9824585,"Regulation of MITF-M-dependent genes involved in pigmentation",1,53,0.003261337763829918,0.6071262281326233,0.6071262281326233,4,23,0.0014295481384797065,9606,Homo sapiens,"SMARCA2","","R-HSA-9824981;R-HSA-9825847;R-HSA-9824593;R-HSA-9824579"
R-HSA-77286,"mitochondrial fatty acid beta-oxidation of saturated fatty acids",1,53,0.003261337763829918,0.6071262281326233,0.6071262281326233,5,29,0.0018024737398222388,9606,Homo sapiens,"ECHS1","","R-HSA-77344;R-HSA-77314;R-HSA-77333;R-HSA-77256;R-HSA-77325"
R-HSA-69613,"p53-Independent G1/S DNA Damage Checkpoint",1,53,0.003261337763829918,0.6071262281326233,0.6071262281326233,1,11,6.836969357946423E-4,9606,Homo sapiens,"CHEK2","","R-HSA-69608"
R-HSA-69601,"Ubiquitin-Mediated Degradation of Phosphorylated Cdc25A",1,53,0.003261337763829918,0.6071262281326233,0.6071262281326233,1,11,6.836969357946423E-4,9606,Homo sapiens,"CHEK2","","R-HSA-69608"
R-HSA-1614558,"Degradation of cysteine and homocysteine",1,53,0.003261337763829918,0.6071262281326233,0.6071262281326233,1,22,0.0013673938715892846,9606,Homo sapiens,"TXN2","","R-HSA-9035484"
R-HSA-76009,"Platelet Aggregation (Plug Formation)",1,53,0.003261337763829918,0.6071262281326233,0.6071262281326233,1,27,0.0016781652060413948,9606,Homo sapiens,"THPO","","R-HSA-443926"
R-HSA-9938024,"Somatic hypermutation of immunoglobulin genes",3,178,0.010953172112485386,0.6071888742983167,0.6071888742983167,2,28,0.0017403194729318167,9606,Homo sapiens,"NCOA6;SMARCA2;TAF2","","R-HSA-9940501;R-HSA-9940496"
R-HSA-5633007,"Regulation of TP53 Activity",3,179,0.01101470678727463,0.6109618271802232,0.6109618271802232,6,97,0.006028963888370937,9606,Homo sapiens,"PPP2R1A;CHEK2;TAF2","","R-HSA-6792871;R-HSA-6805399;R-HSA-69685;R-HSA-349426;R-HSA-6792863;R-HSA-6804266"
R-HSA-76042,"RNA Polymerase II Transcription Initiation And Promoter Clearance",1,54,0.003322872438619162,0.6140023338306595,0.6140023338306595,9,11,6.836969357946423E-4,9606,Homo sapiens,"TAF2","","R-HSA-75873;R-HSA-75861;R-HSA-9613494;R-HSA-75864;R-HSA-75866;R-HSA-75850;R-HSA-9613497;R-HSA-75869;R-HSA-75949"
R-HSA-168274,"Export of Viral Ribonucleoproteins from Nucleus",1,54,0.003322872438619162,0.6140023338306595,0.6140023338306595,1,5,3.1077133445211015E-4,9606,Homo sapiens,"NUP210","","R-HSA-168880"
R-HSA-9660826,"Purinergic signaling in leishmaniasis infection",1,54,0.003322872438619162,0.6140023338306595,0.6140023338306595,3,23,0.0014295481384797065,9606,Homo sapiens,"HSP90AB1","","R-HSA-873951;R-HSA-874087;R-HSA-1306876"
R-HSA-9664424,"Cell recruitment (pro-inflammatory response)",1,54,0.003322872438619162,0.6140023338306595,0.6140023338306595,3,23,0.0014295481384797065,9606,Homo sapiens,"HSP90AB1","","R-HSA-873951;R-HSA-874087;R-HSA-1306876"
R-HSA-71240,"Tryptophan catabolism",1,54,0.003322872438619162,0.6140023338306595,0.6140023338306595,1,18,0.0011187768040275966,9606,Homo sapiens,"KMO","","R-HSA-71200"
R-HSA-75153,"Apoptotic execution phase",1,54,0.003322872438619162,0.6140023338306595,0.6140023338306595,1,57,0.0035427932127540555,9606,Homo sapiens,"DBNL","","R-HSA-202966"
R-HSA-69239,"Synthesis of DNA",2,119,0.007322626299920005,0.619946753527264,0.619946753527264,2,27,0.0016781652060413948,9606,Homo sapiens,"MCM8;ORC3L","","R-HSA-68944;R-HSA-169461"
R-HSA-9725370,"Signaling by ALK fusions and activated point mutants",2,119,0.007322626299920005,0.619946753527264,0.619946753527264,3,63,0.003915718814096587,9606,Homo sapiens,"STAT1;RRBP1","","R-HSA-9851142;R-HSA-9700181;R-HSA-9700179"
R-HSA-9700206,"Signaling by ALK in cancer",2,119,0.007322626299920005,0.619946753527264,0.619946753527264,3,71,0.004412952949219964,9606,Homo sapiens,"STAT1;RRBP1","","R-HSA-9851142;R-HSA-9700181;R-HSA-9700179"
R-HSA-445989,"TAK1-dependent IKK and NF-kappa-B activation  ",1,55,0.003384407113408406,0.6207585068606374,0.6207585068606374,2,17,0.0010566225371371745,9606,Homo sapiens,"IRAK1","","R-HSA-9758604;R-HSA-168184"
R-HSA-3928665,"EPH-ephrin mediated repulsion of cells",1,55,0.003384407113408406,0.6207585068606374,0.6207585068606374,1,9,5.593884020137983E-4,9606,Homo sapiens,"NCSTN","","R-HSA-3928656"
R-HSA-2046104,"alpha-linolenic (omega3) and linoleic (omega6) acid metabolism",1,55,0.003384407113408406,0.6207585068606374,0.6207585068606374,2,25,0.0015538566722605508,9606,Homo sapiens,"HSD17B4","","R-HSA-2066780;R-HSA-2066778"
R-HSA-1483191,"Synthesis of PC",1,55,0.003384407113408406,0.6207585068606374,0.6207585068606374,1,17,0.0010566225371371745,9606,Homo sapiens,"PEMT","","R-HSA-1483174"
R-HSA-70263,"Gluconeogenesis",1,56,0.003445941788197649,0.6273968318696767,0.6273968318696767,1,17,0.0010566225371371745,9606,Homo sapiens,"TPI1","","R-HSA-70481"
R-HSA-69002,"DNA Replication Pre-Initiation",2,121,0.007445695649498493,0.6289733520042897,0.6289733520042897,17,32,0.0019889365404935047,9606,Homo sapiens,"MCM8;ORC3L","","R-HSA-68960;R-HSA-68611;R-HSA-68610;R-HSA-68615;R-HSA-9749215;R-HSA-68940;R-HSA-68688;R-HSA-9749350;R-HSA-68595;R-HSA-68914;R-HSA-9749351;R-HSA-68917;R-HSA-68916;R-HSA-68919;R-HSA-68918;R-HSA-68603;R-HSA-9749320"
R-HSA-8978868,"Fatty acid metabolism",7,429,0.026398375484585564,0.6314492210140266,0.6314492210140266,17,232,0.01441978991857791,9606,Homo sapiens,"PON3;ECHS1;ACAA2;ACOT12;HSD17B4;ALOXE3;ACACA","","R-HSA-77344;R-HSA-77314;R-HSA-2066780;R-HSA-2066778;R-HSA-389986;R-HSA-200555;R-HSA-8942208;R-HSA-77256;R-HSA-390252;R-HSA-75851;R-HSA-77325;R-HSA-5690043;R-HSA-390251;R-HSA-389995;R-HSA-8932633;R-HSA-77333;R-HSA-8874745"
R-HSA-9013405,"RHOD GTPase cycle",1,57,0.003507476462986893,0.6339193573952793,0.6339193573952793,1,9,5.593884020137983E-4,9606,Homo sapiens,"ARHGAP26","","R-HSA-9013437"
R-HSA-69580,"p53-Dependent G1/S DNA damage checkpoint",1,57,0.003507476462986893,0.6339193573952793,0.6339193573952793,2,22,0.0013673938715892846,9606,Homo sapiens,"CHEK2","","R-HSA-69685;R-HSA-349426"
R-HSA-69563,"p53-Dependent G1 DNA Damage Response",1,57,0.003507476462986893,0.6339193573952793,0.6339193573952793,2,22,0.0013673938715892846,9606,Homo sapiens,"CHEK2","","R-HSA-69685;R-HSA-349426"
R-HSA-380108,"Chemokine receptors bind chemokines",1,57,0.003507476462986893,0.6339193573952793,0.6339193573952793,1,19,0.0011809310709180185,9606,Homo sapiens,"CCL16","","R-HSA-373073"
R-HSA-1483249,"Inositol phosphate metabolism",2,125,0.007691834348655467,0.6465260111005848,0.6465260111005848,10,71,0.004412952949219964,9606,Homo sapiens,"ISYNA1;NUP210","","R-HSA-1855212;R-HSA-1855161;R-HSA-1855178;R-HSA-1855220;R-HSA-1855188;R-HSA-1855173;R-HSA-1855190;R-HSA-1855168;R-HSA-1855201;R-HSA-1855203"
R-HSA-9013409,"RHOJ GTPase cycle",1,59,0.0036305458125653806,0.6466250273275935,0.6466250273275935,1,3,1.8646280067126608E-4,9606,Homo sapiens,"ARHGAP26","","R-HSA-9017488"
R-HSA-3371571,"HSF1-dependent transactivation",1,59,0.0036305458125653806,0.6466250273275935,0.6466250273275935,2,8,4.972341351233762E-4,9606,Homo sapiens,"HSP90AB1","","R-HSA-5324617;R-HSA-5082356"
R-HSA-9864848,"Complex IV assembly",1,59,0.0036305458125653806,0.6466250273275935,0.6466250273275935,1,9,5.593884020137983E-4,9606,Homo sapiens,"NDUFA4","","R-HSA-9865663"
R-HSA-418555,"G alpha (s) signalling events",3,190,0.01169158820995631,0.6508523695313787,0.6508523695313787,9,28,0.0017403194729318167,9606,Homo sapiens,"GNB2;GNB3;GNAI2","","R-HSA-379044;R-HSA-392129;R-HSA-9036301;R-HSA-9036307;R-HSA-9624014;R-HSA-744887;R-HSA-9036308;R-HSA-744886;R-HSA-751013"
R-HSA-5621481,"C-type lectin receptors (CLRs)",3,190,0.01169158820995631,0.6508523695313787,0.6508523695313787,6,68,0.004226490148548698,9606,Homo sapiens,"ITPR1;KRAS","","R-HSA-5621573;R-HSA-169683;R-HSA-169680;R-HSA-5624486;R-HSA-5624492;R-HSA-5624494"
R-HSA-6794361,"Neurexins and neuroligins",1,60,0.0036920804873546245,0.6528120938178286,0.6528120938178286,1,19,0.0011809310709180185,9606,Homo sapiens,"DBNL","","R-HSA-6797554"
R-HSA-9634815,"Transcriptional Regulation by NPAS4",1,60,0.0036920804873546245,0.6528120938178286,0.6528120938178286,2,46,0.002859096276959413,9606,Homo sapiens,"SRF","","R-HSA-9768832;R-HSA-9768829"
R-HSA-9909648,"Regulation of PD-L1(CD274) expression",3,191,0.011753122884745554,0.6543309154482557,0.6543309154482557,3,56,0.0034806389458636334,9606,Homo sapiens,"STAT1;JAK1","","R-HSA-9909623;R-HSA-9931290;R-HSA-9909657"
R-HSA-5628897,"TP53 Regulates Metabolic Genes",2,128,0.007876438373023199,0.659255727034483,0.659255727034483,3,34,0.002113245074274349,9606,Homo sapiens,"YWHAE;NDUFA4","","R-HSA-5632738;R-HSA-5632732;R-HSA-163214"
R-HSA-4551638,"SUMOylation of chromatin organization proteins",1,62,0.0038151498369331117,0.6648642415580241,0.6648642415580241,2,15,9.323140033563305E-4,9606,Homo sapiens,"NUP210","","R-HSA-4615987;R-HSA-4615872"
R-HSA-156588,"Glucuronidation",1,62,0.0038151498369331117,0.6648642415580241,0.6648642415580241,1,13,8.080054695754863E-4,9606,Homo sapiens,"UGT2B4","","R-HSA-174931"
R-HSA-195721,"Signaling by WNT",5,320,0.019691095932557995,0.6650625347705487,0.6650625347705487,22,157,0.009758219901796258,9606,Homo sapiens,"PPP2R1A;GNB2;ITPR1;GNB3;KRAS","","R-HSA-4332359;R-HSA-195300;R-HSA-3601585;R-HSA-2130279;R-HSA-195275;R-HSA-195304;R-HSA-2130282;R-HSA-2130286;R-HSA-5229343;R-HSA-195283;R-HSA-195251;R-HSA-169680;R-HSA-195280;R-HSA-195318;R-HSA-195287;R-HSA-201685;R-HSA-398193;R-HSA-4420052;R-HSA-3965444;R-HSA-3965447;R-HSA-3965441;R-HSA-398040"
R-HSA-8953897,"Cellular responses to stimuli",19,1166,0.0717494308042582,0.6688135508472759,0.6688135508472759,69,613,0.038100565603828705,9606,Homo sapiens,"YWHAE;HSP90AB1;NUP210;ATF6B;NDUFA4;STAT1;NCOA6;NUDT2;ESR1;TXN2;PPP2R1A;GNB2;GRB10;GNB3;TRIB3;MAP2K7","","R-HSA-9865238;R-HSA-9865748;R-HSA-5324632;R-HSA-9726621;R-HSA-400143;R-HSA-1791121;R-HSA-9725855;R-HSA-163214;R-HSA-4793925;R-HSA-8874122;R-HSA-9841817;R-HSA-5696197;R-HSA-1368065;R-HSA-9653894;R-HSA-5324617;R-HSA-3323050;R-HSA-1791107;R-HSA-5252041;R-HSA-9654792;R-HSA-9865226;R-HSA-8874138;R-HSA-8874137;R-HSA-1791163;R-HSA-9861300;R-HSA-9865524;R-HSA-9865520;R-HSA-8874145;R-HSA-9725885;R-HSA-9865511;R-HSA-3371527;R-HSA-9690534;R-HSA-8874162;R-HSA-1791150;R-HSA-5082356;R-HSA-9726509;R-HSA-9861293;R-HSA-9706837;R-HSA-3322995;R-HSA-9635927;R-HSA-9709406;R-HSA-381135;R-HSA-5618073;R-HSA-9705925;R-HSA-9705926;R-HSA-420818;R-HSA-9861324;R-HSA-9856845;R-HSA-9635912;R-HSA-3371503;R-HSA-9678925;R-HSA-8985943;R-HSA-3697894;R-HSA-9726580;R-HSA-168162;R-HSA-5082409;R-HSA-5618099;R-HSA-9841265;R-HSA-5618098;R-HSA-381026;R-HSA-5618110;R-HSA-5618105;R-HSA-5618107;R-HSA-5618085;R-HSA-3371586;R-HSA-1791082;R-HSA-5618080;R-HSA-8985983;R-HSA-5618093;R-HSA-9856620"
R-HSA-913531,"Interferon Signaling",8,507,0.031198080118146575,0.6706029999825825,0.6706029999825825,51,157,0.009758219901796258,9606,Homo sapiens,"NUP210;STAT1;PPP2R1A;PIM1;JAK1","","R-HSA-9730967;R-HSA-9732753;R-HSA-9734547;R-HSA-909725;R-HSA-909724;R-HSA-909726;R-HSA-909721;R-HSA-909720;R-HSA-9732738;R-HSA-909722;R-HSA-1015702;R-HSA-909719;R-HSA-909718;R-HSA-1015699;R-HSA-9696179;R-HSA-912680;R-HSA-9835443;R-HSA-909732;R-HSA-9954237;R-HSA-1031716;R-HSA-909729;R-HSA-1031713;R-HSA-909730;R-HSA-997311;R-HSA-873917;R-HSA-873919;R-HSA-997309;R-HSA-873918;R-HSA-997326;R-HSA-9678935;R-HSA-873924;R-HSA-873927;R-HSA-873926;R-HSA-873921;R-HSA-997314;R-HSA-873922;R-HSA-877269;R-HSA-1678841;R-HSA-9962876;R-HSA-9710963;R-HSA-1176059;R-HSA-877281;R-HSA-9732729;R-HSA-9833723;R-HSA-9836664;R-HSA-1169406;R-HSA-877308;R-HSA-9678561;R-HSA-913529;R-HSA-9710959;R-HSA-909552"
R-HSA-2029485,"Role of phospholipids in phagocytosis",2,131,0.00806104239739093,0.6716166033679607,0.6716166033679607,3,12,7.458512026850643E-4,9606,Homo sapiens,"PRKCE;ITPR1","","R-HSA-169683;R-HSA-169680;R-HSA-198314"
R-HSA-1592230,"Mitochondrial biogenesis",2,131,0.00806104239739093,0.6716166033679607,0.6716166033679607,6,36,0.002237553608055193,9606,Homo sapiens,"NCOA6;PPARGC1B","","R-HSA-2466369;R-HSA-1592238;R-HSA-2466370;R-HSA-1592245;R-HSA-1592247;R-HSA-1592231"
R-HSA-2980736,"Peptide hormone metabolism",2,131,0.00806104239739093,0.6716166033679607,0.6716166033679607,2,67,0.004164335881658276,9606,Homo sapiens,"GNB3;CES3","","R-HSA-9619024;R-HSA-383313"
R-HSA-611105,"Respiratory electron transport",3,197,0.012122330933481017,0.6746814080676096,0.6746814080676096,4,47,0.002921250543849835,9606,Homo sapiens,"FH;NDUFA4;SLC25A11","","R-HSA-9866272;R-HSA-376851;R-HSA-9865663;R-HSA-163214"
R-HSA-9662361,"Sensory processing of sound by outer hair cells of the cochlea",1,64,0.003938219186511599,0.676499427755352,0.676499427755352,1,8,4.972341351233762E-4,9606,Homo sapiens,"KCNQ4","","R-HSA-9659554"
R-HSA-109606,"Intrinsic Pathway for Apoptosis",1,64,0.003938219186511599,0.676499427755352,0.676499427755352,2,63,0.003915718814096587,9606,Homo sapiens,"YWHAE","","R-HSA-139906;R-HSA-139899"
R-HSA-2173793,"Transcriptional activity of SMAD2/SMAD3:SMAD4 heterotrimer",1,64,0.003938219186511599,0.676499427755352,0.676499427755352,1,51,0.0031698676114115232,9606,Homo sapiens,"STAT1","","R-HSA-9730967"
R-HSA-2980766,"Nuclear Envelope Breakdown",1,65,0.003999753861300843,0.6821651724376161,0.6821651724376161,2,13,8.080054695754863E-4,9606,Homo sapiens,"NUP210","","R-HSA-2990880;R-HSA-2990882"
R-HSA-9772572,"Early SARS-CoV-2 Infection Events",1,65,0.003999753861300843,0.6821651724376161,0.6821651724376161,5,74,0.00459941574989123,9606,Homo sapiens,"SDC1","","R-HSA-9694579;R-HSA-9694661;R-HSA-9699007;R-HSA-9697423;R-HSA-9698988"
R-HSA-68875,"Mitotic Prophase",2,134,0.008245646421758662,0.6836127663975524,0.6836127663975524,3,34,0.002113245074274349,9606,Homo sapiens,"NUP210;PPP2R1A","","R-HSA-2990880;R-HSA-2430552;R-HSA-2990882"
R-HSA-372790,"Signaling by GPCR",14,878,0.054027444464956005,0.6847481879368427,0.6847481879368427,76,394,0.024488781154826278,9606,Homo sapiens,"DGKD;ROCK2;PRKCE;ITSN1;ITPR1;KALRN;EGFR;GNAI2;PPP2R1A;GNB2;GNB3;KRAS;CCL16","","R-HSA-749448;R-HSA-425861;R-HSA-9036301;R-HSA-749454;R-HSA-749453;R-HSA-426240;R-HSA-749452;R-HSA-750988;R-HSA-167429;R-HSA-8982019;R-HSA-392206;R-HSA-167433;R-HSA-8982020;R-HSA-749446;R-HSA-8964614;R-HSA-112271;R-HSA-392212;R-HSA-751001;R-HSA-8964634;R-HSA-420883;R-HSA-8964241;R-HSA-2179387;R-HSA-8964242;R-HSA-750993;R-HSA-9036307;R-HSA-749456;R-HSA-9036308;R-HSA-751019;R-HSA-379044;R-HSA-8982703;R-HSA-8964271;R-HSA-139941;R-HSA-170666;R-HSA-9680443;R-HSA-381612;R-HSA-380073;R-HSA-170671;R-HSA-379048;R-HSA-751013;R-HSA-170674;R-HSA-751039;R-HSA-751027;R-HSA-751024;R-HSA-170686;R-HSA-744887;R-HSA-8982709;R-HSA-744886;R-HSA-201790;R-HSA-751029;R-HSA-392129;R-HSA-751040;R-HSA-139854;R-HSA-400586;R-HSA-169683;R-HSA-169680;R-HSA-373073;R-HSA-8964317;R-HSA-419166;R-HSA-9624014;R-HSA-398040;R-HSA-8964311;R-HSA-8964329;R-HSA-392295;R-HSA-8982637;R-HSA-392300;R-HSA-2179407;R-HSA-419049;R-HSA-167408;R-HSA-8964604;R-HSA-8982012;R-HSA-8964605;R-HSA-2179415;R-HSA-398193;R-HSA-8982640;R-HSA-167419;R-HSA-8964599"
R-HSA-9029569,"NR1H3 & NR1H2 regulate gene expression linked to cholesterol transport and efflux",1,66,0.004061288536090087,0.6877320289343873,0.6877320289343873,2,40,0.0024861706756168812,9606,Homo sapiens,"KDM3A","","R-HSA-9024361;R-HSA-9024386"
R-HSA-1638091,"Heparan sulfate/heparin (HS-GAG) metabolism",1,67,0.004122823210879331,0.693201717259452,0.693201717259452,19,30,0.001864628006712661,9606,Homo sapiens,"SDC1","","R-HSA-2076383;R-HSA-9941078;R-HSA-2076508;R-HSA-1667005;R-HSA-2024084;R-HSA-2076371;R-HSA-9792569;R-HSA-9792581;R-HSA-2024108;R-HSA-2022860;R-HSA-2022856;R-HSA-2076392;R-HSA-2022887;R-HSA-2024100;R-HSA-2076611;R-HSA-2076419;R-HSA-9953259;R-HSA-2022851;R-HSA-1678694"
R-HSA-191859,"snRNP Assembly",1,67,0.004122823210879331,0.693201717259452,0.693201717259452,2,6,3.7292560134253216E-4,9606,Homo sapiens,"NUP210","","R-HSA-191825;R-HSA-191830"
R-HSA-194441,"Metabolism of non-coding RNA",1,67,0.004122823210879331,0.693201717259452,0.693201717259452,2,6,3.7292560134253216E-4,9606,Homo sapiens,"NUP210","","R-HSA-191825;R-HSA-191830"
R-HSA-4085001,"Sialic acid metabolism",1,67,0.004122823210879331,0.693201717259452,0.693201717259452,1,21,0.0013052396046988625,9606,Homo sapiens,"ST8SIA5","","R-HSA-4084978"
R-HSA-1660662,"Glycosphingolipid metabolism",2,137,0.008430250446126393,0.695248893258237,0.695248893258237,2,49,0.0030455590776306794,9606,Homo sapiens,"ST8SIA5;GBA2","","R-HSA-1861788;R-HSA-9845587"
R-HSA-9845323,"Regulation of endogenous retroelements by Piwi-interacting RNAs (piRNAs)",1,68,0.004184357885668575,0.6985759276130512,0.6985759276130512,2,2,1.2430853378084405E-4,9606,Homo sapiens,"SMARCA2","","R-HSA-9845308;R-HSA-9727450"
R-HSA-5362517,"Signaling by Retinoic Acid",1,68,0.004184357885668575,0.6985759276130512,0.6985759276130512,3,21,0.0013052396046988625,9606,Homo sapiens,"RARA","","R-HSA-9009817;R-HSA-5634103;R-HSA-5334854"
R-HSA-8943724,"Regulation of PTEN gene transcription",1,68,0.004184357885668575,0.6985759276130512,0.6985759276130512,2,15,9.323140033563305E-4,9606,Homo sapiens,"PPARG","","R-HSA-8944104;R-HSA-8944099"
R-HSA-5693565,"Recruitment and ATM-mediated phosphorylation of repair and signaling proteins at DNA double strand breaks",1,68,0.004184357885668575,0.6985759276130512,0.6985759276130512,5,41,0.002548324942507303,9606,Homo sapiens,"CHEK2","","R-HSA-5683735;R-HSA-69891;R-HSA-5683792;R-HSA-5683774;R-HSA-5683801"
R-HSA-1660661,"Sphingolipid de novo biosynthesis",1,68,0.004184357885668575,0.6985759276130512,0.6985759276130512,1,18,0.0011187768040275966,9606,Homo sapiens,"SAMD8","","R-HSA-8959462"
R-HSA-2894858,"Signaling by NOTCH1 HD+PEST Domain Mutants in Cancer",1,68,0.004184357885668575,0.6985759276130512,0.6985759276130512,1,21,0.0013052396046988625,9606,Homo sapiens,"NCSTN","","R-HSA-2220988"
R-HSA-2644606,"Constitutive Signaling by NOTCH1 PEST Domain Mutants",1,68,0.004184357885668575,0.6985759276130512,0.6985759276130512,1,21,0.0013052396046988625,9606,Homo sapiens,"NCSTN","","R-HSA-2220988"
R-HSA-2644602,"Signaling by NOTCH1 PEST Domain Mutants in Cancer",1,68,0.004184357885668575,0.6985759276130512,0.6985759276130512,1,21,0.0013052396046988625,9606,Homo sapiens,"NCSTN","","R-HSA-2220988"
R-HSA-2894862,"Constitutive Signaling by NOTCH1 HD+PEST Domain Mutants",1,68,0.004184357885668575,0.6985759276130512,0.6985759276130512,1,21,0.0013052396046988625,9606,Homo sapiens,"NCSTN","","R-HSA-2220988"
R-HSA-2644603,"Signaling by NOTCH1 in Cancer",1,68,0.004184357885668575,0.6985759276130512,0.6985759276130512,1,39,0.002424016408726459,9606,Homo sapiens,"NCSTN","","R-HSA-2220988"
R-HSA-162909,"Host Interactions of HIV factors",2,138,0.008491785120915635,0.6990484734466708,0.6990484734466708,6,54,0.0033563304120827896,9606,Homo sapiens,"NUP210;PIM1","","R-HSA-165043;R-HSA-180710;R-HSA-165047;R-HSA-180622;R-HSA-180687;R-HSA-180732"
R-HSA-69275,"G2/M Transition",3,205,0.012614608331794966,0.7004280519135064,0.7004280519135064,16,88,0.0054695754863571385,9606,Homo sapiens,"YWHAE;HSP90AB1;PPP2R1A","","R-HSA-380455;R-HSA-380294;R-HSA-380303;R-HSA-8853419;R-HSA-8852362;R-HSA-8856951;R-HSA-3000319;R-HSA-380311;R-HSA-4088141;R-HSA-380272;R-HSA-8856945;R-HSA-2574845;R-HSA-8853405;R-HSA-3000310;R-HSA-380283;R-HSA-2574840"
R-HSA-977606,"Regulation of Complement cascade",2,139,0.008553319795704879,0.7028088216136313,0.7028088216136313,7,44,0.0027347877431785693,9606,Homo sapiens,"C1S;CD46","","R-HSA-1006143;R-HSA-977615;R-HSA-9021306;R-HSA-8852481;R-HSA-8951486;R-HSA-977602;R-HSA-8852266"
R-HSA-5668914,"Diseases of metabolism",7,461,0.028367485077841363,0.7038547271142996,0.7038547271142996,15,209,0.012990241780098204,9606,Homo sapiens,"ECHS1;LARGE;GAA;SDC1;MAT1A;CYP19A1;ACACA","","R-HSA-3323184;R-HSA-6785668;R-HSA-9036289;R-HSA-3656254;R-HSA-5601849;R-HSA-4420365;R-HSA-9036729;R-HSA-3656261;R-HSA-3560804;R-HSA-9036285;R-HSA-3560802;R-HSA-3656257;R-HSA-9916717;R-HSA-5603087;R-HSA-3656267"
R-HSA-168325,"Viral Messenger RNA Synthesis",1,69,0.0042458925604578176,0.7038563208967772,0.7038563208967772,2,6,3.7292560134253216E-4,9606,Homo sapiens,"NUP210","","R-HSA-192627;R-HSA-192925"
R-HSA-112043,"PLC beta mediated events",1,69,0.0042458925604578176,0.7038563208967772,0.7038563208967772,2,32,0.0019889365404935047,9606,Homo sapiens,"ITPR1","","R-HSA-169683;R-HSA-169680"
R-HSA-211976,"Endogenous sterols",1,69,0.0042458925604578176,0.7038563208967772,0.7038563208967772,1,17,0.0010566225371371745,9606,Homo sapiens,"CYP19A1","","R-HSA-193060"
R-HSA-453274,"Mitotic G2-G2/M phases",3,207,0.012737677681373454,0.7066181862069203,0.7066181862069203,16,90,0.005593884020137983,9606,Homo sapiens,"YWHAE;HSP90AB1;PPP2R1A","","R-HSA-380455;R-HSA-380294;R-HSA-380303;R-HSA-8853419;R-HSA-8852362;R-HSA-8856951;R-HSA-3000319;R-HSA-380311;R-HSA-4088141;R-HSA-380272;R-HSA-8856945;R-HSA-2574845;R-HSA-8853405;R-HSA-3000310;R-HSA-380283;R-HSA-2574840"
R-HSA-983712,"Ion channel transport",3,207,0.012737677681373454,0.7066181862069203,0.7066181862069203,3,51,0.0031698676114115232,9606,Homo sapiens,"TTYH3;NEK4;ANO6","","R-HSA-2682349;R-HSA-2744242;R-HSA-2684901"
R-HSA-9918481,"Dengue Virus-Host Interactions",4,273,0.016798966217463542,0.7087672013704305,0.7087672013704305,4,59,0.0036671017465348997,9606,Homo sapiens,"HSP90AB1;C1S;UBR4;SDC1","","R-HSA-9920628;R-HSA-9920147;R-HSA-9920829;R-HSA-9920957"
R-HSA-6784531,"tRNA processing in the nucleus",1,70,0.004307427235247061,0.7090445292197527,0.7090445292197527,1,7,4.350798682329542E-4,9606,Homo sapiens,"NUP210","","R-HSA-6783483"
R-HSA-8852276,"The role of GTSE1 in G2/M progression after G2 checkpoint",1,70,0.004307427235247061,0.7090445292197527,0.7090445292197527,1,10,6.215426689042203E-4,9606,Homo sapiens,"HSP90AB1","","R-HSA-8852362"
R-HSA-9616222,"Transcriptional regulation of granulopoiesis",1,70,0.004307427235247061,0.7090445292197527,0.7090445292197527,2,27,0.0016781652060413948,9606,Homo sapiens,"RARA","","R-HSA-9634433;R-HSA-9617067"
R-HSA-9707616,"Heme signaling",1,70,0.004307427235247061,0.7090445292197527,0.7090445292197527,1,25,0.0015538566722605508,9606,Homo sapiens,"NCOA6","","R-HSA-1368065"
R-HSA-6790901,"rRNA modification in the nucleus and cytosol",1,71,0.004368961910036305,0.7141421563959975,0.7141421563959975,1,8,4.972341351233762E-4,9606,Homo sapiens,"UTP18","","R-HSA-6790906"
R-HSA-69615,"G1/S DNA Damage Checkpoints",1,71,0.004368961910036305,0.7141421563959975,0.7141421563959975,3,33,0.002051090807383927,9606,Homo sapiens,"CHEK2","","R-HSA-69685;R-HSA-349426;R-HSA-69608"
R-HSA-168898,"Toll-like Receptor Cascades",3,210,0.012922281705741185,0.7157198174066778,0.7157198174066778,35,217,0.01348747591522158,9606,Homo sapiens,"IRAK1;PPP2R1A;MAP2K7","","R-HSA-975118;R-HSA-975119;R-HSA-975180;R-HSA-937034;R-HSA-975115;R-HSA-937032;R-HSA-975878;R-HSA-975879;R-HSA-975111;R-HSA-166091;R-HSA-975106;R-HSA-166286;R-HSA-975874;R-HSA-166284;R-HSA-975134;R-HSA-937050;R-HSA-199959;R-HSA-9758604;R-HSA-166362;R-HSA-166363;R-HSA-937044;R-HSA-975188;R-HSA-975125;R-HSA-975122;R-HSA-168162;R-HSA-975852;R-HSA-975853;R-HSA-166119;R-HSA-450337;R-HSA-975142;R-HSA-450346;R-HSA-975139;R-HSA-975100;R-HSA-168184;R-HSA-975857"
R-HSA-9840309,"Glycosphingolipid biosynthesis",1,72,0.004430496584825549,0.7191507784332389,0.7191507784332389,1,15,9.323140033563305E-4,9606,Homo sapiens,"ST8SIA5","","R-HSA-9845587"
R-HSA-8963743,"Digestion and absorption",1,72,0.004430496584825549,0.7191507784332389,0.7191507784332389,1,30,0.001864628006712661,9606,Homo sapiens,"SLC5A1","","R-HSA-8932955"
R-HSA-351202,"Metabolism of polyamines",1,73,0.004492031259614793,0.7240719440133938,0.7240719440133938,2,18,0.0011187768040275966,9606,Homo sapiens,"PAOX","","R-HSA-141351;R-HSA-141348"
R-HSA-975634,"Retinoid metabolism and transport",1,73,0.004492031259614793,0.7240719440133938,0.7240719440133938,3,28,0.0017403194729318167,9606,Homo sapiens,"SDC1","","R-HSA-2404131;R-HSA-2423785;R-HSA-2429643"
R-HSA-446219,"Synthesis of substrates in N-glycan biosythesis",2,145,0.008922527844440342,0.7245589485840129,0.7245589485840129,2,52,0.0032320218783019453,9606,Homo sapiens,"PMM1;ST8SIA5","","R-HSA-4084978;R-HSA-446201"
R-HSA-193368,"Synthesis of bile acids and bile salts via 7alpha-hydroxycholesterol",1,74,0.004553565934404037,0.728907174964645,0.728907174964645,4,39,0.002424016408726459,9606,Homo sapiens,"HSD17B4","","R-HSA-193508;R-HSA-192331;R-HSA-193455;R-HSA-193535"
R-HSA-6782315,"tRNA modification in the nucleus and cytosol",1,74,0.004553565934404037,0.728907174964645,0.728907174964645,1,38,0.002361862141836037,9606,Homo sapiens,"TRMT11","","R-HSA-6786501"
R-HSA-5663220,"RHO GTPases Activate Formins",2,149,0.009168666543597317,0.7383022484214758,0.7383022484214758,7,27,0.0016781652060413948,9606,Homo sapiens,"PPP2R1A;SRF","","R-HSA-5666160;R-HSA-5666129;R-HSA-5666049;R-HSA-5665998;R-HSA-5666046;R-HSA-5666008;R-HSA-5666169"
R-HSA-3371497,"HSP90 chaperone cycle for steroid hormone receptors (SHR) in the presence of ligand",1,76,0.004676635283982524,0.7383257888009036,0.7383257888009036,20,22,0.0013673938715892846,9606,Homo sapiens,"HSP90AB1","","R-HSA-9726580;R-HSA-9706837;R-HSA-5618099;R-HSA-5618098;R-HSA-9725885;R-HSA-9726621;R-HSA-5618110;R-HSA-9725855;R-HSA-5618105;R-HSA-5618073;R-HSA-5618107;R-HSA-5618085;R-HSA-9705925;R-HSA-9705926;R-HSA-9690534;R-HSA-5618080;R-HSA-5618093;R-HSA-9726509;R-HSA-3371503;R-HSA-9678925"
R-HSA-9662360,"Sensory processing of sound by inner hair cells of the cochlea",1,76,0.004676635283982524,0.7383257888009036,0.7383257888009036,1,7,4.350798682329542E-4,9606,Homo sapiens,"KCNQ4","","R-HSA-9659554"
R-HSA-6811442,"Intra-Golgi and retrograde Golgi-to-ER traffic",3,219,0.01347609377884438,0.7417178365733281,0.7417178365733281,8,48,0.0029834048107402573,9606,Homo sapiens,"TGOLN2;NBAS;IGF2R","","R-HSA-6811431;R-HSA-6814675;R-HSA-6811427;R-HSA-6814674;R-HSA-6814671;R-HSA-6811423;R-HSA-6814670;R-HSA-6814682"
R-HSA-389948,"Co-inhibition by PD-1",3,219,0.01347609377884438,0.7417178365733281,0.7417178365733281,3,61,0.0037914102803157435,9606,Homo sapiens,"STAT1;JAK1","","R-HSA-9909623;R-HSA-9931290;R-HSA-9909657"
R-HSA-167172,"Transcription of the HIV genome",1,77,0.004738169958771768,0.7429120852101656,0.7429120852101656,12,47,0.002921250543849835,9606,Homo sapiens,"TAF2","","R-HSA-9613490;R-HSA-167474;R-HSA-167136;R-HSA-167121;R-HSA-167477;R-HSA-9613498;R-HSA-167130;R-HSA-167113;R-HSA-167097;R-HSA-167118;R-HSA-167134;R-HSA-167484"
R-HSA-948021,"Transport to the Golgi and subsequent modification",3,220,0.013537628453633623,0.744487009694665,0.744487009694665,13,60,0.003729256013425322,9606,Homo sapiens,"SERPINA1;MGAT5;FUT3","","R-HSA-975916;R-HSA-5694418;R-HSA-203973;R-HSA-5694417;R-HSA-5694527;R-HSA-5694428;R-HSA-204008;R-HSA-5694522;R-HSA-5694439;R-HSA-5693925;R-HSA-5694446;R-HSA-5694409;R-HSA-5694441"
R-HSA-428157,"Sphingolipid metabolism",3,220,0.013537628453633623,0.744487009694665,0.744487009694665,3,77,0.004785878550562496,9606,Homo sapiens,"SAMD8;ST8SIA5;GBA2","","R-HSA-1861788;R-HSA-9845587;R-HSA-8959462"
R-HSA-9711123,"Cellular response to chemical stress",4,288,0.017721986339302196,0.746979801975912,0.746979801975912,7,173,0.010752688172043012,9606,Homo sapiens,"NDUFA4;NCOA6;NUDT2;TXN2","","R-HSA-3322995;R-HSA-5696197;R-HSA-3323050;R-HSA-400143;R-HSA-9709406;R-HSA-163214;R-HSA-3697894"
R-HSA-204005,"COPII-mediated vesicle transport",1,78,0.004799704633561012,0.7474182749277003,0.7474182749277003,10,16,9.944682702467524E-4,9606,Homo sapiens,"SERPINA1","","R-HSA-5694439;R-HSA-5694418;R-HSA-203973;R-HSA-5694417;R-HSA-5694446;R-HSA-5694527;R-HSA-204008;R-HSA-5694522;R-HSA-5694409;R-HSA-5694441"
R-HSA-195253,"Degradation of beta-catenin by the destruction complex",1,78,0.004799704633561012,0.7474182749277003,0.7474182749277003,12,23,0.0014295481384797065,9606,Homo sapiens,"PPP2R1A","","R-HSA-5229343;R-HSA-195283;R-HSA-195251;R-HSA-195280;R-HSA-195318;R-HSA-195287;R-HSA-195300;R-HSA-2130279;R-HSA-195275;R-HSA-195304;R-HSA-2130282;R-HSA-2130286"
R-HSA-75105,"Fatty acyl-CoA biosynthesis",1,78,0.004799704633561012,0.7474182749277003,0.7474182749277003,1,25,0.0015538566722605508,9606,Homo sapiens,"ACACA","","R-HSA-200555"
R-HSA-9840310,"Glycosphingolipid catabolism",1,78,0.004799704633561012,0.7474182749277003,0.7474182749277003,1,34,0.002113245074274349,9606,Homo sapiens,"GBA2","","R-HSA-1861788"
R-HSA-9018519,"Estrogen-dependent gene expression",2,153,0.009414805242754292,0.7514579169147328,0.7514579169147328,56,66,0.004102181614767854,9606,Homo sapiens,"HSP90AB1;ESR1","","R-HSA-9018505;R-HSA-9008267;R-HSA-9011981;R-HSA-9023884;R-HSA-8931981;R-HSA-9008271;R-HSA-9011983;R-HSA-9008270;R-HSA-9018497;R-HSA-9009536;R-HSA-9011971;R-HSA-9018499;R-HSA-9008258;R-HSA-9009541;R-HSA-9011975;R-HSA-9018503;R-HSA-9011997;R-HSA-9008285;R-HSA-9011985;R-HSA-9011984;R-HSA-9012000;R-HSA-9008315;R-HSA-8932020;R-HSA-8932021;R-HSA-8932033;R-HSA-8932037;R-HSA-9009371;R-HSA-9012315;R-HSA-9012319;R-HSA-9018334;R-HSA-8954207;R-HSA-9038161;R-HSA-9038163;R-HSA-9018325;R-HSA-8954199;R-HSA-1254386;R-HSA-9011949;R-HSA-8932076;R-HSA-9011950;R-HSA-8954208;R-HSA-9023840;R-HSA-9009378;R-HSA-1254392;R-HSA-9011941;R-HSA-9023845;R-HSA-9038052;R-HSA-8932070;R-HSA-9023846;R-HSA-9009533;R-HSA-9011966;R-HSA-9011952;R-HSA-9023859;R-HSA-8932084;R-HSA-9023861;R-HSA-9023860;R-HSA-9009526"
R-HSA-3906995,"Diseases associated with O-glycosylation of proteins",1,79,0.004861239308350256,0.7518457523157192,0.7518457523157192,1,9,5.593884020137983E-4,9606,Homo sapiens,"LARGE","","R-HSA-6785668"
R-HSA-5625740,"RHO GTPases activate PKNs",1,79,0.004861239308350256,0.7518457523157192,0.7518457523157192,1,20,0.0012430853378084406,9606,Homo sapiens,"YWHAE","","R-HSA-75016"
R-HSA-9856649,"Transcriptional and post-translational regulation of MITF-M expression and activity",1,79,0.004861239308350256,0.7518457523157192,0.7518457523157192,1,37,0.002299707874945615,9606,Homo sapiens,"YWHAE","","R-HSA-9926479"
R-HSA-174143,"APC/C-mediated degradation of cell cycle proteins",1,79,0.004861239308350256,0.7518457523157192,0.7518457523157192,1,40,0.0024861706756168812,9606,Homo sapiens,"CDC14A","","R-HSA-174124"
R-HSA-453276,"Regulation of mitotic cell cycle",1,79,0.004861239308350256,0.7518457523157192,0.7518457523157192,1,40,0.0024861706756168812,9606,Homo sapiens,"CDC14A","","R-HSA-174124"
R-HSA-8978934,"Metabolism of cofactors",1,80,0.004922773983139499,0.7561958875497274,0.7561958875497274,3,34,0.002113245074274349,9606,Homo sapiens,"SPR","","R-HSA-1475414;R-HSA-1497869;R-HSA-1497853"
R-HSA-159236,"Transport of Mature mRNA derived from an Intron-Containing Transcript",1,81,0.0049843086579287425,0.7604700270365873,0.7604700270365873,3,4,2.486170675616881E-4,9606,Homo sapiens,"NUP210","","R-HSA-75097;R-HSA-75096;R-HSA-75098"
R-HSA-3108214,"SUMOylation of DNA damage response and repair proteins",1,81,0.0049843086579287425,0.7604700270365873,0.7604700270365873,4,24,0.0014917024053701287,9606,Homo sapiens,"NUP210","","R-HSA-3000348;R-HSA-3000399;R-HSA-5228508;R-HSA-3000411"
R-HSA-1445148,"Translocation of SLC2A4 (GLUT4) to the plasma membrane",1,81,0.0049843086579287425,0.7604700270365873,0.7604700270365873,2,15,9.323140033563305E-4,9606,Homo sapiens,"YWHAE","","R-HSA-1454689;R-HSA-1445149"
R-HSA-5663084,"Diseases of carbohydrate metabolism",1,81,0.0049843086579287425,0.7604700270365873,0.7604700270365873,1,44,0.0027347877431785693,9606,Homo sapiens,"GAA","","R-HSA-9036729"
R-HSA-381119,"Unfolded Protein Response (UPR)",2,156,0.009599409267122024,0.7609486779803845,0.7609486779803845,13,99,0.006153272422151781,9606,Homo sapiens,"ATF6B","","R-HSA-1791163;R-HSA-8874145;R-HSA-381026;R-HSA-1791121;R-HSA-381135;R-HSA-8874122;R-HSA-1791082;R-HSA-420818;R-HSA-8874162;R-HSA-1791150;R-HSA-1791107;R-HSA-8874138;R-HSA-8874137"
R-HSA-1428517,"Aerobic respiration and respiratory electron transport",5,361,0.022214017598916988,0.7625683562438261,0.7625683562438261,8,117,0.007272049226179377,9606,Homo sapiens,"FH;NDUFA4;SUCLG2;SLC25A11","","R-HSA-9854405;R-HSA-9866272;R-HSA-376851;R-HSA-70982;R-HSA-9865663;R-HSA-163214;R-HSA-9854984;R-HSA-71775"
R-HSA-9013694,"Signaling by NOTCH4",1,82,0.005045843332717986,0.7646694938253811,0.7646694938253811,1,20,0.0012430853378084406,9606,Homo sapiens,"NCSTN","","R-HSA-9604294"
R-HSA-418594,"G alpha (i) signalling events",6,428,0.02633684080979632,0.7657341990051634,0.7657341990051634,28,74,0.00459941574989123,9606,Homo sapiens,"PPP2R1A;GNB2;ITPR1;GNB3;CCL16;GNAI2","","R-HSA-392129;R-HSA-749454;R-HSA-167429;R-HSA-8982019;R-HSA-392206;R-HSA-167433;R-HSA-8982020;R-HSA-112271;R-HSA-392212;R-HSA-169683;R-HSA-751001;R-HSA-169680;R-HSA-420883;R-HSA-8964242;R-HSA-749456;R-HSA-8964311;R-HSA-8964329;R-HSA-8982637;R-HSA-170666;R-HSA-380073;R-HSA-170671;R-HSA-170674;R-HSA-167408;R-HSA-8982012;R-HSA-8982640;R-HSA-167419;R-HSA-170686;R-HSA-201790"
R-HSA-2029482,"Regulation of actin dynamics for phagocytic cup formation",2,158,0.009722478616700512,0.7671006740246715,0.7671006740246715,3,24,0.0014917024053701287,9606,Homo sapiens,"HSP90AB1;MYO9B","","R-HSA-419644;R-HSA-2029476;R-HSA-419645"
R-HSA-9640148,"Infection with Enterobacteria",3,229,0.014091440526736816,0.768357957869687,0.768357957869687,1,82,0.005096649885014606,9606,Homo sapiens,"LAMA5;LAMB2","","R-HSA-9638589"
R-HSA-674695,"RNA Polymerase II Pre-transcription Events",1,83,0.00510737800750723,0.7687955880112743,0.7687955880112743,3,17,0.0010566225371371745,9606,Homo sapiens,"TAF2","","R-HSA-75856;R-HSA-75862;R-HSA-73946"
R-HSA-917937,"Iron uptake and transport",1,83,0.00510737800750723,0.7687955880112743,0.7687955880112743,3,33,0.002051090807383927,9606,Homo sapiens,"LCN2","","R-HSA-5229273;R-HSA-5246444;R-HSA-5671707"
R-HSA-6806667,"Metabolism of fat-soluble vitamins",1,83,0.00510737800750723,0.7687955880112743,0.7687955880112743,3,33,0.002051090807383927,9606,Homo sapiens,"SDC1","","R-HSA-2404131;R-HSA-2423785;R-HSA-2429643"
R-HSA-1980143,"Signaling by NOTCH1",1,84,0.005168912682296474,0.772849587132306,0.772849587132306,3,39,0.002424016408726459,9606,Homo sapiens,"NCSTN","","R-HSA-1980109;R-HSA-157353;R-HSA-1980112"
R-HSA-9020591,"Interleukin-12 signaling",1,84,0.005168912682296474,0.772849587132306,0.772849587132306,4,56,0.0034806389458636334,9606,Homo sapiens,"JAK1","","R-HSA-8950448;R-HSA-8950354;R-HSA-8950757;R-HSA-8952807"
R-HSA-9024446,"NR1H2 and NR1H3-mediated signaling",1,85,0.005230447357085718,0.7768327465594558,0.7768327465594558,2,60,0.003729256013425322,9606,Homo sapiens,"KDM3A","","R-HSA-9024361;R-HSA-9024386"
R-HSA-166658,"Complement cascade",2,163,0.010030151990646729,0.78188291592478,0.78188291592478,11,75,0.004661570016781652,9606,Homo sapiens,"C1S;CD46","","R-HSA-1006143;R-HSA-977615;R-HSA-166753;R-HSA-9021306;R-HSA-8852481;R-HSA-8951486;R-HSA-173626;R-HSA-166792;R-HSA-977602;R-HSA-173631;R-HSA-8852266"
R-HSA-9958825,"Activation of STAT3 by cadherin engagement",1,87,0.0053535167066642055,0.7845914592737573,0.7845914592737573,9,33,0.002051090807383927,9606,Homo sapiens,"JAK1","","R-HSA-9958871;R-HSA-1112514;R-HSA-1067651;R-HSA-1067688;R-HSA-9958878;R-HSA-9958877;R-HSA-1067659;R-HSA-1067646;R-HSA-1112510"
R-HSA-9659379,"Sensory processing of sound",1,87,0.0053535167066642055,0.7845914592737573,0.7845914592737573,1,13,8.080054695754863E-4,9606,Homo sapiens,"KCNQ4","","R-HSA-9659554"
R-HSA-69242,"S Phase",2,166,0.01021475601501446,0.7903530800166434,0.7903530800166434,2,55,0.0034184846789732117,9606,Homo sapiens,"MCM8;ORC3L","","R-HSA-68944;R-HSA-169461"
R-HSA-72202,"Transport of Mature Transcript to Cytoplasm",1,90,0.005538120731031937,0.7957283823196655,0.7957283823196655,12,13,8.080054695754863E-4,9606,Homo sapiens,"NUP210","","R-HSA-77587;R-HSA-158481;R-HSA-159046;R-HSA-158484;R-HSA-159050;R-HSA-75097;R-HSA-75096;R-HSA-158441;R-HSA-75098;R-HSA-77594;R-HSA-158447;R-HSA-111439"
R-HSA-196854,"Metabolism of vitamins and cofactors",5,379,0.023321641745123377,0.7980089900631675,0.7980089900631675,10,213,0.013238858847659891,9606,Homo sapiens,"SLC23A2;SPR;FLAD1;SDC1;ACACA","","R-HSA-1475414;R-HSA-196929;R-HSA-198870;R-HSA-2404131;R-HSA-3065958;R-HSA-2993814;R-HSA-1497869;R-HSA-1497853;R-HSA-2423785;R-HSA-2429643"
R-HSA-5668541,"TNFR2 non-canonical NF-kB pathway",1,91,0.00559965540582118,0.7993116724897469,0.7993116724897469,8,44,0.0027347877431785693,9606,Homo sapiens,"TNFSF14","","R-HSA-5668454;R-HSA-5668534;R-HSA-5668789;R-HSA-5676593;R-HSA-5668481;R-HSA-5668414;R-HSA-5676591;R-HSA-5675948"
R-HSA-2142753,"Arachidonate metabolism",2,170,0.010460894714171436,0.8011960692400956,0.8011960692400956,2,88,0.0054695754863571385,9606,Homo sapiens,"PON3;ALOXE3","","R-HSA-8932633;R-HSA-8942208"
R-HSA-390918,"Peroxisomal lipid metabolism",1,92,0.005661190080610424,0.8028323212631449,0.8028323212631449,4,36,0.002237553608055193,9606,Homo sapiens,"HSD17B4","","R-HSA-389986;R-HSA-390252;R-HSA-390251;R-HSA-389995"
R-HSA-69306,"DNA Replication",2,171,0.01052242938896068,0.8038281733625401,0.8038281733625401,19,73,0.004537261483000808,9606,Homo sapiens,"MCM8;ORC3L","","R-HSA-68960;R-HSA-68611;R-HSA-68610;R-HSA-68615;R-HSA-9749215;R-HSA-68940;R-HSA-68688;R-HSA-68944;R-HSA-9749350;R-HSA-68595;R-HSA-68914;R-HSA-9749351;R-HSA-68917;R-HSA-68916;R-HSA-68919;R-HSA-68918;R-HSA-169461;R-HSA-68603;R-HSA-9749320"
R-HSA-9684482,"IFIT antiviral response",1,93,0.0057227247553996675,0.8062914199320582,0.8062914199320582,1,17,0.0010566225371371745,9606,Homo sapiens,"STAT1","","R-HSA-9962876"
R-HSA-2173782,"Binding and Uptake of Ligands by Scavenger Receptors",2,172,0.010583964063749923,0.8064293656255401,0.8064293656255401,4,35,0.002175399341164771,9606,Homo sapiens,"MARCO;STAB1","","R-HSA-2247510;R-HSA-2173781;R-HSA-2247513;R-HSA-2197770"
R-HSA-446193,"Biosynthesis of the N-glycan precursor (dolichol lipid-linked oligosaccharide, LLO) and transfer to a nascent protein",2,173,0.010645498738539167,0.8089999188375405,0.8089999188375405,2,66,0.004102181614767854,9606,Homo sapiens,"PMM1;ST8SIA5","","R-HSA-4084978;R-HSA-446201"
R-HSA-141444,"Amplification  of signal from unattached  kinetochores via a MAD2  inhibitory signal",1,94,0.005784259430188911,0.809690040842752,0.809690040842752,4,4,2.486170675616881E-4,9606,Homo sapiens,"PPP2R1A","","R-HSA-141409;R-HSA-141431;R-HSA-141422;R-HSA-141439"
R-HSA-141424,"Amplification of signal from the kinetochores",1,94,0.005784259430188911,0.809690040842752,0.809690040842752,4,4,2.486170675616881E-4,9606,Homo sapiens,"PPP2R1A","","R-HSA-141409;R-HSA-141431;R-HSA-141422;R-HSA-141439"
R-HSA-8876198,"RAB GEFs exchange GTP for GDP on RABs",1,94,0.005784259430188911,0.809690040842752,0.809690040842752,2,21,0.0013052396046988625,9606,Homo sapiens,"YWHAE","","R-HSA-8933452;R-HSA-8877612"
R-HSA-9909615,"Regulation of PD-L1(CD274) Post-translational modification",1,94,0.005784259430188911,0.809690040842752,0.809690040842752,1,25,0.0015538566722605508,9606,Homo sapiens,"JAK1","","R-HSA-9931290"
R-HSA-162906,"HIV Infection",3,248,0.015260599347732447,0.8127992873092116,0.8127992873092116,18,160,0.009944682702467525,9606,Homo sapiens,"NUP210;PIM1;TAF2","","R-HSA-9613490;R-HSA-167136;R-HSA-180710;R-HSA-9613498;R-HSA-167113;R-HSA-180622;R-HSA-167118;R-HSA-180687;R-HSA-167474;R-HSA-165043;R-HSA-167121;R-HSA-165047;R-HSA-167477;R-HSA-167130;R-HSA-167097;R-HSA-167134;R-HSA-180732;R-HSA-167484"
R-HSA-6807505,"RNA polymerase II transcribes snRNA genes",1,95,0.005845794104978155,0.813029237723385,0.813029237723385,5,11,6.836969357946423E-4,9606,Homo sapiens,"ELL2","","R-HSA-6814549;R-HSA-6814885;R-HSA-6814559;R-HSA-6814555;R-HSA-6814554"
R-HSA-69278,"Cell Cycle, Mitotic",8,587,0.03612085410128608,0.8130569004033233,0.8130569004033233,46,367,0.022810615948784883,9606,Homo sapiens,"YWHAE;HSP90AB1;NUP210;MCM8;PPP2R1A;ORC3L;PIM1;CDC14A","","R-HSA-375302;R-HSA-380294;R-HSA-2467809;R-HSA-2467811;R-HSA-1638803;R-HSA-380303;R-HSA-8852362;R-HSA-68940;R-HSA-2990880;R-HSA-2990882;R-HSA-68944;R-HSA-2995388;R-HSA-3000319;R-HSA-380311;R-HSA-1363276;R-HSA-380316;R-HSA-380508;R-HSA-2468287;R-HSA-2574845;R-HSA-8853405;R-HSA-3000310;R-HSA-113503;R-HSA-1363274;R-HSA-9624845;R-HSA-2574840;R-HSA-68960;R-HSA-9648114;R-HSA-380455;R-HSA-113638;R-HSA-8853419;R-HSA-174124;R-HSA-9667965;R-HSA-8856951;R-HSA-68914;R-HSA-2484822;R-HSA-4088141;R-HSA-68917;R-HSA-68916;R-HSA-380272;R-HSA-68919;R-HSA-8856945;R-HSA-68918;R-HSA-169461;R-HSA-1638821;R-HSA-2430552;R-HSA-380283"
R-HSA-9824446,"Viral Infection Pathways",21,1407,0.08657928742846593,0.8135376776554115,0.8135376776554115,67,899,0.055876685934489405,9606,Homo sapiens,"YWHAE;CDK19;HSP90AB1;NUP210;C1S;STAT1;IL1R1;ROCK2;UBR4;ANO6;RRBP1;ZDHHC11;EGFR;IRAK1;MGAT5;PIM1;SDC1;TAF2;JAK1","","R-HSA-9611158;R-HSA-9920147;R-HSA-9709852;R-HSA-180622;R-HSA-9614367;R-HSA-909726;R-HSA-168337;R-HSA-9694341;R-HSA-9611147;R-HSA-909719;R-HSA-9697423;R-HSA-192925;R-HSA-9696179;R-HSA-9613490;R-HSA-9836468;R-HSA-9680443;R-HSA-9613498;R-HSA-9920829;R-HSA-9920957;R-HSA-9699007;R-HSA-9948218;R-HSA-9836857;R-HSA-9837625;R-HSA-167474;R-HSA-165043;R-HSA-168880;R-HSA-9918501;R-HSA-9614369;R-HSA-9636128;R-HSA-9835171;R-HSA-165047;R-HSA-167477;R-HSA-9729454;R-HSA-9727919;R-HSA-167097;R-HSA-167484;R-HSA-9698988;R-HSA-9678935;R-HSA-9696980;R-HSA-9729500;R-HSA-9947230;R-HSA-9609689;R-HSA-167113;R-HSA-167118;R-HSA-9708889;R-HSA-180687;R-HSA-167121;R-HSA-9694661;R-HSA-167130;R-HSA-9768142;R-HSA-167134;R-HSA-9770187;R-HSA-9678925;R-HSA-9629004;R-HSA-9694579;R-HSA-9610867;R-HSA-167136;R-HSA-9920628;R-HSA-180710;R-HSA-9834736;R-HSA-1176059;R-HSA-9681763;R-HSA-192627;R-HSA-9678561;R-HSA-9836899;R-HSA-168184;R-HSA-180732"
R-HSA-9711097,"Cellular response to starvation",2,176,0.010830102762906899,0.8165304706170435,0.8165304706170435,2,28,0.0017403194729318167,9606,Homo sapiens,"TRIB3","","R-HSA-9635927;R-HSA-9635912"
R-HSA-196849,"Metabolism of water-soluble vitamins and cofactors",3,250,0.015383668697310934,0.8170312684951948,0.8170312684951948,4,146,0.009074522966001615,9606,Homo sapiens,"SLC23A2;FLAD1;ACACA","","R-HSA-196929;R-HSA-198870;R-HSA-3065958;R-HSA-2993814"
R-HSA-2262752,"Cellular responses to stress",15,1039,0.06393452710602425,0.8186658820895902,0.8186658820895902,58,521,0.032382373049909874,9606,Homo sapiens,"YWHAE;HSP90AB1;NUP210;ATF6B;NDUFA4;NCOA6;GRB10;NUDT2;TRIB3;MAP2K7;ESR1;TXN2","","R-HSA-5324632;R-HSA-9726621;R-HSA-400143;R-HSA-1791121;R-HSA-9725855;R-HSA-163214;R-HSA-4793925;R-HSA-8874122;R-HSA-9841817;R-HSA-5696197;R-HSA-1368065;R-HSA-9653894;R-HSA-5324617;R-HSA-3323050;R-HSA-1791107;R-HSA-5252041;R-HSA-9654792;R-HSA-8874138;R-HSA-8874137;R-HSA-1791163;R-HSA-8874145;R-HSA-9725885;R-HSA-3371527;R-HSA-9690534;R-HSA-8874162;R-HSA-1791150;R-HSA-5082356;R-HSA-9726509;R-HSA-9706837;R-HSA-3322995;R-HSA-9635927;R-HSA-9709406;R-HSA-381135;R-HSA-5618073;R-HSA-9705925;R-HSA-9705926;R-HSA-420818;R-HSA-9856845;R-HSA-9635912;R-HSA-3371503;R-HSA-9678925;R-HSA-3697894;R-HSA-9726580;R-HSA-168162;R-HSA-5082409;R-HSA-5618099;R-HSA-9841265;R-HSA-5618098;R-HSA-381026;R-HSA-5618110;R-HSA-5618105;R-HSA-5618107;R-HSA-5618085;R-HSA-3371586;R-HSA-1791082;R-HSA-5618080;R-HSA-5618093;R-HSA-9856620"
R-HSA-877300,"Interferon gamma signaling",2,177,0.010891637437696142,0.8189811929822015,0.8189811929822015,21,23,0.0014295481384797065,9606,Homo sapiens,"STAT1;JAK1","","R-HSA-997326;R-HSA-9730967;R-HSA-9732753;R-HSA-9734547;R-HSA-873924;R-HSA-873927;R-HSA-873926;R-HSA-1031716;R-HSA-873921;R-HSA-877281;R-HSA-9732729;R-HSA-1031713;R-HSA-873922;R-HSA-873917;R-HSA-877308;R-HSA-9678561;R-HSA-873919;R-HSA-873918;R-HSA-9732738;R-HSA-877269;R-HSA-909552"
R-HSA-173623,"Classical antibody-mediated complement activation",1,97,0.005968863454556643,0.8195334831435757,0.8195334831435757,2,2,1.2430853378084405E-4,9606,Homo sapiens,"C1S","","R-HSA-173626;R-HSA-173631"
R-HSA-9645723,"Diseases of programmed cell death",1,97,0.005968863454556643,0.8195334831435757,0.8195334831435757,1,37,0.002299707874945615,9606,Homo sapiens,"YWHAE","","R-HSA-8863674"
R-HSA-5663205,"Infectious disease",30,1965,0.12091563596086395,0.8208734966794407,0.8208734966794407,80,1227,0.07626328547454783,9606,Homo sapiens,"YWHAE;LAMA5;HSP90AB1;C1S;ROCK2;ITPR1;UBR4;RRBP1;EGFR;GNAI2;IRAK1;MGAT5;PIM1;MAP2K7;JAK1;CDK19;NUP210;LAMB2;IL1R1;STAT1;ANO6;MYO9B;ZDHHC11;GNB2;SDC1;GNB3;TAF2","","R-HSA-9660819;R-HSA-9611158;R-HSA-9920147;R-HSA-9709852;R-HSA-9666458;R-HSA-9660824;R-HSA-180622;R-HSA-9614367;R-HSA-9660828;R-HSA-909726;R-HSA-168337;R-HSA-9694341;R-HSA-9611147;R-HSA-909719;R-HSA-9697423;R-HSA-192925;R-HSA-9696179;R-HSA-9613490;R-HSA-9836468;R-HSA-9680443;R-HSA-9613498;R-HSA-9920829;R-HSA-9920957;R-HSA-9699007;R-HSA-9948218;R-HSA-9638589;R-HSA-9836857;R-HSA-9837625;R-HSA-167474;R-HSA-165043;R-HSA-168880;R-HSA-9918501;R-HSA-9614369;R-HSA-9636128;R-HSA-5211387;R-HSA-5336420;R-HSA-9835171;R-HSA-165047;R-HSA-167477;R-HSA-9729454;R-HSA-9727919;R-HSA-167097;R-HSA-167484;R-HSA-9698988;R-HSA-392129;R-HSA-9678935;R-HSA-9696980;R-HSA-9729500;R-HSA-9947230;R-HSA-9609689;R-HSA-167113;R-HSA-167118;R-HSA-9708889;R-HSA-180687;R-HSA-169683;R-HSA-873951;R-HSA-169680;R-HSA-167121;R-HSA-9694661;R-HSA-167130;R-HSA-9768142;R-HSA-167134;R-HSA-9770187;R-HSA-9678925;R-HSA-9629004;R-HSA-9694579;R-HSA-9610867;R-HSA-167136;R-HSA-9920628;R-HSA-180710;R-HSA-9834736;R-HSA-874087;R-HSA-1176059;R-HSA-1306876;R-HSA-9681763;R-HSA-192627;R-HSA-9678561;R-HSA-9836899;R-HSA-168184;R-HSA-180732"
R-HSA-195258,"RHO GTPase Effectors",4,325,0.019998769306504214,0.8247740219265495,0.8247740219265495,13,113,0.007023432158617689,9606,Homo sapiens,"YWHAE;ROCK2;PPP2R1A;SRF","","R-HSA-5666160;R-HSA-5666129;R-HSA-9680443;R-HSA-5666046;R-HSA-419087;R-HSA-75016;R-HSA-419083;R-HSA-5666008;R-HSA-5666169;R-HSA-419049;R-HSA-5666049;R-HSA-5665998;R-HSA-419197"
R-HSA-112310,"Neurotransmitter release cycle",1,99,0.0060919328041351304,0.825812225757917,0.825812225757917,3,37,0.002299707874945615,9606,Homo sapiens,"SLC17A7","","R-HSA-210426;R-HSA-210430;R-HSA-210444"
R-HSA-109581,"Apoptosis",2,180,0.011076241462063874,0.8261587780033193,0.8261587780033193,3,142,0.008825905898439929,9606,Homo sapiens,"YWHAE;DBNL","","R-HSA-139906;R-HSA-202966;R-HSA-139899"
R-HSA-9945266,"Differentiation of T cells",1,100,0.006153467478924374,0.8288694790163265,0.8288694790163265,3,28,0.0017403194729318167,9606,Homo sapiens,"STAT1","","R-HSA-9942499;R-HSA-9942511;R-HSA-9942683"
R-HSA-199991,"Membrane Trafficking",9,669,0.041166697434004064,0.8351465879168337,0.8351465879168337,52,219,0.013611784449002424,9606,Homo sapiens,"YWHAE;TGOLN2;NBAS;SERPINA1;GJB1;ITSN1;EGFR;IGF2R","","R-HSA-8868230;R-HSA-5694418;R-HSA-5694417;R-HSA-5694428;R-HSA-8868236;R-HSA-1445149;R-HSA-8871194;R-HSA-8871193;R-HSA-5694409;R-HSA-6814671;R-HSA-6814670;R-HSA-8867756;R-HSA-8877612;R-HSA-8868651;R-HSA-8867754;R-HSA-8868648;R-HSA-5694439;R-HSA-8868661;R-HSA-8868660;R-HSA-8868659;R-HSA-6814675;R-HSA-8868658;R-HSA-6814674;R-HSA-5694446;R-HSA-8869438;R-HSA-6814682;R-HSA-5694441;R-HSA-6811431;R-HSA-421831;R-HSA-6811427;R-HSA-8933452;R-HSA-203973;R-HSA-421836;R-HSA-421835;R-HSA-421833;R-HSA-8862280;R-HSA-190681;R-HSA-190687;R-HSA-8868071;R-HSA-8866279;R-HSA-8866277;R-HSA-190693;R-HSA-190698;R-HSA-5694527;R-HSA-8856813;R-HSA-204008;R-HSA-8866283;R-HSA-5694522;R-HSA-8868072;R-HSA-8856808;R-HSA-1454689;R-HSA-6811423"
R-HSA-983695,"Antigen activates B Cell Receptor (BCR) leading to generation of second messengers",1,103,0.006338071503292105,0.8377241011475325,0.8377241011475325,3,26,0.0016160109391509727,9606,Homo sapiens,"ITPR1","","R-HSA-169683;R-HSA-169680;R-HSA-1168376"
R-HSA-192105,"Synthesis of bile acids and bile salts",1,105,0.0064611408528705925,0.8433720216460908,0.8433720216460908,4,71,0.004412952949219964,9606,Homo sapiens,"HSD17B4","","R-HSA-193508;R-HSA-192331;R-HSA-193455;R-HSA-193535"
R-HSA-168928,"DDX58/IFIH1-mediated induction of interferon-alpha/beta",1,105,0.0064611408528705925,0.8433720216460908,0.8433720216460908,2,53,0.0032941761451923675,9606,Homo sapiens,"HSP90AB1","","R-HSA-9709831;R-HSA-9709852"
R-HSA-72306,"tRNA processing",2,189,0.011630053535167066,0.8461833132850171,0.8461833132850171,2,57,0.0035427932127540555,9606,Homo sapiens,"NUP210;TRMT11","","R-HSA-6786501;R-HSA-6783483"
R-HSA-6811434,"COPI-dependent Golgi-to-ER retrograde traffic",1,107,0.00658421020244908,0.848824032885983,0.848824032885983,2,11,6.836969357946423E-4,9606,Homo sapiens,"NBAS","","R-HSA-6811427;R-HSA-6811423"
R-HSA-5607764,"CLEC7A (Dectin-1) signaling",1,107,0.00658421020244908,0.848824032885983,0.848824032885983,2,45,0.0027969420100689914,9606,Homo sapiens,"ITPR1","","R-HSA-169683;R-HSA-169680"
R-HSA-9839923,"Dengue Virus Infection",5,411,0.025290751338379176,0.8506311778229118,0.8506311778229118,7,142,0.008825905898439929,9606,Homo sapiens,"HSP90AB1;C1S;UBR4;SDC1;RRBP1","","R-HSA-9918501;R-HSA-9920628;R-HSA-9920147;R-HSA-9947230;R-HSA-9920829;R-HSA-9920957;R-HSA-9948218"
R-HSA-8878159,"Transcriptional regulation by RUNX3",1,108,0.006645744877238324,0.8514786981439878,0.8514786981439878,1,47,0.002921250543849835,9606,Homo sapiens,"KRAS","","R-HSA-8951977"
R-HSA-170834,"Signaling by TGF-beta Receptor Complex",1,108,0.006645744877238324,0.8514786981439878,0.8514786981439878,1,100,0.006215426689042203,9606,Homo sapiens,"STAT1","","R-HSA-9730967"
R-HSA-9824439,"Bacterial Infection Pathways",5,414,0.025475355362746907,0.8549277197385214,0.8549277197385214,3,234,0.014544098452358755,9606,Homo sapiens,"LAMA5;HSP90AB1;LAMB2;MAP2K7","","R-HSA-5211387;R-HSA-5336420;R-HSA-9638589"
R-HSA-69618,"Mitotic Spindle Checkpoint",1,111,0.006830348901606055,0.8591671841914088,0.8591671841914088,4,7,4.350798682329542E-4,9606,Homo sapiens,"PPP2R1A","","R-HSA-141409;R-HSA-141431;R-HSA-141422;R-HSA-141439"
R-HSA-9842860,"Regulation of endogenous retroelements",1,113,0.006953418251184542,0.8640711772555753,0.8640711772555753,2,17,0.0010566225371371745,9606,Homo sapiens,"SMARCA2","","R-HSA-9845308;R-HSA-9727450"
R-HSA-2559580,"Oxidative Stress Induced Senescence",1,113,0.006953418251184542,0.8640711772555753,0.8640711772555753,1,40,0.0024861706756168812,9606,Homo sapiens,"MAP2K7","","R-HSA-168162"
R-HSA-1483255,"PI Metabolism",1,113,0.006953418251184542,0.8640711772555753,0.8640711772555753,1,89,0.005531729753247561,9606,Homo sapiens,"MTMR10","","R-HSA-6810030"
R-HSA-5693606,"DNA Double Strand Break Response",1,114,0.007014952925973786,0.8664589807466225,0.8664589807466225,5,53,0.0032941761451923675,9606,Homo sapiens,"CHEK2","","R-HSA-5683735;R-HSA-69891;R-HSA-5683792;R-HSA-5683774;R-HSA-5683801"
R-HSA-3781865,"Diseases of glycosylation",2,201,0.012368469632637992,0.8696294054653161,0.8696294054653161,10,72,0.004475107216110386,9606,Homo sapiens,"LARGE;SDC1","","R-HSA-3656261;R-HSA-3560804;R-HSA-6785668;R-HSA-9036285;R-HSA-3560802;R-HSA-3656257;R-HSA-9036289;R-HSA-3656254;R-HSA-3656267;R-HSA-4420365"
R-HSA-5653656,"Vesicle-mediated transport",11,833,0.05125838409944004,0.8706412913749115,0.8706412913749115,56,254,0.015787183790167195,9606,Homo sapiens,"TGOLN2;YWHAE;MARCO;NBAS;GJB1;SERPINA1;STAB1;ITSN1;IGF2R;EGFR","","R-HSA-8868230;R-HSA-5694418;R-HSA-5694417;R-HSA-5694428;R-HSA-8868236;R-HSA-1445149;R-HSA-8871194;R-HSA-8871193;R-HSA-5694409;R-HSA-6814671;R-HSA-6814670;R-HSA-8867756;R-HSA-2197770;R-HSA-8877612;R-HSA-8868651;R-HSA-8867754;R-HSA-8868648;R-HSA-5694439;R-HSA-8868661;R-HSA-8868660;R-HSA-8868659;R-HSA-6814675;R-HSA-8868658;R-HSA-6814674;R-HSA-5694446;R-HSA-8869438;R-HSA-6814682;R-HSA-5694441;R-HSA-6811431;R-HSA-421831;R-HSA-6811427;R-HSA-8933452;R-HSA-203973;R-HSA-421836;R-HSA-421835;R-HSA-421833;R-HSA-8862280;R-HSA-190681;R-HSA-190687;R-HSA-8868071;R-HSA-8866279;R-HSA-8866277;R-HSA-190693;R-HSA-190698;R-HSA-5694527;R-HSA-8856813;R-HSA-204008;R-HSA-8866283;R-HSA-5694522;R-HSA-8868072;R-HSA-8856808;R-HSA-2247510;R-HSA-2173781;R-HSA-1454689;R-HSA-6811423;R-HSA-2247513"
R-HSA-9918487,"Dengue Virus Genome Translation and Replication",1,116,0.007138022275552274,0.8711099126975159,0.8711099126975159,2,64,0.0039778730809870095,9606,Homo sapiens,"RRBP1","","R-HSA-9947230;R-HSA-9948218"
R-HSA-166786,"Creation of C4 and C2 activators",1,118,0.007261091625130761,0.875599409850502,0.875599409850502,2,8,4.972341351233762E-4,9606,Homo sapiens,"C1S","","R-HSA-173626;R-HSA-173631"
R-HSA-9648025,"EML4 and NUDC in mitotic spindle formation",1,121,0.007445695649498493,0.8820431285050256,0.8820431285050256,1,5,3.1077133445211015E-4,9606,Homo sapiens,"PPP2R1A","","R-HSA-9648114"
R-HSA-9975921,"Assembly of the 9+0 primary cilium",2,209,0.012860747030951941,0.8833912980346903,0.8833912980346903,8,50,0.0031077133445211015,9606,Homo sapiens,"YWHAE;PPP2R1A","","R-HSA-5626228;R-HSA-5626227;R-HSA-5626220;R-HSA-5626223;R-HSA-5626681;R-HSA-5617816;R-HSA-5626699;R-HSA-5638009"
R-HSA-1500931,"Cell-Cell communication",4,365,0.022460156298073963,0.8855543771295867,0.8855543771295867,18,208,0.012928087513207781,9606,Homo sapiens,"PTK2B;SIRPA;JAK1","","R-HSA-9958871;R-HSA-391168;R-HSA-9958878;R-HSA-9958877;R-HSA-391151;R-HSA-391150;R-HSA-1067646;R-HSA-1112510;R-HSA-391157;R-HSA-391156;R-HSA-1112514;R-HSA-1067651;R-HSA-391158;R-HSA-391153;R-HSA-391152;R-HSA-391155;R-HSA-1067688;R-HSA-1067659"
R-HSA-446203,"Asparagine N-linked glycosylation",5,438,0.02695218755768876,0.8857290678026323,0.8857290678026323,15,146,0.009074522966001615,9606,Homo sapiens,"SERPINA1;PMM1;MGAT5;ST8SIA5;FUT3","","R-HSA-975916;R-HSA-5694418;R-HSA-203973;R-HSA-5694417;R-HSA-5694527;R-HSA-5694428;R-HSA-204008;R-HSA-5694522;R-HSA-4084978;R-HSA-5694439;R-HSA-5693925;R-HSA-5694446;R-HSA-446201;R-HSA-5694409;R-HSA-5694441"
R-HSA-6803157,"Antimicrobial peptides",1,123,0.0075687649990769795,0.8861530513250092,0.8861530513250092,1,58,0.0036049474796444776,9606,Homo sapiens,"LCN2","","R-HSA-5229273"
R-HSA-975957,"Nonsense Mediated Decay (NMD) enhanced by the Exon Junction Complex (EJC)",1,124,0.007630299673866223,0.8881541810722615,0.8881541810722615,3,5,3.1077133445211015E-4,9606,Homo sapiens,"PPP2R1A","","R-HSA-927836;R-HSA-927830;R-HSA-927813"
R-HSA-927802,"Nonsense-Mediated Decay (NMD)",1,124,0.007630299673866223,0.8881541810722615,0.8881541810722615,3,6,3.7292560134253216E-4,9606,Homo sapiens,"PPP2R1A","","R-HSA-927836;R-HSA-927830;R-HSA-927813"
R-HSA-9692914,"SARS-CoV-1-host interactions",1,124,0.007630299673866223,0.8881541810722615,0.8881541810722615,1,50,0.0031077133445211015,9606,Homo sapiens,"YWHAE","","R-HSA-9727919"
R-HSA-68877,"Mitotic Prometaphase",2,212,0.013045351055319673,0.8881973221841054,0.8881973221841054,8,25,0.0015538566722605508,9606,Homo sapiens,"YWHAE;PPP2R1A","","R-HSA-9648114;R-HSA-2484822;R-HSA-375302;R-HSA-380316;R-HSA-380508;R-HSA-1638803;R-HSA-2468287;R-HSA-1638821"
R-HSA-9609690,"HCMV Early Events",2,215,0.013229955079687404,0.8928196652858889,0.8928196652858889,6,12,7.458512026850643E-4,9606,Homo sapiens,"NUP210;EGFR","","R-HSA-9610867;R-HSA-9614369;R-HSA-9611158;R-HSA-9611147;R-HSA-9609689;R-HSA-9614367"
R-HSA-166663,"Initial triggering of complement",1,127,0.007814903698233955,0.8939496847626069,0.8939496847626069,4,21,0.0013052396046988625,9606,Homo sapiens,"C1S","","R-HSA-166753;R-HSA-173626;R-HSA-166792;R-HSA-173631"
R-HSA-1640170,"Cell Cycle",9,729,0.044858777921358686,0.8975342138887288,0.8975342138887288,61,474,0.02946112250606004,9606,Homo sapiens,"YWHAE;HSP90AB1;NUP210;MCM8;PPP2R1A;ORC3L;CHEK2;PIM1;CDC14A","","R-HSA-69891;R-HSA-375302;R-HSA-380294;R-HSA-5683792;R-HSA-75016;R-HSA-1638803;R-HSA-380303;R-HSA-8852362;R-HSA-2990880;R-HSA-2990882;R-HSA-2995388;R-HSA-380311;R-HSA-380316;R-HSA-2468287;R-HSA-8853405;R-HSA-9624845;R-HSA-75809;R-HSA-380455;R-HSA-176298;R-HSA-8853419;R-HSA-174124;R-HSA-68914;R-HSA-69685;R-HSA-68917;R-HSA-68916;R-HSA-68919;R-HSA-68918;R-HSA-176318;R-HSA-1638821;R-HSA-5683735;R-HSA-2467809;R-HSA-2467811;R-HSA-68940;R-HSA-68944;R-HSA-3000319;R-HSA-1363276;R-HSA-380508;R-HSA-2574845;R-HSA-3000310;R-HSA-113503;R-HSA-1363274;R-HSA-2574840;R-HSA-68960;R-HSA-9648114;R-HSA-141409;R-HSA-113638;R-HSA-5683774;R-HSA-69608;R-HSA-141422;R-HSA-9667965;R-HSA-8856951;R-HSA-2484822;R-HSA-4088141;R-HSA-141431;R-HSA-380272;R-HSA-8856945;R-HSA-349426;R-HSA-169461;R-HSA-141439;R-HSA-2430552;R-HSA-380283"
R-HSA-2871809,"FCERI mediated Ca+2 mobilization",1,129,0.007937973047812442,0.8976461031654636,0.8976461031654636,2,11,6.836969357946423E-4,9606,Homo sapiens,"ITPR1","","R-HSA-169683;R-HSA-169680"
R-HSA-71291,"Metabolism of amino acids and derivatives",8,661,0.04067442003569011,0.8980129589983158,0.8980129589983158,12,302,0.018770588600907454,9606,Homo sapiens,"ALDH4A1;GRHPR;ECHS1;MAT1A;KMO;ACADSB;TXN2;PAOX","","R-HSA-71200;R-HSA-70800;R-HSA-2408551;R-HSA-141351;R-HSA-6784402;R-HSA-174391;R-HSA-9035484;R-HSA-141348;R-HSA-70679;R-HSA-389826;R-HSA-70870;R-HSA-9929439"
R-HSA-9007101,"Rab regulation of trafficking",1,131,0.00806104239739093,0.9012141164911194,0.9012141164911194,2,35,0.002175399341164771,9606,Homo sapiens,"YWHAE","","R-HSA-8933452;R-HSA-8877612"
R-HSA-983168,"Antigen processing: Ubiquitination & Proteasome degradation",3,302,0.01858347178635161,0.9016297644247415,0.9016297644247415,5,9,5.593884020137983E-4,9606,Homo sapiens,"RNF14;UBR4;UBE2J2","","R-HSA-983147;R-HSA-983157;R-HSA-983156;R-HSA-983140;R-HSA-983152"
R-HSA-1483206,"Glycerophospholipid biosynthesis",2,222,0.01366069780321211,0.9029248115572007,0.9029248115572007,2,133,0.00826651749642613,9606,Homo sapiens,"ETNK2;PEMT","","R-HSA-1483174;R-HSA-1483222"
R-HSA-5357801,"Programmed Cell Death",2,225,0.01384530182757984,0.9069781426116017,0.9069781426116017,3,194,0.012057927776741873,9606,Homo sapiens,"YWHAE;DBNL","","R-HSA-139906;R-HSA-202966;R-HSA-139899"
R-HSA-2500257,"Resolution of Sister Chromatid Cohesion",1,135,0.008307181096547905,0.9079825560932615,0.9079825560932615,4,13,8.080054695754863E-4,9606,Homo sapiens,"PPP2R1A","","R-HSA-2484822;R-HSA-1638803;R-HSA-2468287;R-HSA-1638821"
R-HSA-1852241,"Organelle biogenesis and maintenance",4,387,0.023813919143437327,0.9104635807358041,0.9104635807358041,14,119,0.007396357759960222,9606,Homo sapiens,"YWHAE;NCOA6;PPP2R1A;PPARGC1B","","R-HSA-5626228;R-HSA-2466369;R-HSA-5626227;R-HSA-2466370;R-HSA-5626681;R-HSA-1592245;R-HSA-5617816;R-HSA-1592247;R-HSA-5638009;R-HSA-1592238;R-HSA-5626220;R-HSA-5626223;R-HSA-5626699;R-HSA-1592231"
R-HSA-9717207,"Sensory perception of sweet, bitter, and umami (glutamate) taste",1,137,0.008430250446126393,0.911191418293641,0.911191418293641,11,21,0.0013052396046988625,9606,Homo sapiens,"GNB3","","R-HSA-9717205;R-HSA-9717206;R-HSA-9728752;R-HSA-9717202;R-HSA-9728723;R-HSA-9728748;R-HSA-9717182;R-HSA-9728697;R-HSA-9728729;R-HSA-9717193;R-HSA-9728747"
R-HSA-9816359,"Maternal to zygotic transition (MZT)",1,137,0.008430250446126393,0.911191418293641,0.911191418293641,2,46,0.002859096276959413,9606,Homo sapiens,"ELL2","","R-HSA-9819200;R-HSA-9822335"
R-HSA-1483257,"Phospholipid metabolism",3,315,0.01938342255861178,0.9163541111913498,0.9163541111913498,3,218,0.013549630182112003,9606,Homo sapiens,"MTMR10;ETNK2;PEMT","","R-HSA-1483174;R-HSA-1483222;R-HSA-6810030"
R-HSA-9730414,"MITF-M-regulated melanocyte development",2,233,0.014337579225893791,0.9170281038817485,0.9170281038817485,5,150,0.009323140033563304,9606,Homo sapiens,"YWHAE;SMARCA2","","R-HSA-9824981;R-HSA-9825847;R-HSA-9824593;R-HSA-9824579;R-HSA-9926479"
R-HSA-9664323,"FCGR3A-mediated IL10 synthesis",1,141,0.008676389145283367,0.9172784369167718,0.9172784369167718,2,20,0.0012430853378084406,9606,Homo sapiens,"ITPR1","","R-HSA-169683;R-HSA-169680"
R-HSA-68882,"Mitotic Anaphase",2,236,0.014522183250261523,0.9205275482483168,0.9205275482483168,5,32,0.0019889365404935047,9606,Homo sapiens,"PPP2R1A;PIM1","","R-HSA-2995388;R-HSA-2467809;R-HSA-2467811;R-HSA-9667965;R-HSA-9624845"
R-HSA-2555396,"Mitotic Metaphase and Anaphase",2,237,0.014583717925050766,0.9216629254410076,0.9216629254410076,5,33,0.002051090807383927,9606,Homo sapiens,"PPP2R1A;PIM1","","R-HSA-2995388;R-HSA-2467809;R-HSA-2467811;R-HSA-9667965;R-HSA-9624845"
R-HSA-68886,"M Phase",4,403,0.02479847394006523,0.9254384157017792,0.9254384157017792,16,96,0.005966809621480515,9606,Homo sapiens,"YWHAE;NUP210;PPP2R1A;PIM1","","R-HSA-9648114;R-HSA-375302;R-HSA-2467809;R-HSA-2467811;R-HSA-1638803;R-HSA-2990880;R-HSA-9667965;R-HSA-2990882;R-HSA-2995388;R-HSA-2484822;R-HSA-380316;R-HSA-380508;R-HSA-2468287;R-HSA-1638821;R-HSA-2430552;R-HSA-9624845"
R-HSA-9717189,"Sensory perception of taste",1,147,0.00904559719401883,0.9256381698065614,0.9256381698065614,11,25,0.0015538566722605508,9606,Homo sapiens,"GNB3","","R-HSA-9717205;R-HSA-9717206;R-HSA-9728752;R-HSA-9717202;R-HSA-9728723;R-HSA-9728748;R-HSA-9717182;R-HSA-9728697;R-HSA-9728729;R-HSA-9717193;R-HSA-9728747"
R-HSA-8856688,"Golgi-to-ER retrograde transport",1,148,0.009107131868808073,0.9269471858630114,0.9269471858630114,2,18,0.0011187768040275966,9606,Homo sapiens,"NBAS","","R-HSA-6811427;R-HSA-6811423"
R-HSA-212436,"Generic Transcription Pathway",21,1574,0.09685557811826964,0.9297527542332605,0.9297527542332605,39,879,0.05463360059668096,9606,Homo sapiens,"YWHAE;ZNF230;NDUFA4;STAT1;SRF;ESR1;SMARCA2;EGFR;IRAK1;PPP2R1A;CHEK2;RARA;PPARG;KRAS;PPARGC1B;TAF2","","R-HSA-6792871;R-HSA-9730967;R-HSA-8931981;R-HSA-9008015;R-HSA-9615829;R-HSA-8939904;R-HSA-8932033;R-HSA-5632732;R-HSA-8864395;R-HSA-163214;R-HSA-6804266;R-HSA-8932037;R-HSA-975040;R-HSA-8937369;R-HSA-382096;R-HSA-9768832;R-HSA-8951977;R-HSA-8938217;R-HSA-8874789;R-HSA-8932076;R-HSA-376419;R-HSA-9017441;R-HSA-9768829;R-HSA-8874797;R-HSA-8939938;R-HSA-9615801;R-HSA-8932070;R-HSA-9017447;R-HSA-6805399;R-HSA-69685;R-HSA-8939900;R-HSA-9007999;R-HSA-349426;R-HSA-5632738;R-HSA-6792863;R-HSA-8864381;R-HSA-8932084;R-HSA-8932020;R-HSA-8932021"
R-HSA-8878171,"Transcriptional regulation by RUNX1",2,246,0.015137529998153959,0.9312171444794519,0.9312171444794519,9,132,0.008204363229535707,9606,Homo sapiens,"ESR1;SMARCA2","","R-HSA-8938217;R-HSA-8932076;R-HSA-8931981;R-HSA-8932033;R-HSA-8932084;R-HSA-8932020;R-HSA-8932037;R-HSA-8932021;R-HSA-8932070"
R-HSA-3700989,"Transcriptional Regulation by TP53",5,487,0.029967386622361702,0.9316314636622707,0.9316314636622707,9,258,0.016035800857728884,9606,Homo sapiens,"YWHAE;NDUFA4;PPP2R1A;CHEK2;TAF2","","R-HSA-6792871;R-HSA-6805399;R-HSA-69685;R-HSA-349426;R-HSA-5632738;R-HSA-6792863;R-HSA-5632732;R-HSA-163214;R-HSA-6804266"
R-HSA-5173105,"O-linked glycosylation",1,154,0.009476339917543536,0.9343328494565097,0.9343328494565097,3,37,0.002299707874945615,9606,Homo sapiens,"LARGE","","R-HSA-9638097;R-HSA-5617143;R-HSA-9638090"
R-HSA-6807070,"PTEN Regulation",1,156,0.009599409267122024,0.9366254710364739,0.9366254710364739,2,56,0.0034806389458636334,9606,Homo sapiens,"PPARG","","R-HSA-8944104;R-HSA-8944099"
R-HSA-9664417,"Leishmania phagocytosis",1,157,0.009660943941911268,0.9377416922866957,0.9377416922866957,1,27,0.0016781652060413948,9606,Homo sapiens,"MYO9B","","R-HSA-9666458"
R-HSA-9664422,"FCGR3A-mediated phagocytosis",1,157,0.009660943941911268,0.9377416922866957,0.9377416922866957,1,27,0.0016781652060413948,9606,Homo sapiens,"MYO9B","","R-HSA-9666458"
R-HSA-9664407,"Parasite infection",1,157,0.009660943941911268,0.9377416922866957,0.9377416922866957,1,27,0.0016781652060413948,9606,Homo sapiens,"MYO9B","","R-HSA-9666458"
R-HSA-3247509,"Chromatin modifying enzymes",2,254,0.01562980739646791,0.9387770730270949,0.9387770730270949,5,85,0.005283112685685872,9606,Homo sapiens,"KDM3A;SMARCA2","","R-HSA-4724284;R-HSA-5205799;R-HSA-3215448;R-HSA-5205861;R-HSA-5661115"
R-HSA-2187338,"Visual phototransduction",1,159,0.009784013291489755,0.9399156997873784,0.9399156997873784,3,87,0.005407421219466716,9606,Homo sapiens,"SDC1","","R-HSA-2404131;R-HSA-2423785;R-HSA-2429643"
R-HSA-5617833,"Cilium Assembly",2,256,0.015752876746046397,0.9405403649134703,0.9405403649134703,8,83,0.005158804151905028,9606,Homo sapiens,"YWHAE;PPP2R1A","","R-HSA-5626228;R-HSA-5626227;R-HSA-5626220;R-HSA-5626223;R-HSA-5626681;R-HSA-5617816;R-HSA-5626699;R-HSA-5638009"
R-HSA-597592,"Post-translational protein modification",22,1676,0.1031321149467725,0.9449589383751426,0.9449589383751426,52,605,0.03760333146870533,9606,Homo sapiens,"PIGU;SERPINA1;PMM1;NUP210;LAMB2;SERPINA10;UBE2J2;ESR1;PIGV;PEX14;FUT3;TGOLN2;F7;GGCX;MGAT5;LARGE;RARA;FAM20C;ST8SIA5;PPARG","","R-HSA-5694418;R-HSA-4615872;R-HSA-5694417;R-HSA-159752;R-HSA-5694428;R-HSA-4341072;R-HSA-159761;R-HSA-5228508;R-HSA-4090408;R-HSA-162836;R-HSA-5694409;R-HSA-975916;R-HSA-5228525;R-HSA-5617143;R-HSA-5228523;R-HSA-4551649;R-HSA-159783;R-HSA-159795;R-HSA-3000348;R-HSA-5694439;R-HSA-5693925;R-HSA-8953917;R-HSA-4570493;R-HSA-5694446;R-HSA-159803;R-HSA-4551679;R-HSA-162873;R-HSA-4655355;R-HSA-5694441;R-HSA-9638097;R-HSA-203973;R-HSA-6807214;R-HSA-159819;R-HSA-4084978;R-HSA-159826;R-HSA-8953946;R-HSA-4717461;R-HSA-9638090;R-HSA-163810;R-HSA-8943080;R-HSA-6783238;R-HSA-3000399;R-HSA-8943083;R-HSA-8952289;R-HSA-5694527;R-HSA-204008;R-HSA-5694522;R-HSA-163820;R-HSA-4615987;R-HSA-3000411;R-HSA-159868;R-HSA-446201"
R-HSA-73857,"RNA Polymerase II Transcription",22,1678,0.103255184296351,0.9456852297742961,0.9456852297742961,61,939,0.05836285661010628,9606,Homo sapiens,"YWHAE;ZNF230;NDUFA4;STAT1;SRF;ESR1;SMARCA2;ELL2;EGFR;IRAK1;PPP2R1A;CHEK2;RARA;PPARG;KRAS;PPARGC1B;TAF2","","R-HSA-9730967;R-HSA-8931981;R-HSA-9008015;R-HSA-8939904;R-HSA-5632732;R-HSA-8864395;R-HSA-163214;R-HSA-8937369;R-HSA-382096;R-HSA-9768832;R-HSA-8951977;R-HSA-8874789;R-HSA-9613494;R-HSA-8874797;R-HSA-8939938;R-HSA-9613497;R-HSA-9615801;R-HSA-75949;R-HSA-6814549;R-HSA-69685;R-HSA-5632738;R-HSA-6814559;R-HSA-6814555;R-HSA-8932020;R-HSA-6814554;R-HSA-8932021;R-HSA-6792871;R-HSA-6814885;R-HSA-109637;R-HSA-109636;R-HSA-109639;R-HSA-9615829;R-HSA-109638;R-HSA-8932033;R-HSA-75850;R-HSA-6804266;R-HSA-8932037;R-HSA-975040;R-HSA-75856;R-HSA-75861;R-HSA-75095;R-HSA-75862;R-HSA-75864;R-HSA-75866;R-HSA-73946;R-HSA-75869;R-HSA-75873;R-HSA-8938217;R-HSA-8932076;R-HSA-376419;R-HSA-9017441;R-HSA-9768829;R-HSA-8932070;R-HSA-9017447;R-HSA-6805399;R-HSA-8939900;R-HSA-9007999;R-HSA-349426;R-HSA-6792863;R-HSA-8864381;R-HSA-8932084"
R-HSA-199977,"ER to Golgi Anterograde Transport",1,165,0.010153221340225217,0.9459941779522435,0.9459941779522435,11,39,0.002424016408726459,9606,Homo sapiens,"SERPINA1","","R-HSA-5694439;R-HSA-5694418;R-HSA-203973;R-HSA-5694417;R-HSA-5694446;R-HSA-5694527;R-HSA-5694428;R-HSA-204008;R-HSA-5694522;R-HSA-5694409;R-HSA-5694441"
R-HSA-9856651,"MITF-M-dependent gene expression",1,168,0.010337825364592948,0.9487995369730925,0.9487995369730925,4,113,0.007023432158617689,9606,Homo sapiens,"SMARCA2","","R-HSA-9824981;R-HSA-9825847;R-HSA-9824593;R-HSA-9824579"
R-HSA-9609646,"HCMV Infection",2,270,0.01661436219309581,0.9516004946451205,0.9516004946451205,8,31,0.0019267822736030828,9606,Homo sapiens,"NUP210;EGFR","","R-HSA-9610867;R-HSA-9614369;R-HSA-9636128;R-HSA-9611158;R-HSA-9611147;R-HSA-9609689;R-HSA-9614367;R-HSA-9629004"
R-HSA-168273,"Influenza Viral RNA Transcription and Replication",1,173,0.010645498738539167,0.9531560909004615,0.9531560909004615,2,14,8.701597364659083E-4,9606,Homo sapiens,"NUP210","","R-HSA-192627;R-HSA-192925"
R-HSA-9612973,"Autophagy",1,174,0.010707033413328411,0.9539820215339856,0.9539820215339856,12,117,0.007272049226179377,9606,Homo sapiens,"HSP90AB1","","R-HSA-9626242;R-HSA-9626256;R-HSA-9626039;R-HSA-9626276;R-HSA-9625188;R-HSA-9626235;R-HSA-9624158;R-HSA-9622831;R-HSA-9626060;R-HSA-9625196;R-HSA-9626253;R-HSA-9625197"
R-HSA-9610379,"HCMV Late Events",1,175,0.010768568088117655,0.9547934397534836,0.9547934397534836,2,19,0.0011809310709180185,9606,Homo sapiens,"NUP210","","R-HSA-9636128;R-HSA-9629004"
R-HSA-2467813,"Separation of Sister Chromatids",1,182,0.01119931081164236,0.960087816519071,0.960087816519071,2,8,4.972341351233762E-4,9606,Homo sapiens,"PPP2R1A","","R-HSA-2467809;R-HSA-2467811"
R-HSA-2408522,"Selenoamino acid metabolism",1,182,0.01119931081164236,0.960087816519071,0.960087816519071,1,33,0.002051090807383927,9606,Homo sapiens,"MAT1A","","R-HSA-2408551"
R-HSA-74160,"Gene expression (Transcription)",25,1922,0.11826964494492646,0.9608075200432652,0.9608075200432652,102,1139,0.07079370998819069,9606,Homo sapiens,"YWHAE;ZNF230;NDUFA4;NCOA6;STAT1;SRF;ESR1;SMARCA2;ELL2;EGFR;IRAK1;PPP2R1A;CHEK2;RARA;PPARG;KRAS;PPARGC1B;TAF2","","R-HSA-9859223;R-HSA-9730967;R-HSA-8931981;R-HSA-9851539;R-HSA-9008015;R-HSA-8939904;R-HSA-8864395;R-HSA-9859206;R-HSA-8937369;R-HSA-9768832;R-HSA-9851534;R-HSA-9851530;R-HSA-8951977;R-HSA-9854130;R-HSA-9843122;R-HSA-9613494;R-HSA-9854128;R-HSA-9843120;R-HSA-9843121;R-HSA-9854142;R-HSA-9859007;R-HSA-9843900;R-HSA-8939938;R-HSA-9854141;R-HSA-9859005;R-HSA-9613497;R-HSA-9615801;R-HSA-6814549;R-HSA-69685;R-HSA-6814559;R-HSA-9843118;R-HSA-9843119;R-HSA-9843116;R-HSA-9843117;R-HSA-6814555;R-HSA-8932020;R-HSA-6814554;R-HSA-8932021;R-HSA-9843115;R-HSA-9843112;R-HSA-109637;R-HSA-9856211;R-HSA-109636;R-HSA-109639;R-HSA-9615829;R-HSA-109638;R-HSA-8932033;R-HSA-75850;R-HSA-6804266;R-HSA-8932037;R-HSA-9859291;R-HSA-9727450;R-HSA-75856;R-HSA-75861;R-HSA-75095;R-HSA-75862;R-HSA-75864;R-HSA-75866;R-HSA-75869;R-HSA-9859273;R-HSA-75873;R-HSA-8938217;R-HSA-8932076;R-HSA-376419;R-HSA-8932070;R-HSA-9856486;R-HSA-9821412;R-HSA-9821410;R-HSA-8932084;R-HSA-9843219;R-HSA-5632732;R-HSA-163214;R-HSA-9859334;R-HSA-9841924;R-HSA-382096;R-HSA-9859084;R-HSA-9859082;R-HSA-8874789;R-HSA-9859121;R-HSA-8874797;R-HSA-9845308;R-HSA-75949;R-HSA-5632738;R-HSA-9859119;R-HSA-6792871;R-HSA-6814885;R-HSA-975040;R-HSA-73946;R-HSA-9859188;R-HSA-9017441;R-HSA-9768829;R-HSA-9842815;R-HSA-9859196;R-HSA-9017447;R-HSA-6805399;R-HSA-8939900;R-HSA-9007999;R-HSA-349426;R-HSA-9859182;R-HSA-6792863;R-HSA-9842028;R-HSA-8864381"
R-HSA-6791226,"Major pathway of rRNA processing in the nucleolus and cytosol",1,189,0.011630053535167066,0.964764053539628,0.964764053539628,4,7,4.350798682329542E-4,9606,Homo sapiens,"UTP18","","R-HSA-6791222;R-HSA-6791221;R-HSA-6791228;R-HSA-6791227"
R-HSA-9932444,"ATP-dependent chromatin remodelers",1,196,0.012060796258691773,0.9688940976454681,0.9688940976454681,6,65,0.004040027347877432,9606,Homo sapiens,"SMARCA2","","R-HSA-9934023;R-HSA-9933238;R-HSA-9934021;R-HSA-9933237;R-HSA-9988507;R-HSA-9933236"
R-HSA-2559583,"Cellular Senescence",1,199,0.012245400283059505,0.9705129466250029,0.9705129466250029,1,90,0.005593884020137983,9606,Homo sapiens,"MAP2K7","","R-HSA-168162"
R-HSA-9678108,"SARS-CoV-1 Infection",1,199,0.012245400283059505,0.9705129466250029,0.9705129466250029,1,161,0.010006836969357946,9606,Homo sapiens,"YWHAE","","R-HSA-9727919"
R-HSA-168255,"Influenza Infection",1,200,0.012306934957848749,0.9710336836737575,0.9710336836737575,5,61,0.0037914102803157435,9606,Homo sapiens,"NUP210","","R-HSA-192627;R-HSA-168880;R-HSA-168337;R-HSA-1176059;R-HSA-192925"
R-HSA-201681,"TCF dependent signaling in response to WNT",1,204,0.012553073657005722,0.9730265796740429,0.9730265796740429,2,71,0.004412952949219964,9606,Homo sapiens,"PPP2R1A","","R-HSA-201685;R-HSA-3601585"
R-HSA-375276,"Peptide ligand-binding receptors",1,205,0.012614608331794966,0.9735030734390598,0.9735030734390598,1,85,0.005283112685685872,9606,Homo sapiens,"CCL16","","R-HSA-373073"
R-HSA-983169,"Class I MHC mediated antigen processing & presentation",3,403,0.02479847394006523,0.9736731832128597,0.9736731832128597,5,52,0.0032320218783019453,9606,Homo sapiens,"RNF14;UBR4;UBE2J2","","R-HSA-983147;R-HSA-983157;R-HSA-983156;R-HSA-983140;R-HSA-983152"
R-HSA-1280218,"Adaptive Immune System",14,1237,0.0761183927142945,0.973731060072167,0.973731060072167,21,361,0.022437690347442352,9606,Homo sapiens,"STAT1;NCOA6;RNF14;PPP2R1A;ITPR1;UBR4;TRIB3;KRAS;UBE2J2;SMARCA2;TAF2;JAK1","","R-HSA-9909623;R-HSA-9940501;R-HSA-388833;R-HSA-983147;R-HSA-9940496;R-HSA-1168376;R-HSA-983140;R-HSA-388809;R-HSA-9931290;R-HSA-1168636;R-HSA-388808;R-HSA-388811;R-HSA-9909657;R-HSA-169683;R-HSA-169680;R-HSA-198640;R-HSA-389532;R-HSA-983157;R-HSA-983156;R-HSA-390329;R-HSA-983152"
R-HSA-8868773,"rRNA processing in the nucleus and cytosol",1,207,0.012737677681373454,0.9744310426475413,0.9744310426475413,5,15,9.323140033563305E-4,9606,Homo sapiens,"UTP18","","R-HSA-6791222;R-HSA-6791221;R-HSA-6791228;R-HSA-6791227;R-HSA-6790906"
R-HSA-9938026,"Immunoglobulin maturation",3,406,0.024983077964432956,0.9747297967285156,0.9747297967285156,2,40,0.0024861706756168812,9606,Homo sapiens,"NCOA6;SMARCA2;TAF2","","R-HSA-9940501;R-HSA-9940496"
R-HSA-9938027,"Affinity selection of immunoglobulins",3,406,0.024983077964432956,0.9747297967285156,0.9747297967285156,2,40,0.0024861706756168812,9606,Homo sapiens,"NCOA6;SMARCA2;TAF2","","R-HSA-9940501;R-HSA-9940496"
R-HSA-5693532,"DNA Double-Strand Break Repair",1,210,0.012922281705741185,0.9757626198398042,0.9757626198398042,5,124,0.007707129094412331,9606,Homo sapiens,"CHEK2","","R-HSA-5683735;R-HSA-69891;R-HSA-5683792;R-HSA-5683774;R-HSA-5683801"
R-HSA-1630316,"Glycosaminoglycan metabolism",1,212,0.013045351055319673,0.97661171564883,0.97661171564883,25,98,0.006091118155261359,9606,Homo sapiens,"SDC1","","R-HSA-2076383;R-HSA-9941078;R-HSA-2076508;R-HSA-2024084;R-HSA-2076371;R-HSA-9792581;R-HSA-2022860;R-HSA-9940993;R-HSA-2022856;R-HSA-2076611;R-HSA-2076419;R-HSA-2022851;R-HSA-1889981;R-HSA-1667005;R-HSA-1889978;R-HSA-9792569;R-HSA-1878002;R-HSA-2024108;R-HSA-2076392;R-HSA-9941039;R-HSA-2022887;R-HSA-2024100;R-HSA-9953259;R-HSA-1889955;R-HSA-1678694"
R-HSA-376176,"Signaling by ROBO receptors",1,222,0.01366069780321211,0.9804326128249247,0.9804326128249247,2,60,0.003729256013425322,9606,Homo sapiens,"MYO9B","","R-HSA-8985594;R-HSA-8985591"
R-HSA-392499,"Metabolism of proteins",31,2427,0.14934465571349456,0.9819968689189036,0.9819968689189036,68,928,0.05767915967431164,9606,Homo sapiens,"FH;PIGU;SERPINA1;SERPINA10;UBE2J2;PIGV;FUT3;TGOLN2;NCSTN;MGAT5;LARGE;ST8SIA5;HMGCS2;PMM1;NUP210;LAMB2;ESR1;ACADSB;PEX14;F7;GGCX;GNB2;RARA;SUCLG2;FAM20C;GNB3;PPARG;TGFBI;CES3","","R-HSA-5694418;R-HSA-4615872;R-HSA-8850560;R-HSA-5694417;R-HSA-159752;R-HSA-5694428;R-HSA-4341072;R-HSA-159761;R-HSA-5228508;R-HSA-4090408;R-HSA-162836;R-HSA-9838081;R-HSA-9838093;R-HSA-5694409;R-HSA-975916;R-HSA-5228525;R-HSA-5617143;R-HSA-5228523;R-HSA-4551649;R-HSA-159783;R-HSA-159795;R-HSA-3000348;R-HSA-5694439;R-HSA-5693925;R-HSA-6814418;R-HSA-8953917;R-HSA-4570493;R-HSA-5694446;R-HSA-159803;R-HSA-9010096;R-HSA-4551679;R-HSA-162873;R-HSA-4655355;R-HSA-5694441;R-HSA-6814119;R-HSA-9619024;R-HSA-9638097;R-HSA-9838035;R-HSA-203973;R-HSA-9838289;R-HSA-6807214;R-HSA-159819;R-HSA-6814124;R-HSA-4084978;R-HSA-6814121;R-HSA-6814120;R-HSA-159826;R-HSA-976734;R-HSA-8953946;R-HSA-4717461;R-HSA-383313;R-HSA-8850527;R-HSA-9638090;R-HSA-163810;R-HSA-8943080;R-HSA-6783238;R-HSA-3000399;R-HSA-8943083;R-HSA-8952289;R-HSA-5694527;R-HSA-204008;R-HSA-5694522;R-HSA-163820;R-HSA-4615987;R-HSA-3000411;R-HSA-159868;R-HSA-977136;R-HSA-446201"
R-HSA-72312,"rRNA processing",1,252,0.015506738046889422,0.9885489330095749,0.9885489330095749,5,22,0.0013673938715892846,9606,Homo sapiens,"UTP18","","R-HSA-6791222;R-HSA-6791221;R-HSA-6791228;R-HSA-6791227;R-HSA-6790906"
R-HSA-418990,"Adherens junctions interactions",1,267,0.01642975816872808,0.9912433328011198,0.9912433328011198,9,164,0.010193299770029212,9606,Homo sapiens,"JAK1","","R-HSA-9958871;R-HSA-1112514;R-HSA-1067651;R-HSA-1067688;R-HSA-9958878;R-HSA-9958877;R-HSA-1067659;R-HSA-1067646;R-HSA-1112510"
R-HSA-4839726,"Chromatin organization",2,389,0.023936988493015815,0.9921565186193115,0.9921565186193115,11,150,0.009323140033563304,9606,Homo sapiens,"KDM3A;SMARCA2","","R-HSA-9934023;R-HSA-9933238;R-HSA-9934021;R-HSA-9933237;R-HSA-9988507;R-HSA-9933236;R-HSA-4724284;R-HSA-5205799;R-HSA-3215448;R-HSA-5205861;R-HSA-5661115"
R-HSA-5688426,"Deubiquitination",1,275,0.01692203556704203,0.9924114813650348,0.9924114813650348,1,77,0.004785878550562496,9606,Homo sapiens,"ESR1","","R-HSA-6783238"
R-HSA-421270,"Cell-cell junction organization",1,300,0.018460402436773122,0.9951511597964497,0.9951511597964497,9,169,0.010504071104481323,9606,Homo sapiens,"JAK1","","R-HSA-9958871;R-HSA-1112514;R-HSA-1067651;R-HSA-1067688;R-HSA-9958878;R-HSA-9958877;R-HSA-1067659;R-HSA-1067646;R-HSA-1112510"
R-HSA-72203,"Processing of Capped Intron-Containing Pre-mRNA",1,317,0.019506491908190267,0.9964257029598955,0.9964257029598955,12,52,0.0032320218783019453,9606,Homo sapiens,"NUP210","","R-HSA-77587;R-HSA-158481;R-HSA-159046;R-HSA-158484;R-HSA-159050;R-HSA-75097;R-HSA-75096;R-HSA-158441;R-HSA-75098;R-HSA-77594;R-HSA-158447;R-HSA-111439"
R-HSA-446728,"Cell junction organization",1,327,0.0201218386560827,0.9970131426530576,0.9970131426530576,9,185,0.011498539374728075,9606,Homo sapiens,"JAK1","","R-HSA-9958871;R-HSA-1112514;R-HSA-1067651;R-HSA-1067688;R-HSA-9958878;R-HSA-9958877;R-HSA-1067659;R-HSA-1067646;R-HSA-1112510"
R-HSA-500792,"GPCR ligand binding",3,610,0.03753615162143868,0.9986877595233299,0.9986877595233299,2,219,0.013611784449002424,9606,Homo sapiens,"GNB2;GNB3;CCL16","","R-HSA-373073;R-HSA-381612"
R-HSA-73894,"DNA Repair",1,414,0.025475355362746907,0.9993766264739727,0.9993766264739727,5,350,0.021753993411647708,9606,Homo sapiens,"CHEK2","","R-HSA-5683735;R-HSA-69891;R-HSA-5683792;R-HSA-5683774;R-HSA-5683801"
R-HSA-373076,"Class A/1 (Rhodopsin-like receptors)",1,415,0.02553689003753615,0.9993877832702698,0.9993877832702698,1,187,0.01162284790850892,9606,Homo sapiens,"CCL16","","R-HSA-373073"
R-HSA-8953854,"Metabolism of RNA",4,863,0.053104424343117344,0.9998621960100716,0.9998621960100716,24,244,0.015165641121262974,9606,Homo sapiens,"NUP210;PPP2R1A;TRMT11;UTP18","","R-HSA-6786501;R-HSA-159046;R-HSA-159050;R-HSA-927813;R-HSA-158441;R-HSA-158447;R-HSA-111439;R-HSA-6791222;R-HSA-77587;R-HSA-927836;R-HSA-6791221;R-HSA-191825;R-HSA-158481;R-HSA-191830;R-HSA-158484;R-HSA-75097;R-HSA-927830;R-HSA-75096;R-HSA-75098;R-HSA-77594;R-HSA-6791228;R-HSA-6783483;R-HSA-6791227;R-HSA-6790906"
R-HSA-9709957,"Sensory Perception",3,1252,0.07704141283613317,0.9999999659713773,0.9999999659713773,15,138,0.00857728883087824,9606,Homo sapiens,"SDC1;KCNQ4;GNB3","","R-HSA-9717205;R-HSA-9717206;R-HSA-9728752;R-HSA-9717202;R-HSA-9728723;R-HSA-2404131;R-HSA-9717182;R-HSA-9728697;R-HSA-9728729;R-HSA-2423785;R-HSA-2429643;R-HSA-9659554;R-HSA-9728748;R-HSA-9717193;R-HSA-9728747"
